[0.100s] DEBUG:colcon:Command line arguments: ['/usr/bin/colcon', 'build', '--symlink-install']
[0.101s] DEBUG:colcon:Parsed command line arguments: Namespace(allow_overriding=[], ament_cmake_args=None, base_paths=['.'], build_base='build', catkin_cmake_args=None, catkin_skip_building_tests=False, cmake_args=None, cmake_clean_cache=False, cmake_clean_first=False, cmake_force_configure=False, cmake_target=None, cmake_target_skip_unavailable=False, continue_on_error=False, event_handlers=None, executor='parallel', ignore_user_meta=False, install_base='install', log_base=None, log_level=None, main=<bound method BuildVerb.main of <colcon_core.verb.build.BuildVerb object at 0x7f063ede2310>>, merge_install=False, metas=['./colcon.meta'], packages_above=None, packages_above_and_dependencies=None, packages_above_depth=None, packages_end=None, packages_ignore=None, packages_ignore_regex=None, packages_select=None, packages_select_build_failed=False, packages_select_by_dep=None, packages_select_regex=None, packages_select_test_failures=False, packages_skip=None, packages_skip_build_finished=False, packages_skip_by_dep=None, packages_skip_regex=None, packages_skip_test_passed=False, packages_skip_up_to=None, packages_start=None, packages_up_to=None, packages_up_to_regex=None, parallel_workers=20, paths=None, symlink_install=True, test_result_base=None, verb_extension=<colcon_core.verb.build.BuildVerb object at 0x7f063ede2310>, verb_name='build', verb_parser=<colcon_defaults.argument_parser.defaults.DefaultArgumentsDecorator object at 0x7f063edef040>)
[0.166s] Level 1:colcon.colcon_core.package_discovery:discover_packages(colcon_meta) check parameters
[0.166s] Level 1:colcon.colcon_core.package_discovery:discover_packages(recursive) check parameters
[0.166s] Level 1:colcon.colcon_core.package_discovery:discover_packages(ignore) check parameters
[0.166s] Level 1:colcon.colcon_core.package_discovery:discover_packages(path) check parameters
[0.166s] Level 1:colcon.colcon_core.package_discovery:discover_packages(colcon_meta) discover
[0.166s] Level 1:colcon.colcon_core.package_discovery:discover_packages(recursive) discover
[0.166s] INFO:colcon.colcon_core.package_discovery:Crawling recursively for packages in '/home/suxin/English_Path/test111/autonomous_navigation_environment_ego'
[0.166s] Level 1:colcon.colcon_core.package_identification:_identify(.) by extensions ['ignore', 'ignore_ament_install']
[0.166s] Level 1:colcon.colcon_core.package_identification:_identify(.) by extension 'ignore'
[0.166s] Level 1:colcon.colcon_core.package_identification:_identify(.) by extension 'ignore_ament_install'
[0.166s] Level 1:colcon.colcon_core.package_identification:_identify(.) by extensions ['colcon_pkg']
[0.166s] Level 1:colcon.colcon_core.package_identification:_identify(.) by extension 'colcon_pkg'
[0.166s] Level 1:colcon.colcon_core.package_identification:_identify(.) by extensions ['colcon_meta']
[0.166s] Level 1:colcon.colcon_core.package_identification:_identify(.) by extension 'colcon_meta'
[0.166s] Level 1:colcon.colcon_core.package_identification:_identify(.) by extensions ['ros']
[0.166s] Level 1:colcon.colcon_core.package_identification:_identify(.) by extension 'ros'
[0.172s] Level 1:colcon.colcon_core.package_identification:_identify(.) by extensions ['cmake', 'python']
[0.172s] Level 1:colcon.colcon_core.package_identification:_identify(.) by extension 'cmake'
[0.172s] Level 1:colcon.colcon_core.package_identification:_identify(.) by extension 'python'
[0.172s] Level 1:colcon.colcon_core.package_identification:_identify(.) by extensions ['python_setup_py']
[0.172s] Level 1:colcon.colcon_core.package_identification:_identify(.) by extension 'python_setup_py'
[0.172s] Level 1:colcon.colcon_core.package_identification:_identify(build) by extensions ['ignore', 'ignore_ament_install']
[0.172s] Level 1:colcon.colcon_core.package_identification:_identify(build) by extension 'ignore'
[0.172s] Level 1:colcon.colcon_core.package_identification:_identify(build) ignored
[0.172s] Level 1:colcon.colcon_core.package_identification:_identify(install) by extensions ['ignore', 'ignore_ament_install']
[0.172s] Level 1:colcon.colcon_core.package_identification:_identify(install) by extension 'ignore'
[0.172s] Level 1:colcon.colcon_core.package_identification:_identify(install) ignored
[0.172s] Level 1:colcon.colcon_core.package_identification:_identify(log) by extensions ['ignore', 'ignore_ament_install']
[0.172s] Level 1:colcon.colcon_core.package_identification:_identify(log) by extension 'ignore'
[0.172s] Level 1:colcon.colcon_core.package_identification:_identify(log) ignored
[0.172s] Level 1:colcon.colcon_core.package_identification:_identify(src) by extensions ['ignore', 'ignore_ament_install']
[0.172s] Level 1:colcon.colcon_core.package_identification:_identify(src) by extension 'ignore'
[0.172s] Level 1:colcon.colcon_core.package_identification:_identify(src) by extension 'ignore_ament_install'
[0.172s] Level 1:colcon.colcon_core.package_identification:_identify(src) by extensions ['colcon_pkg']
[0.172s] Level 1:colcon.colcon_core.package_identification:_identify(src) by extension 'colcon_pkg'
[0.172s] Level 1:colcon.colcon_core.package_identification:_identify(src) by extensions ['colcon_meta']
[0.172s] Level 1:colcon.colcon_core.package_identification:_identify(src) by extension 'colcon_meta'
[0.173s] Level 1:colcon.colcon_core.package_identification:_identify(src) by extensions ['ros']
[0.173s] Level 1:colcon.colcon_core.package_identification:_identify(src) by extension 'ros'
[0.173s] Level 1:colcon.colcon_core.package_identification:_identify(src) by extensions ['cmake', 'python']
[0.173s] Level 1:colcon.colcon_core.package_identification:_identify(src) by extension 'cmake'
[0.173s] Level 1:colcon.colcon_core.package_identification:_identify(src) by extension 'python'
[0.173s] Level 1:colcon.colcon_core.package_identification:_identify(src) by extensions ['python_setup_py']
[0.173s] Level 1:colcon.colcon_core.package_identification:_identify(src) by extension 'python_setup_py'
[0.173s] Level 1:colcon.colcon_core.package_identification:_identify(src/ego_planner_ros2) by extensions ['ignore', 'ignore_ament_install']
[0.173s] Level 1:colcon.colcon_core.package_identification:_identify(src/ego_planner_ros2) by extension 'ignore'
[0.173s] Level 1:colcon.colcon_core.package_identification:_identify(src/ego_planner_ros2) by extension 'ignore_ament_install'
[0.173s] Level 1:colcon.colcon_core.package_identification:_identify(src/ego_planner_ros2) by extensions ['colcon_pkg']
[0.173s] Level 1:colcon.colcon_core.package_identification:_identify(src/ego_planner_ros2) by extension 'colcon_pkg'
[0.173s] Level 1:colcon.colcon_core.package_identification:_identify(src/ego_planner_ros2) by extensions ['colcon_meta']
[0.173s] Level 1:colcon.colcon_core.package_identification:_identify(src/ego_planner_ros2) by extension 'colcon_meta'
[0.173s] Level 1:colcon.colcon_core.package_identification:_identify(src/ego_planner_ros2) by extensions ['ros']
[0.173s] Level 1:colcon.colcon_core.package_identification:_identify(src/ego_planner_ros2) by extension 'ros'
[0.173s] Level 1:colcon.colcon_core.package_identification:_identify(src/ego_planner_ros2) by extensions ['cmake', 'python']
[0.173s] Level 1:colcon.colcon_core.package_identification:_identify(src/ego_planner_ros2) by extension 'cmake'
[0.173s] Level 1:colcon.colcon_core.package_identification:_identify(src/ego_planner_ros2) by extension 'python'
[0.173s] Level 1:colcon.colcon_core.package_identification:_identify(src/ego_planner_ros2) by extensions ['python_setup_py']
[0.173s] Level 1:colcon.colcon_core.package_identification:_identify(src/ego_planner_ros2) by extension 'python_setup_py'
[0.173s] Level 1:colcon.colcon_core.package_identification:_identify(src/ego_planner_ros2/src) by extensions ['ignore', 'ignore_ament_install']
[0.173s] Level 1:colcon.colcon_core.package_identification:_identify(src/ego_planner_ros2/src) by extension 'ignore'
[0.173s] Level 1:colcon.colcon_core.package_identification:_identify(src/ego_planner_ros2/src) by extension 'ignore_ament_install'
[0.173s] Level 1:colcon.colcon_core.package_identification:_identify(src/ego_planner_ros2/src) by extensions ['colcon_pkg']
[0.173s] Level 1:colcon.colcon_core.package_identification:_identify(src/ego_planner_ros2/src) by extension 'colcon_pkg'
[0.173s] Level 1:colcon.colcon_core.package_identification:_identify(src/ego_planner_ros2/src) by extensions ['colcon_meta']
[0.173s] Level 1:colcon.colcon_core.package_identification:_identify(src/ego_planner_ros2/src) by extension 'colcon_meta'
[0.173s] Level 1:colcon.colcon_core.package_identification:_identify(src/ego_planner_ros2/src) by extensions ['ros']
[0.173s] Level 1:colcon.colcon_core.package_identification:_identify(src/ego_planner_ros2/src) by extension 'ros'
[0.173s] Level 1:colcon.colcon_core.package_identification:_identify(src/ego_planner_ros2/src) by extensions ['cmake', 'python']
[0.173s] Level 1:colcon.colcon_core.package_identification:_identify(src/ego_planner_ros2/src) by extension 'cmake'
[0.174s] Level 1:colcon.colcon_core.package_identification:_identify(src/ego_planner_ros2/src) by extension 'python'
[0.174s] Level 1:colcon.colcon_core.package_identification:_identify(src/ego_planner_ros2/src) by extensions ['python_setup_py']
[0.174s] Level 1:colcon.colcon_core.package_identification:_identify(src/ego_planner_ros2/src) by extension 'python_setup_py'
[0.174s] Level 1:colcon.colcon_core.package_identification:_identify(src/ego_planner_ros2/src/planner) by extensions ['ignore', 'ignore_ament_install']
[0.174s] Level 1:colcon.colcon_core.package_identification:_identify(src/ego_planner_ros2/src/planner) by extension 'ignore'
[0.174s] Level 1:colcon.colcon_core.package_identification:_identify(src/ego_planner_ros2/src/planner) by extension 'ignore_ament_install'
[0.174s] Level 1:colcon.colcon_core.package_identification:_identify(src/ego_planner_ros2/src/planner) by extensions ['colcon_pkg']
[0.174s] Level 1:colcon.colcon_core.package_identification:_identify(src/ego_planner_ros2/src/planner) by extension 'colcon_pkg'
[0.174s] Level 1:colcon.colcon_core.package_identification:_identify(src/ego_planner_ros2/src/planner) by extensions ['colcon_meta']
[0.174s] Level 1:colcon.colcon_core.package_identification:_identify(src/ego_planner_ros2/src/planner) by extension 'colcon_meta'
[0.174s] Level 1:colcon.colcon_core.package_identification:_identify(src/ego_planner_ros2/src/planner) by extensions ['ros']
[0.174s] Level 1:colcon.colcon_core.package_identification:_identify(src/ego_planner_ros2/src/planner) by extension 'ros'
[0.174s] Level 1:colcon.colcon_core.package_identification:_identify(src/ego_planner_ros2/src/planner) by extensions ['cmake', 'python']
[0.174s] Level 1:colcon.colcon_core.package_identification:_identify(src/ego_planner_ros2/src/planner) by extension 'cmake'
[0.174s] Level 1:colcon.colcon_core.package_identification:_identify(src/ego_planner_ros2/src/planner) by extension 'python'
[0.174s] Level 1:colcon.colcon_core.package_identification:_identify(src/ego_planner_ros2/src/planner) by extensions ['python_setup_py']
[0.174s] Level 1:colcon.colcon_core.package_identification:_identify(src/ego_planner_ros2/src/planner) by extension 'python_setup_py'
[0.174s] Level 1:colcon.colcon_core.package_identification:_identify(src/ego_planner_ros2/src/planner/bridge_test) by extensions ['ignore', 'ignore_ament_install']
[0.174s] Level 1:colcon.colcon_core.package_identification:_identify(src/ego_planner_ros2/src/planner/bridge_test) by extension 'ignore'
[0.174s] Level 1:colcon.colcon_core.package_identification:_identify(src/ego_planner_ros2/src/planner/bridge_test) by extension 'ignore_ament_install'
[0.174s] Level 1:colcon.colcon_core.package_identification:_identify(src/ego_planner_ros2/src/planner/bridge_test) by extensions ['colcon_pkg']
[0.174s] Level 1:colcon.colcon_core.package_identification:_identify(src/ego_planner_ros2/src/planner/bridge_test) by extension 'colcon_pkg'
[0.174s] Level 1:colcon.colcon_core.package_identification:_identify(src/ego_planner_ros2/src/planner/bridge_test) by extensions ['colcon_meta']
[0.174s] Level 1:colcon.colcon_core.package_identification:_identify(src/ego_planner_ros2/src/planner/bridge_test) by extension 'colcon_meta'
[0.174s] Level 1:colcon.colcon_core.package_identification:_identify(src/ego_planner_ros2/src/planner/bridge_test) by extensions ['ros']
[0.174s] Level 1:colcon.colcon_core.package_identification:_identify(src/ego_planner_ros2/src/planner/bridge_test) by extension 'ros'
[0.176s] DEBUG:colcon.colcon_core.package_identification:Package 'src/ego_planner_ros2/src/planner/bridge_test' with type 'ros.ament_cmake' and name 'bridge_test'
[0.176s] Level 1:colcon.colcon_core.package_identification:_identify(src/ego_planner_ros2/src/planner/bspline_opt) by extensions ['ignore', 'ignore_ament_install']
[0.176s] Level 1:colcon.colcon_core.package_identification:_identify(src/ego_planner_ros2/src/planner/bspline_opt) by extension 'ignore'
[0.176s] Level 1:colcon.colcon_core.package_identification:_identify(src/ego_planner_ros2/src/planner/bspline_opt) by extension 'ignore_ament_install'
[0.176s] Level 1:colcon.colcon_core.package_identification:_identify(src/ego_planner_ros2/src/planner/bspline_opt) by extensions ['colcon_pkg']
[0.176s] Level 1:colcon.colcon_core.package_identification:_identify(src/ego_planner_ros2/src/planner/bspline_opt) by extension 'colcon_pkg'
[0.176s] Level 1:colcon.colcon_core.package_identification:_identify(src/ego_planner_ros2/src/planner/bspline_opt) by extensions ['colcon_meta']
[0.176s] Level 1:colcon.colcon_core.package_identification:_identify(src/ego_planner_ros2/src/planner/bspline_opt) by extension 'colcon_meta'
[0.176s] Level 1:colcon.colcon_core.package_identification:_identify(src/ego_planner_ros2/src/planner/bspline_opt) by extensions ['ros']
[0.176s] Level 1:colcon.colcon_core.package_identification:_identify(src/ego_planner_ros2/src/planner/bspline_opt) by extension 'ros'
[0.177s] DEBUG:colcon.colcon_core.package_identification:Package 'src/ego_planner_ros2/src/planner/bspline_opt' with type 'ros.ament_cmake' and name 'bspline_opt'
[0.177s] Level 1:colcon.colcon_core.package_identification:_identify(src/ego_planner_ros2/src/planner/new) by extensions ['ignore', 'ignore_ament_install']
[0.177s] Level 1:colcon.colcon_core.package_identification:_identify(src/ego_planner_ros2/src/planner/new) by extension 'ignore'
[0.177s] Level 1:colcon.colcon_core.package_identification:_identify(src/ego_planner_ros2/src/planner/new) by extension 'ignore_ament_install'
[0.177s] Level 1:colcon.colcon_core.package_identification:_identify(src/ego_planner_ros2/src/planner/new) by extensions ['colcon_pkg']
[0.177s] Level 1:colcon.colcon_core.package_identification:_identify(src/ego_planner_ros2/src/planner/new) by extension 'colcon_pkg'
[0.177s] Level 1:colcon.colcon_core.package_identification:_identify(src/ego_planner_ros2/src/planner/new) by extensions ['colcon_meta']
[0.177s] Level 1:colcon.colcon_core.package_identification:_identify(src/ego_planner_ros2/src/planner/new) by extension 'colcon_meta'
[0.177s] Level 1:colcon.colcon_core.package_identification:_identify(src/ego_planner_ros2/src/planner/new) by extensions ['ros']
[0.177s] Level 1:colcon.colcon_core.package_identification:_identify(src/ego_planner_ros2/src/planner/new) by extension 'ros'
[0.177s] DEBUG:colcon.colcon_core.package_identification:Package 'src/ego_planner_ros2/src/planner/new' with type 'ros.ament_cmake' and name 'new'
[0.177s] Level 1:colcon.colcon_core.package_identification:_identify(src/ego_planner_ros2/src/planner/path_searching) by extensions ['ignore', 'ignore_ament_install']
[0.178s] Level 1:colcon.colcon_core.package_identification:_identify(src/ego_planner_ros2/src/planner/path_searching) by extension 'ignore'
[0.178s] Level 1:colcon.colcon_core.package_identification:_identify(src/ego_planner_ros2/src/planner/path_searching) by extension 'ignore_ament_install'
[0.178s] Level 1:colcon.colcon_core.package_identification:_identify(src/ego_planner_ros2/src/planner/path_searching) by extensions ['colcon_pkg']
[0.178s] Level 1:colcon.colcon_core.package_identification:_identify(src/ego_planner_ros2/src/planner/path_searching) by extension 'colcon_pkg'
[0.178s] Level 1:colcon.colcon_core.package_identification:_identify(src/ego_planner_ros2/src/planner/path_searching) by extensions ['colcon_meta']
[0.178s] Level 1:colcon.colcon_core.package_identification:_identify(src/ego_planner_ros2/src/planner/path_searching) by extension 'colcon_meta'
[0.178s] Level 1:colcon.colcon_core.package_identification:_identify(src/ego_planner_ros2/src/planner/path_searching) by extensions ['ros']
[0.178s] Level 1:colcon.colcon_core.package_identification:_identify(src/ego_planner_ros2/src/planner/path_searching) by extension 'ros'
[0.178s] DEBUG:colcon.colcon_core.package_identification:Package 'src/ego_planner_ros2/src/planner/path_searching' with type 'ros.catkin' and name 'path_searching'
[0.178s] Level 1:colcon.colcon_core.package_identification:_identify(src/ego_planner_ros2/src/planner/plan_env) by extensions ['ignore', 'ignore_ament_install']
[0.178s] Level 1:colcon.colcon_core.package_identification:_identify(src/ego_planner_ros2/src/planner/plan_env) by extension 'ignore'
[0.178s] Level 1:colcon.colcon_core.package_identification:_identify(src/ego_planner_ros2/src/planner/plan_env) by extension 'ignore_ament_install'
[0.178s] Level 1:colcon.colcon_core.package_identification:_identify(src/ego_planner_ros2/src/planner/plan_env) by extensions ['colcon_pkg']
[0.178s] Level 1:colcon.colcon_core.package_identification:_identify(src/ego_planner_ros2/src/planner/plan_env) by extension 'colcon_pkg'
[0.178s] Level 1:colcon.colcon_core.package_identification:_identify(src/ego_planner_ros2/src/planner/plan_env) by extensions ['colcon_meta']
[0.178s] Level 1:colcon.colcon_core.package_identification:_identify(src/ego_planner_ros2/src/planner/plan_env) by extension 'colcon_meta'
[0.178s] Level 1:colcon.colcon_core.package_identification:_identify(src/ego_planner_ros2/src/planner/plan_env) by extensions ['ros']
[0.178s] Level 1:colcon.colcon_core.package_identification:_identify(src/ego_planner_ros2/src/planner/plan_env) by extension 'ros'
[0.179s] DEBUG:colcon.colcon_core.package_identification:Package 'src/ego_planner_ros2/src/planner/plan_env' with type 'ros.ament_cmake' and name 'plan_env'
[0.179s] Level 1:colcon.colcon_core.package_identification:_identify(src/ego_planner_ros2/src/planner/plan_manage) by extensions ['ignore', 'ignore_ament_install']
[0.179s] Level 1:colcon.colcon_core.package_identification:_identify(src/ego_planner_ros2/src/planner/plan_manage) by extension 'ignore'
[0.179s] Level 1:colcon.colcon_core.package_identification:_identify(src/ego_planner_ros2/src/planner/plan_manage) by extension 'ignore_ament_install'
[0.179s] Level 1:colcon.colcon_core.package_identification:_identify(src/ego_planner_ros2/src/planner/plan_manage) by extensions ['colcon_pkg']
[0.179s] Level 1:colcon.colcon_core.package_identification:_identify(src/ego_planner_ros2/src/planner/plan_manage) by extension 'colcon_pkg'
[0.179s] Level 1:colcon.colcon_core.package_identification:_identify(src/ego_planner_ros2/src/planner/plan_manage) by extensions ['colcon_meta']
[0.179s] Level 1:colcon.colcon_core.package_identification:_identify(src/ego_planner_ros2/src/planner/plan_manage) by extension 'colcon_meta'
[0.179s] Level 1:colcon.colcon_core.package_identification:_identify(src/ego_planner_ros2/src/planner/plan_manage) by extensions ['ros']
[0.179s] Level 1:colcon.colcon_core.package_identification:_identify(src/ego_planner_ros2/src/planner/plan_manage) by extension 'ros'
[0.180s] DEBUG:colcon.colcon_core.package_identification:Package 'src/ego_planner_ros2/src/planner/plan_manage' with type 'ros.ament_cmake' and name 'ego_planner'
[0.180s] Level 1:colcon.colcon_core.package_identification:_identify(src/ego_planner_ros2/src/planner/traj_utils_so) by extensions ['ignore', 'ignore_ament_install']
[0.180s] Level 1:colcon.colcon_core.package_identification:_identify(src/ego_planner_ros2/src/planner/traj_utils_so) by extension 'ignore'
[0.180s] Level 1:colcon.colcon_core.package_identification:_identify(src/ego_planner_ros2/src/planner/traj_utils_so) by extension 'ignore_ament_install'
[0.180s] Level 1:colcon.colcon_core.package_identification:_identify(src/ego_planner_ros2/src/planner/traj_utils_so) by extensions ['colcon_pkg']
[0.180s] Level 1:colcon.colcon_core.package_identification:_identify(src/ego_planner_ros2/src/planner/traj_utils_so) by extension 'colcon_pkg'
[0.180s] Level 1:colcon.colcon_core.package_identification:_identify(src/ego_planner_ros2/src/planner/traj_utils_so) by extensions ['colcon_meta']
[0.180s] Level 1:colcon.colcon_core.package_identification:_identify(src/ego_planner_ros2/src/planner/traj_utils_so) by extension 'colcon_meta'
[0.180s] Level 1:colcon.colcon_core.package_identification:_identify(src/ego_planner_ros2/src/planner/traj_utils_so) by extensions ['ros']
[0.180s] Level 1:colcon.colcon_core.package_identification:_identify(src/ego_planner_ros2/src/planner/traj_utils_so) by extension 'ros'
[0.180s] DEBUG:colcon.colcon_core.package_identification:Package 'src/ego_planner_ros2/src/planner/traj_utils_so' with type 'ros.ament_cmake' and name 'traj_utils_so'
[0.181s] Level 1:colcon.colcon_core.package_identification:_identify(src/ego_planner_ros2/src/planner/traj_utils_z) by extensions ['ignore', 'ignore_ament_install']
[0.181s] Level 1:colcon.colcon_core.package_identification:_identify(src/ego_planner_ros2/src/planner/traj_utils_z) by extension 'ignore'
[0.181s] Level 1:colcon.colcon_core.package_identification:_identify(src/ego_planner_ros2/src/planner/traj_utils_z) by extension 'ignore_ament_install'
[0.181s] Level 1:colcon.colcon_core.package_identification:_identify(src/ego_planner_ros2/src/planner/traj_utils_z) by extensions ['colcon_pkg']
[0.181s] Level 1:colcon.colcon_core.package_identification:_identify(src/ego_planner_ros2/src/planner/traj_utils_z) by extension 'colcon_pkg'
[0.181s] Level 1:colcon.colcon_core.package_identification:_identify(src/ego_planner_ros2/src/planner/traj_utils_z) by extensions ['colcon_meta']
[0.181s] Level 1:colcon.colcon_core.package_identification:_identify(src/ego_planner_ros2/src/planner/traj_utils_z) by extension 'colcon_meta'
[0.181s] Level 1:colcon.colcon_core.package_identification:_identify(src/ego_planner_ros2/src/planner/traj_utils_z) by extensions ['ros']
[0.181s] Level 1:colcon.colcon_core.package_identification:_identify(src/ego_planner_ros2/src/planner/traj_utils_z) by extension 'ros'
[0.181s] DEBUG:colcon.colcon_core.package_identification:Package 'src/ego_planner_ros2/src/planner/traj_utils_z' with type 'ros.ament_cmake' and name 'traj_utils'
[0.182s] Level 1:colcon.colcon_core.package_identification:_identify(src/ego_planner_ros2/src/uav_simulator) by extensions ['ignore', 'ignore_ament_install']
[0.182s] Level 1:colcon.colcon_core.package_identification:_identify(src/ego_planner_ros2/src/uav_simulator) by extension 'ignore'
[0.182s] Level 1:colcon.colcon_core.package_identification:_identify(src/ego_planner_ros2/src/uav_simulator) by extension 'ignore_ament_install'
[0.182s] Level 1:colcon.colcon_core.package_identification:_identify(src/ego_planner_ros2/src/uav_simulator) by extensions ['colcon_pkg']
[0.182s] Level 1:colcon.colcon_core.package_identification:_identify(src/ego_planner_ros2/src/uav_simulator) by extension 'colcon_pkg'
[0.182s] Level 1:colcon.colcon_core.package_identification:_identify(src/ego_planner_ros2/src/uav_simulator) by extensions ['colcon_meta']
[0.182s] Level 1:colcon.colcon_core.package_identification:_identify(src/ego_planner_ros2/src/uav_simulator) by extension 'colcon_meta'
[0.182s] Level 1:colcon.colcon_core.package_identification:_identify(src/ego_planner_ros2/src/uav_simulator) by extensions ['ros']
[0.182s] Level 1:colcon.colcon_core.package_identification:_identify(src/ego_planner_ros2/src/uav_simulator) by extension 'ros'
[0.182s] Level 1:colcon.colcon_core.package_identification:_identify(src/ego_planner_ros2/src/uav_simulator) by extensions ['cmake', 'python']
[0.182s] Level 1:colcon.colcon_core.package_identification:_identify(src/ego_planner_ros2/src/uav_simulator) by extension 'cmake'
[0.182s] Level 1:colcon.colcon_core.package_identification:_identify(src/ego_planner_ros2/src/uav_simulator) by extension 'python'
[0.182s] Level 1:colcon.colcon_core.package_identification:_identify(src/ego_planner_ros2/src/uav_simulator) by extensions ['python_setup_py']
[0.182s] Level 1:colcon.colcon_core.package_identification:_identify(src/ego_planner_ros2/src/uav_simulator) by extension 'python_setup_py'
[0.182s] Level 1:colcon.colcon_core.package_identification:_identify(src/ego_planner_ros2/src/uav_simulator/Utils) by extensions ['ignore', 'ignore_ament_install']
[0.182s] Level 1:colcon.colcon_core.package_identification:_identify(src/ego_planner_ros2/src/uav_simulator/Utils) by extension 'ignore'
[0.182s] Level 1:colcon.colcon_core.package_identification:_identify(src/ego_planner_ros2/src/uav_simulator/Utils) by extension 'ignore_ament_install'
[0.182s] Level 1:colcon.colcon_core.package_identification:_identify(src/ego_planner_ros2/src/uav_simulator/Utils) by extensions ['colcon_pkg']
[0.182s] Level 1:colcon.colcon_core.package_identification:_identify(src/ego_planner_ros2/src/uav_simulator/Utils) by extension 'colcon_pkg'
[0.182s] Level 1:colcon.colcon_core.package_identification:_identify(src/ego_planner_ros2/src/uav_simulator/Utils) by extensions ['colcon_meta']
[0.182s] Level 1:colcon.colcon_core.package_identification:_identify(src/ego_planner_ros2/src/uav_simulator/Utils) by extension 'colcon_meta'
[0.182s] Level 1:colcon.colcon_core.package_identification:_identify(src/ego_planner_ros2/src/uav_simulator/Utils) by extensions ['ros']
[0.182s] Level 1:colcon.colcon_core.package_identification:_identify(src/ego_planner_ros2/src/uav_simulator/Utils) by extension 'ros'
[0.182s] Level 1:colcon.colcon_core.package_identification:_identify(src/ego_planner_ros2/src/uav_simulator/Utils) by extensions ['cmake', 'python']
[0.182s] Level 1:colcon.colcon_core.package_identification:_identify(src/ego_planner_ros2/src/uav_simulator/Utils) by extension 'cmake'
[0.182s] Level 1:colcon.colcon_core.package_identification:_identify(src/ego_planner_ros2/src/uav_simulator/Utils) by extension 'python'
[0.182s] Level 1:colcon.colcon_core.package_identification:_identify(src/ego_planner_ros2/src/uav_simulator/Utils) by extensions ['python_setup_py']
[0.182s] Level 1:colcon.colcon_core.package_identification:_identify(src/ego_planner_ros2/src/uav_simulator/Utils) by extension 'python_setup_py'
[0.183s] Level 1:colcon.colcon_core.package_identification:_identify(src/ego_planner_ros2/src/uav_simulator/Utils/odom_visualization) by extensions ['ignore', 'ignore_ament_install']
[0.183s] Level 1:colcon.colcon_core.package_identification:_identify(src/ego_planner_ros2/src/uav_simulator/Utils/odom_visualization) by extension 'ignore'
[0.183s] Level 1:colcon.colcon_core.package_identification:_identify(src/ego_planner_ros2/src/uav_simulator/Utils/odom_visualization) by extension 'ignore_ament_install'
[0.183s] Level 1:colcon.colcon_core.package_identification:_identify(src/ego_planner_ros2/src/uav_simulator/Utils/odom_visualization) by extensions ['colcon_pkg']
[0.183s] Level 1:colcon.colcon_core.package_identification:_identify(src/ego_planner_ros2/src/uav_simulator/Utils/odom_visualization) by extension 'colcon_pkg'
[0.183s] Level 1:colcon.colcon_core.package_identification:_identify(src/ego_planner_ros2/src/uav_simulator/Utils/odom_visualization) by extensions ['colcon_meta']
[0.183s] Level 1:colcon.colcon_core.package_identification:_identify(src/ego_planner_ros2/src/uav_simulator/Utils/odom_visualization) by extension 'colcon_meta'
[0.183s] Level 1:colcon.colcon_core.package_identification:_identify(src/ego_planner_ros2/src/uav_simulator/Utils/odom_visualization) by extensions ['ros']
[0.183s] Level 1:colcon.colcon_core.package_identification:_identify(src/ego_planner_ros2/src/uav_simulator/Utils/odom_visualization) by extension 'ros'
[0.183s] DEBUG:colcon.colcon_core.package_identification:Package 'src/ego_planner_ros2/src/uav_simulator/Utils/odom_visualization' with type 'ros.ament_cmake' and name 'odom_visualization'
[0.183s] Level 1:colcon.colcon_core.package_identification:_identify(src/ego_planner_ros2/src/uav_simulator/Utils/pose_utils) by extensions ['ignore', 'ignore_ament_install']
[0.183s] Level 1:colcon.colcon_core.package_identification:_identify(src/ego_planner_ros2/src/uav_simulator/Utils/pose_utils) by extension 'ignore'
[0.183s] Level 1:colcon.colcon_core.package_identification:_identify(src/ego_planner_ros2/src/uav_simulator/Utils/pose_utils) by extension 'ignore_ament_install'
[0.183s] Level 1:colcon.colcon_core.package_identification:_identify(src/ego_planner_ros2/src/uav_simulator/Utils/pose_utils) by extensions ['colcon_pkg']
[0.184s] Level 1:colcon.colcon_core.package_identification:_identify(src/ego_planner_ros2/src/uav_simulator/Utils/pose_utils) by extension 'colcon_pkg'
[0.184s] Level 1:colcon.colcon_core.package_identification:_identify(src/ego_planner_ros2/src/uav_simulator/Utils/pose_utils) by extensions ['colcon_meta']
[0.184s] Level 1:colcon.colcon_core.package_identification:_identify(src/ego_planner_ros2/src/uav_simulator/Utils/pose_utils) by extension 'colcon_meta'
[0.184s] Level 1:colcon.colcon_core.package_identification:_identify(src/ego_planner_ros2/src/uav_simulator/Utils/pose_utils) by extensions ['ros']
[0.184s] Level 1:colcon.colcon_core.package_identification:_identify(src/ego_planner_ros2/src/uav_simulator/Utils/pose_utils) by extension 'ros'
[0.184s] DEBUG:colcon.colcon_core.package_identification:Package 'src/ego_planner_ros2/src/uav_simulator/Utils/pose_utils' with type 'ros.ament_cmake' and name 'pose_utils'
[0.184s] Level 1:colcon.colcon_core.package_identification:_identify(src/ego_planner_ros2/src/uav_simulator/Utils/quadrotor_msgs) by extensions ['ignore', 'ignore_ament_install']
[0.184s] Level 1:colcon.colcon_core.package_identification:_identify(src/ego_planner_ros2/src/uav_simulator/Utils/quadrotor_msgs) by extension 'ignore'
[0.184s] Level 1:colcon.colcon_core.package_identification:_identify(src/ego_planner_ros2/src/uav_simulator/Utils/quadrotor_msgs) by extension 'ignore_ament_install'
[0.184s] Level 1:colcon.colcon_core.package_identification:_identify(src/ego_planner_ros2/src/uav_simulator/Utils/quadrotor_msgs) by extensions ['colcon_pkg']
[0.184s] Level 1:colcon.colcon_core.package_identification:_identify(src/ego_planner_ros2/src/uav_simulator/Utils/quadrotor_msgs) by extension 'colcon_pkg'
[0.184s] Level 1:colcon.colcon_core.package_identification:_identify(src/ego_planner_ros2/src/uav_simulator/Utils/quadrotor_msgs) by extensions ['colcon_meta']
[0.184s] Level 1:colcon.colcon_core.package_identification:_identify(src/ego_planner_ros2/src/uav_simulator/Utils/quadrotor_msgs) by extension 'colcon_meta'
[0.184s] Level 1:colcon.colcon_core.package_identification:_identify(src/ego_planner_ros2/src/uav_simulator/Utils/quadrotor_msgs) by extensions ['ros']
[0.184s] Level 1:colcon.colcon_core.package_identification:_identify(src/ego_planner_ros2/src/uav_simulator/Utils/quadrotor_msgs) by extension 'ros'
[0.185s] DEBUG:colcon.colcon_core.package_identification:Package 'src/ego_planner_ros2/src/uav_simulator/Utils/quadrotor_msgs' with type 'ros.ament_cmake' and name 'quadrotor_msgs'
[0.185s] Level 1:colcon.colcon_core.package_identification:_identify(src/ego_planner_ros2/src/uav_simulator/fake_drone) by extensions ['ignore', 'ignore_ament_install']
[0.185s] Level 1:colcon.colcon_core.package_identification:_identify(src/ego_planner_ros2/src/uav_simulator/fake_drone) by extension 'ignore'
[0.185s] Level 1:colcon.colcon_core.package_identification:_identify(src/ego_planner_ros2/src/uav_simulator/fake_drone) by extension 'ignore_ament_install'
[0.185s] Level 1:colcon.colcon_core.package_identification:_identify(src/ego_planner_ros2/src/uav_simulator/fake_drone) by extensions ['colcon_pkg']
[0.185s] Level 1:colcon.colcon_core.package_identification:_identify(src/ego_planner_ros2/src/uav_simulator/fake_drone) by extension 'colcon_pkg'
[0.185s] Level 1:colcon.colcon_core.package_identification:_identify(src/ego_planner_ros2/src/uav_simulator/fake_drone) by extensions ['colcon_meta']
[0.185s] Level 1:colcon.colcon_core.package_identification:_identify(src/ego_planner_ros2/src/uav_simulator/fake_drone) by extension 'colcon_meta'
[0.185s] Level 1:colcon.colcon_core.package_identification:_identify(src/ego_planner_ros2/src/uav_simulator/fake_drone) by extensions ['ros']
[0.185s] Level 1:colcon.colcon_core.package_identification:_identify(src/ego_planner_ros2/src/uav_simulator/fake_drone) by extension 'ros'
[0.186s] DEBUG:colcon.colcon_core.package_identification:Package 'src/ego_planner_ros2/src/uav_simulator/fake_drone' with type 'ros.ament_cmake' and name 'poscmd_2_odom'
[0.186s] Level 1:colcon.colcon_core.package_identification:_identify(src/ego_planner_ros2/src/uav_simulator/local_pcl_map_provider) by extensions ['ignore', 'ignore_ament_install']
[0.186s] Level 1:colcon.colcon_core.package_identification:_identify(src/ego_planner_ros2/src/uav_simulator/local_pcl_map_provider) by extension 'ignore'
[0.186s] Level 1:colcon.colcon_core.package_identification:_identify(src/ego_planner_ros2/src/uav_simulator/local_pcl_map_provider) by extension 'ignore_ament_install'
[0.186s] Level 1:colcon.colcon_core.package_identification:_identify(src/ego_planner_ros2/src/uav_simulator/local_pcl_map_provider) by extensions ['colcon_pkg']
[0.186s] Level 1:colcon.colcon_core.package_identification:_identify(src/ego_planner_ros2/src/uav_simulator/local_pcl_map_provider) by extension 'colcon_pkg'
[0.186s] Level 1:colcon.colcon_core.package_identification:_identify(src/ego_planner_ros2/src/uav_simulator/local_pcl_map_provider) by extensions ['colcon_meta']
[0.186s] Level 1:colcon.colcon_core.package_identification:_identify(src/ego_planner_ros2/src/uav_simulator/local_pcl_map_provider) by extension 'colcon_meta'
[0.186s] Level 1:colcon.colcon_core.package_identification:_identify(src/ego_planner_ros2/src/uav_simulator/local_pcl_map_provider) by extensions ['ros']
[0.186s] Level 1:colcon.colcon_core.package_identification:_identify(src/ego_planner_ros2/src/uav_simulator/local_pcl_map_provider) by extension 'ros'
[0.187s] DEBUG:colcon.colcon_core.package_identification:Package 'src/ego_planner_ros2/src/uav_simulator/local_pcl_map_provider' with type 'ros.ament_cmake' and name 'local_pcl_map_provider'
[0.187s] Level 1:colcon.colcon_core.package_identification:_identify(src/ego_planner_ros2/src/uav_simulator/local_sensing) by extensions ['ignore', 'ignore_ament_install']
[0.187s] Level 1:colcon.colcon_core.package_identification:_identify(src/ego_planner_ros2/src/uav_simulator/local_sensing) by extension 'ignore'
[0.187s] Level 1:colcon.colcon_core.package_identification:_identify(src/ego_planner_ros2/src/uav_simulator/local_sensing) by extension 'ignore_ament_install'
[0.187s] Level 1:colcon.colcon_core.package_identification:_identify(src/ego_planner_ros2/src/uav_simulator/local_sensing) by extensions ['colcon_pkg']
[0.187s] Level 1:colcon.colcon_core.package_identification:_identify(src/ego_planner_ros2/src/uav_simulator/local_sensing) by extension 'colcon_pkg'
[0.187s] Level 1:colcon.colcon_core.package_identification:_identify(src/ego_planner_ros2/src/uav_simulator/local_sensing) by extensions ['colcon_meta']
[0.187s] Level 1:colcon.colcon_core.package_identification:_identify(src/ego_planner_ros2/src/uav_simulator/local_sensing) by extension 'colcon_meta'
[0.187s] Level 1:colcon.colcon_core.package_identification:_identify(src/ego_planner_ros2/src/uav_simulator/local_sensing) by extensions ['ros']
[0.187s] Level 1:colcon.colcon_core.package_identification:_identify(src/ego_planner_ros2/src/uav_simulator/local_sensing) by extension 'ros'
[0.187s] DEBUG:colcon.colcon_core.package_identification:Package 'src/ego_planner_ros2/src/uav_simulator/local_sensing' with type 'ros.ament_cmake' and name 'local_sensing_node'
[0.188s] Level 1:colcon.colcon_core.package_identification:_identify(src/ego_planner_ros2/src/uav_simulator/map_generator) by extensions ['ignore', 'ignore_ament_install']
[0.188s] Level 1:colcon.colcon_core.package_identification:_identify(src/ego_planner_ros2/src/uav_simulator/map_generator) by extension 'ignore'
[0.188s] Level 1:colcon.colcon_core.package_identification:_identify(src/ego_planner_ros2/src/uav_simulator/map_generator) by extension 'ignore_ament_install'
[0.188s] Level 1:colcon.colcon_core.package_identification:_identify(src/ego_planner_ros2/src/uav_simulator/map_generator) by extensions ['colcon_pkg']
[0.188s] Level 1:colcon.colcon_core.package_identification:_identify(src/ego_planner_ros2/src/uav_simulator/map_generator) by extension 'colcon_pkg'
[0.188s] Level 1:colcon.colcon_core.package_identification:_identify(src/ego_planner_ros2/src/uav_simulator/map_generator) by extensions ['colcon_meta']
[0.188s] Level 1:colcon.colcon_core.package_identification:_identify(src/ego_planner_ros2/src/uav_simulator/map_generator) by extension 'colcon_meta'
[0.188s] Level 1:colcon.colcon_core.package_identification:_identify(src/ego_planner_ros2/src/uav_simulator/map_generator) by extensions ['ros']
[0.188s] Level 1:colcon.colcon_core.package_identification:_identify(src/ego_planner_ros2/src/uav_simulator/map_generator) by extension 'ros'
[0.188s] DEBUG:colcon.colcon_core.package_identification:Package 'src/ego_planner_ros2/src/uav_simulator/map_generator' with type 'ros.ament_cmake' and name 'map_generator'
[0.188s] Level 1:colcon.colcon_core.package_identification:_identify(src/local_planner) by extensions ['ignore', 'ignore_ament_install']
[0.188s] Level 1:colcon.colcon_core.package_identification:_identify(src/local_planner) by extension 'ignore'
[0.188s] Level 1:colcon.colcon_core.package_identification:_identify(src/local_planner) by extension 'ignore_ament_install'
[0.188s] Level 1:colcon.colcon_core.package_identification:_identify(src/local_planner) by extensions ['colcon_pkg']
[0.188s] Level 1:colcon.colcon_core.package_identification:_identify(src/local_planner) by extension 'colcon_pkg'
[0.188s] Level 1:colcon.colcon_core.package_identification:_identify(src/local_planner) by extensions ['colcon_meta']
[0.188s] Level 1:colcon.colcon_core.package_identification:_identify(src/local_planner) by extension 'colcon_meta'
[0.188s] Level 1:colcon.colcon_core.package_identification:_identify(src/local_planner) by extensions ['ros']
[0.188s] Level 1:colcon.colcon_core.package_identification:_identify(src/local_planner) by extension 'ros'
[0.189s] DEBUG:colcon.colcon_core.package_identification:Package 'src/local_planner' with type 'ros.ament_cmake' and name 'local_planner'
[0.189s] Level 1:colcon.colcon_core.package_identification:_identify(src/sensor_scan_generation) by extensions ['ignore', 'ignore_ament_install']
[0.189s] Level 1:colcon.colcon_core.package_identification:_identify(src/sensor_scan_generation) by extension 'ignore'
[0.189s] Level 1:colcon.colcon_core.package_identification:_identify(src/sensor_scan_generation) by extension 'ignore_ament_install'
[0.189s] Level 1:colcon.colcon_core.package_identification:_identify(src/sensor_scan_generation) by extensions ['colcon_pkg']
[0.189s] Level 1:colcon.colcon_core.package_identification:_identify(src/sensor_scan_generation) by extension 'colcon_pkg'
[0.189s] Level 1:colcon.colcon_core.package_identification:_identify(src/sensor_scan_generation) by extensions ['colcon_meta']
[0.189s] Level 1:colcon.colcon_core.package_identification:_identify(src/sensor_scan_generation) by extension 'colcon_meta'
[0.189s] Level 1:colcon.colcon_core.package_identification:_identify(src/sensor_scan_generation) by extensions ['ros']
[0.189s] Level 1:colcon.colcon_core.package_identification:_identify(src/sensor_scan_generation) by extension 'ros'
[0.190s] DEBUG:colcon.colcon_core.package_identification:Package 'src/sensor_scan_generation' with type 'ros.ament_cmake' and name 'sensor_scan_generation'
[0.190s] Level 1:colcon.colcon_core.package_identification:_identify(src/simulation_gazebo_model) by extensions ['ignore', 'ignore_ament_install']
[0.190s] Level 1:colcon.colcon_core.package_identification:_identify(src/simulation_gazebo_model) by extension 'ignore'
[0.190s] Level 1:colcon.colcon_core.package_identification:_identify(src/simulation_gazebo_model) by extension 'ignore_ament_install'
[0.190s] Level 1:colcon.colcon_core.package_identification:_identify(src/simulation_gazebo_model) by extensions ['colcon_pkg']
[0.190s] Level 1:colcon.colcon_core.package_identification:_identify(src/simulation_gazebo_model) by extension 'colcon_pkg'
[0.190s] Level 1:colcon.colcon_core.package_identification:_identify(src/simulation_gazebo_model) by extensions ['colcon_meta']
[0.190s] Level 1:colcon.colcon_core.package_identification:_identify(src/simulation_gazebo_model) by extension 'colcon_meta'
[0.190s] Level 1:colcon.colcon_core.package_identification:_identify(src/simulation_gazebo_model) by extensions ['ros']
[0.190s] Level 1:colcon.colcon_core.package_identification:_identify(src/simulation_gazebo_model) by extension 'ros'
[0.190s] Level 1:colcon.colcon_core.package_identification:_identify(src/simulation_gazebo_model) by extensions ['cmake', 'python']
[0.190s] Level 1:colcon.colcon_core.package_identification:_identify(src/simulation_gazebo_model) by extension 'cmake'
[0.190s] Level 1:colcon.colcon_core.package_identification:_identify(src/simulation_gazebo_model) by extension 'python'
[0.190s] Level 1:colcon.colcon_core.package_identification:_identify(src/simulation_gazebo_model) by extensions ['python_setup_py']
[0.190s] Level 1:colcon.colcon_core.package_identification:_identify(src/simulation_gazebo_model) by extension 'python_setup_py'
[0.190s] Level 1:colcon.colcon_core.package_identification:_identify(src/simulation_gazebo_model/launch_files) by extensions ['ignore', 'ignore_ament_install']
[0.190s] Level 1:colcon.colcon_core.package_identification:_identify(src/simulation_gazebo_model/launch_files) by extension 'ignore'
[0.190s] Level 1:colcon.colcon_core.package_identification:_identify(src/simulation_gazebo_model/launch_files) by extension 'ignore_ament_install'
[0.190s] Level 1:colcon.colcon_core.package_identification:_identify(src/simulation_gazebo_model/launch_files) by extensions ['colcon_pkg']
[0.190s] Level 1:colcon.colcon_core.package_identification:_identify(src/simulation_gazebo_model/launch_files) by extension 'colcon_pkg'
[0.190s] Level 1:colcon.colcon_core.package_identification:_identify(src/simulation_gazebo_model/launch_files) by extensions ['colcon_meta']
[0.190s] Level 1:colcon.colcon_core.package_identification:_identify(src/simulation_gazebo_model/launch_files) by extension 'colcon_meta'
[0.190s] Level 1:colcon.colcon_core.package_identification:_identify(src/simulation_gazebo_model/launch_files) by extensions ['ros']
[0.190s] Level 1:colcon.colcon_core.package_identification:_identify(src/simulation_gazebo_model/launch_files) by extension 'ros'
[0.190s] Level 1:colcon.colcon_core.package_identification:_identify(src/simulation_gazebo_model/launch_files) by extensions ['cmake', 'python']
[0.190s] Level 1:colcon.colcon_core.package_identification:_identify(src/simulation_gazebo_model/launch_files) by extension 'cmake'
[0.190s] Level 1:colcon.colcon_core.package_identification:_identify(src/simulation_gazebo_model/launch_files) by extension 'python'
[0.190s] Level 1:colcon.colcon_core.package_identification:_identify(src/simulation_gazebo_model/launch_files) by extensions ['python_setup_py']
[0.190s] Level 1:colcon.colcon_core.package_identification:_identify(src/simulation_gazebo_model/launch_files) by extension 'python_setup_py'
[0.191s] Level 1:colcon.colcon_core.package_identification:_identify(src/simulation_gazebo_model/launch_files/turtlebot3_fake_node) by extensions ['ignore', 'ignore_ament_install']
[0.191s] Level 1:colcon.colcon_core.package_identification:_identify(src/simulation_gazebo_model/launch_files/turtlebot3_fake_node) by extension 'ignore'
[0.191s] Level 1:colcon.colcon_core.package_identification:_identify(src/simulation_gazebo_model/launch_files/turtlebot3_fake_node) by extension 'ignore_ament_install'
[0.191s] Level 1:colcon.colcon_core.package_identification:_identify(src/simulation_gazebo_model/launch_files/turtlebot3_fake_node) by extensions ['colcon_pkg']
[0.191s] Level 1:colcon.colcon_core.package_identification:_identify(src/simulation_gazebo_model/launch_files/turtlebot3_fake_node) by extension 'colcon_pkg'
[0.191s] Level 1:colcon.colcon_core.package_identification:_identify(src/simulation_gazebo_model/launch_files/turtlebot3_fake_node) by extensions ['colcon_meta']
[0.191s] Level 1:colcon.colcon_core.package_identification:_identify(src/simulation_gazebo_model/launch_files/turtlebot3_fake_node) by extension 'colcon_meta'
[0.191s] Level 1:colcon.colcon_core.package_identification:_identify(src/simulation_gazebo_model/launch_files/turtlebot3_fake_node) by extensions ['ros']
[0.191s] Level 1:colcon.colcon_core.package_identification:_identify(src/simulation_gazebo_model/launch_files/turtlebot3_fake_node) by extension 'ros'
[0.192s] DEBUG:colcon.colcon_core.package_identification:Package 'src/simulation_gazebo_model/launch_files/turtlebot3_fake_node' with type 'ros.ament_cmake' and name 'turtlebot3_fake_node'
[0.192s] Level 1:colcon.colcon_core.package_identification:_identify(src/simulation_gazebo_model/launch_files/turtlebot3_gazebo) by extensions ['ignore', 'ignore_ament_install']
[0.192s] Level 1:colcon.colcon_core.package_identification:_identify(src/simulation_gazebo_model/launch_files/turtlebot3_gazebo) by extension 'ignore'
[0.192s] Level 1:colcon.colcon_core.package_identification:_identify(src/simulation_gazebo_model/launch_files/turtlebot3_gazebo) by extension 'ignore_ament_install'
[0.192s] Level 1:colcon.colcon_core.package_identification:_identify(src/simulation_gazebo_model/launch_files/turtlebot3_gazebo) by extensions ['colcon_pkg']
[0.192s] Level 1:colcon.colcon_core.package_identification:_identify(src/simulation_gazebo_model/launch_files/turtlebot3_gazebo) by extension 'colcon_pkg'
[0.192s] Level 1:colcon.colcon_core.package_identification:_identify(src/simulation_gazebo_model/launch_files/turtlebot3_gazebo) by extensions ['colcon_meta']
[0.192s] Level 1:colcon.colcon_core.package_identification:_identify(src/simulation_gazebo_model/launch_files/turtlebot3_gazebo) by extension 'colcon_meta'
[0.192s] Level 1:colcon.colcon_core.package_identification:_identify(src/simulation_gazebo_model/launch_files/turtlebot3_gazebo) by extensions ['ros']
[0.192s] Level 1:colcon.colcon_core.package_identification:_identify(src/simulation_gazebo_model/launch_files/turtlebot3_gazebo) by extension 'ros'
[0.193s] DEBUG:colcon.colcon_core.package_identification:Package 'src/simulation_gazebo_model/launch_files/turtlebot3_gazebo' with type 'ros.ament_cmake' and name 'turtlebot3_gazebo'
[0.193s] Level 1:colcon.colcon_core.package_identification:_identify(src/simulation_gazebo_model/launch_files/turtlebot3_simulations) by extensions ['ignore', 'ignore_ament_install']
[0.193s] Level 1:colcon.colcon_core.package_identification:_identify(src/simulation_gazebo_model/launch_files/turtlebot3_simulations) by extension 'ignore'
[0.194s] Level 1:colcon.colcon_core.package_identification:_identify(src/simulation_gazebo_model/launch_files/turtlebot3_simulations) by extension 'ignore_ament_install'
[0.194s] Level 1:colcon.colcon_core.package_identification:_identify(src/simulation_gazebo_model/launch_files/turtlebot3_simulations) by extensions ['colcon_pkg']
[0.194s] Level 1:colcon.colcon_core.package_identification:_identify(src/simulation_gazebo_model/launch_files/turtlebot3_simulations) by extension 'colcon_pkg'
[0.194s] Level 1:colcon.colcon_core.package_identification:_identify(src/simulation_gazebo_model/launch_files/turtlebot3_simulations) by extensions ['colcon_meta']
[0.194s] Level 1:colcon.colcon_core.package_identification:_identify(src/simulation_gazebo_model/launch_files/turtlebot3_simulations) by extension 'colcon_meta'
[0.194s] Level 1:colcon.colcon_core.package_identification:_identify(src/simulation_gazebo_model/launch_files/turtlebot3_simulations) by extensions ['ros']
[0.194s] Level 1:colcon.colcon_core.package_identification:_identify(src/simulation_gazebo_model/launch_files/turtlebot3_simulations) by extension 'ros'
[0.194s] DEBUG:colcon.colcon_core.package_identification:Package 'src/simulation_gazebo_model/launch_files/turtlebot3_simulations' with type 'ros.ament_cmake' and name 'turtlebot3_simulations'
[0.194s] Level 1:colcon.colcon_core.package_identification:_identify(src/simulation_gazebo_model/sdf_model_urdf_files) by extensions ['ignore', 'ignore_ament_install']
[0.194s] Level 1:colcon.colcon_core.package_identification:_identify(src/simulation_gazebo_model/sdf_model_urdf_files) by extension 'ignore'
[0.194s] Level 1:colcon.colcon_core.package_identification:_identify(src/simulation_gazebo_model/sdf_model_urdf_files) by extension 'ignore_ament_install'
[0.194s] Level 1:colcon.colcon_core.package_identification:_identify(src/simulation_gazebo_model/sdf_model_urdf_files) by extensions ['colcon_pkg']
[0.194s] Level 1:colcon.colcon_core.package_identification:_identify(src/simulation_gazebo_model/sdf_model_urdf_files) by extension 'colcon_pkg'
[0.194s] Level 1:colcon.colcon_core.package_identification:_identify(src/simulation_gazebo_model/sdf_model_urdf_files) by extensions ['colcon_meta']
[0.194s] Level 1:colcon.colcon_core.package_identification:_identify(src/simulation_gazebo_model/sdf_model_urdf_files) by extension 'colcon_meta'
[0.194s] Level 1:colcon.colcon_core.package_identification:_identify(src/simulation_gazebo_model/sdf_model_urdf_files) by extensions ['ros']
[0.195s] Level 1:colcon.colcon_core.package_identification:_identify(src/simulation_gazebo_model/sdf_model_urdf_files) by extension 'ros'
[0.195s] Level 1:colcon.colcon_core.package_identification:_identify(src/simulation_gazebo_model/sdf_model_urdf_files) by extensions ['cmake', 'python']
[0.195s] Level 1:colcon.colcon_core.package_identification:_identify(src/simulation_gazebo_model/sdf_model_urdf_files) by extension 'cmake'
[0.195s] Level 1:colcon.colcon_core.package_identification:_identify(src/simulation_gazebo_model/sdf_model_urdf_files) by extension 'python'
[0.195s] Level 1:colcon.colcon_core.package_identification:_identify(src/simulation_gazebo_model/sdf_model_urdf_files) by extensions ['python_setup_py']
[0.195s] Level 1:colcon.colcon_core.package_identification:_identify(src/simulation_gazebo_model/sdf_model_urdf_files) by extension 'python_setup_py'
[0.195s] Level 1:colcon.colcon_core.package_identification:_identify(src/simulation_gazebo_model/sdf_model_urdf_files/turtlebot3_description) by extensions ['ignore', 'ignore_ament_install']
[0.195s] Level 1:colcon.colcon_core.package_identification:_identify(src/simulation_gazebo_model/sdf_model_urdf_files/turtlebot3_description) by extension 'ignore'
[0.195s] Level 1:colcon.colcon_core.package_identification:_identify(src/simulation_gazebo_model/sdf_model_urdf_files/turtlebot3_description) by extension 'ignore_ament_install'
[0.195s] Level 1:colcon.colcon_core.package_identification:_identify(src/simulation_gazebo_model/sdf_model_urdf_files/turtlebot3_description) by extensions ['colcon_pkg']
[0.195s] Level 1:colcon.colcon_core.package_identification:_identify(src/simulation_gazebo_model/sdf_model_urdf_files/turtlebot3_description) by extension 'colcon_pkg'
[0.195s] Level 1:colcon.colcon_core.package_identification:_identify(src/simulation_gazebo_model/sdf_model_urdf_files/turtlebot3_description) by extensions ['colcon_meta']
[0.195s] Level 1:colcon.colcon_core.package_identification:_identify(src/simulation_gazebo_model/sdf_model_urdf_files/turtlebot3_description) by extension 'colcon_meta'
[0.195s] Level 1:colcon.colcon_core.package_identification:_identify(src/simulation_gazebo_model/sdf_model_urdf_files/turtlebot3_description) by extensions ['ros']
[0.195s] Level 1:colcon.colcon_core.package_identification:_identify(src/simulation_gazebo_model/sdf_model_urdf_files/turtlebot3_description) by extension 'ros'
[0.195s] DEBUG:colcon.colcon_core.package_identification:Package 'src/simulation_gazebo_model/sdf_model_urdf_files/turtlebot3_description' with type 'ros.ament_cmake' and name 'turtlebot3_description'
[0.196s] Level 1:colcon.colcon_core.package_identification:_identify(src/terrain_analysis) by extensions ['ignore', 'ignore_ament_install']
[0.196s] Level 1:colcon.colcon_core.package_identification:_identify(src/terrain_analysis) by extension 'ignore'
[0.196s] Level 1:colcon.colcon_core.package_identification:_identify(src/terrain_analysis) by extension 'ignore_ament_install'
[0.196s] Level 1:colcon.colcon_core.package_identification:_identify(src/terrain_analysis) by extensions ['colcon_pkg']
[0.196s] Level 1:colcon.colcon_core.package_identification:_identify(src/terrain_analysis) by extension 'colcon_pkg'
[0.196s] Level 1:colcon.colcon_core.package_identification:_identify(src/terrain_analysis) by extensions ['colcon_meta']
[0.196s] Level 1:colcon.colcon_core.package_identification:_identify(src/terrain_analysis) by extension 'colcon_meta'
[0.196s] Level 1:colcon.colcon_core.package_identification:_identify(src/terrain_analysis) by extensions ['ros']
[0.196s] Level 1:colcon.colcon_core.package_identification:_identify(src/terrain_analysis) by extension 'ros'
[0.196s] DEBUG:colcon.colcon_core.package_identification:Package 'src/terrain_analysis' with type 'ros.ament_cmake' and name 'terrain_analysis'
[0.196s] Level 1:colcon.colcon_core.package_identification:_identify(src/terrain_analysis_ext) by extensions ['ignore', 'ignore_ament_install']
[0.196s] Level 1:colcon.colcon_core.package_identification:_identify(src/terrain_analysis_ext) by extension 'ignore'
[0.196s] Level 1:colcon.colcon_core.package_identification:_identify(src/terrain_analysis_ext) by extension 'ignore_ament_install'
[0.196s] Level 1:colcon.colcon_core.package_identification:_identify(src/terrain_analysis_ext) by extensions ['colcon_pkg']
[0.196s] Level 1:colcon.colcon_core.package_identification:_identify(src/terrain_analysis_ext) by extension 'colcon_pkg'
[0.196s] Level 1:colcon.colcon_core.package_identification:_identify(src/terrain_analysis_ext) by extensions ['colcon_meta']
[0.196s] Level 1:colcon.colcon_core.package_identification:_identify(src/terrain_analysis_ext) by extension 'colcon_meta'
[0.197s] Level 1:colcon.colcon_core.package_identification:_identify(src/terrain_analysis_ext) by extensions ['ros']
[0.197s] Level 1:colcon.colcon_core.package_identification:_identify(src/terrain_analysis_ext) by extension 'ros'
[0.197s] DEBUG:colcon.colcon_core.package_identification:Package 'src/terrain_analysis_ext' with type 'ros.ament_cmake' and name 'terrain_analysis_ext'
[0.197s] Level 1:colcon.colcon_core.package_identification:_identify(src/vehicle_simulator) by extensions ['ignore', 'ignore_ament_install']
[0.197s] Level 1:colcon.colcon_core.package_identification:_identify(src/vehicle_simulator) by extension 'ignore'
[0.197s] Level 1:colcon.colcon_core.package_identification:_identify(src/vehicle_simulator) by extension 'ignore_ament_install'
[0.197s] Level 1:colcon.colcon_core.package_identification:_identify(src/vehicle_simulator) by extensions ['colcon_pkg']
[0.197s] Level 1:colcon.colcon_core.package_identification:_identify(src/vehicle_simulator) by extension 'colcon_pkg'
[0.197s] Level 1:colcon.colcon_core.package_identification:_identify(src/vehicle_simulator) by extensions ['colcon_meta']
[0.197s] Level 1:colcon.colcon_core.package_identification:_identify(src/vehicle_simulator) by extension 'colcon_meta'
[0.197s] Level 1:colcon.colcon_core.package_identification:_identify(src/vehicle_simulator) by extensions ['ros']
[0.197s] Level 1:colcon.colcon_core.package_identification:_identify(src/vehicle_simulator) by extension 'ros'
[0.198s] DEBUG:colcon.colcon_core.package_identification:Package 'src/vehicle_simulator' with type 'ros.ament_cmake' and name 'vehicle_simulator'
[0.198s] Level 1:colcon.colcon_core.package_identification:_identify(src/visualization_tools) by extensions ['ignore', 'ignore_ament_install']
[0.198s] Level 1:colcon.colcon_core.package_identification:_identify(src/visualization_tools) by extension 'ignore'
[0.198s] Level 1:colcon.colcon_core.package_identification:_identify(src/visualization_tools) by extension 'ignore_ament_install'
[0.198s] Level 1:colcon.colcon_core.package_identification:_identify(src/visualization_tools) by extensions ['colcon_pkg']
[0.198s] Level 1:colcon.colcon_core.package_identification:_identify(src/visualization_tools) by extension 'colcon_pkg'
[0.198s] Level 1:colcon.colcon_core.package_identification:_identify(src/visualization_tools) by extensions ['colcon_meta']
[0.198s] Level 1:colcon.colcon_core.package_identification:_identify(src/visualization_tools) by extension 'colcon_meta'
[0.198s] Level 1:colcon.colcon_core.package_identification:_identify(src/visualization_tools) by extensions ['ros']
[0.198s] Level 1:colcon.colcon_core.package_identification:_identify(src/visualization_tools) by extension 'ros'
[0.198s] DEBUG:colcon.colcon_core.package_identification:Package 'src/visualization_tools' with type 'ros.ament_cmake' and name 'visualization_tools'
[0.198s] Level 1:colcon.colcon_core.package_identification:_identify(src/visualization_tools_py) by extensions ['ignore', 'ignore_ament_install']
[0.198s] Level 1:colcon.colcon_core.package_identification:_identify(src/visualization_tools_py) by extension 'ignore'
[0.198s] Level 1:colcon.colcon_core.package_identification:_identify(src/visualization_tools_py) by extension 'ignore_ament_install'
[0.199s] Level 1:colcon.colcon_core.package_identification:_identify(src/visualization_tools_py) by extensions ['colcon_pkg']
[0.199s] Level 1:colcon.colcon_core.package_identification:_identify(src/visualization_tools_py) by extension 'colcon_pkg'
[0.199s] Level 1:colcon.colcon_core.package_identification:_identify(src/visualization_tools_py) by extensions ['colcon_meta']
[0.199s] Level 1:colcon.colcon_core.package_identification:_identify(src/visualization_tools_py) by extension 'colcon_meta'
[0.199s] Level 1:colcon.colcon_core.package_identification:_identify(src/visualization_tools_py) by extensions ['ros']
[0.199s] Level 1:colcon.colcon_core.package_identification:_identify(src/visualization_tools_py) by extension 'ros'
[0.199s] DEBUG:colcon.colcon_core.package_identification:Package 'src/visualization_tools_py' with type 'ros.ament_python' and name 'visualization_tools_py'
[0.199s] Level 1:colcon.colcon_core.package_discovery:discover_packages(recursive) using defaults
[0.199s] Level 1:colcon.colcon_core.package_discovery:discover_packages(ignore) discover
[0.199s] Level 1:colcon.colcon_core.package_discovery:discover_packages(ignore) using defaults
[0.199s] Level 1:colcon.colcon_core.package_discovery:discover_packages(path) discover
[0.199s] Level 1:colcon.colcon_core.package_discovery:discover_packages(path) using defaults
[0.209s] Level 1:colcon.colcon_core.package_discovery:discover_packages(prefix_path) check parameters
[0.209s] Level 1:colcon.colcon_core.package_discovery:discover_packages(prefix_path) discover
[0.210s] DEBUG:colcon.colcon_installed_package_information.package_discovery:Found 300 installed packages in /opt/ros/foxy
[0.211s] Level 1:colcon.colcon_core.package_discovery:discover_packages(prefix_path) using defaults
[0.243s] Level 5:colcon.colcon_core.verb:set package 'bspline_opt' build argument 'cmake_args' from command line to 'None'
[0.243s] Level 5:colcon.colcon_core.verb:set package 'bspline_opt' build argument 'cmake_target' from command line to 'None'
[0.243s] Level 5:colcon.colcon_core.verb:set package 'bspline_opt' build argument 'cmake_target_skip_unavailable' from command line to 'False'
[0.243s] Level 5:colcon.colcon_core.verb:set package 'bspline_opt' build argument 'cmake_clean_cache' from command line to 'False'
[0.243s] Level 5:colcon.colcon_core.verb:set package 'bspline_opt' build argument 'cmake_clean_first' from command line to 'False'
[0.243s] Level 5:colcon.colcon_core.verb:set package 'bspline_opt' build argument 'cmake_force_configure' from command line to 'False'
[0.243s] Level 5:colcon.colcon_core.verb:set package 'bspline_opt' build argument 'ament_cmake_args' from command line to 'None'
[0.243s] Level 5:colcon.colcon_core.verb:set package 'bspline_opt' build argument 'catkin_cmake_args' from command line to 'None'
[0.243s] Level 5:colcon.colcon_core.verb:set package 'bspline_opt' build argument 'catkin_skip_building_tests' from command line to 'False'
[0.243s] DEBUG:colcon.colcon_core.verb:Building package 'bspline_opt' with the following arguments: {'ament_cmake_args': None, 'build_base': '/home/suxin/English_Path/test111/autonomous_navigation_environment_ego/build/bspline_opt', 'catkin_cmake_args': None, 'catkin_skip_building_tests': False, 'cmake_args': None, 'cmake_clean_cache': False, 'cmake_clean_first': False, 'cmake_force_configure': False, 'cmake_target': None, 'cmake_target_skip_unavailable': False, 'install_base': '/home/suxin/English_Path/test111/autonomous_navigation_environment_ego/install/bspline_opt', 'merge_install': False, 'path': '/home/suxin/English_Path/test111/autonomous_navigation_environment_ego/src/ego_planner_ros2/src/planner/bspline_opt', 'symlink_install': True, 'test_result_base': None}
[0.243s] Level 5:colcon.colcon_core.verb:set package 'local_pcl_map_provider' build argument 'cmake_args' from command line to 'None'
[0.243s] Level 5:colcon.colcon_core.verb:set package 'local_pcl_map_provider' build argument 'cmake_target' from command line to 'None'
[0.243s] Level 5:colcon.colcon_core.verb:set package 'local_pcl_map_provider' build argument 'cmake_target_skip_unavailable' from command line to 'False'
[0.243s] Level 5:colcon.colcon_core.verb:set package 'local_pcl_map_provider' build argument 'cmake_clean_cache' from command line to 'False'
[0.243s] Level 5:colcon.colcon_core.verb:set package 'local_pcl_map_provider' build argument 'cmake_clean_first' from command line to 'False'
[0.243s] Level 5:colcon.colcon_core.verb:set package 'local_pcl_map_provider' build argument 'cmake_force_configure' from command line to 'False'
[0.243s] Level 5:colcon.colcon_core.verb:set package 'local_pcl_map_provider' build argument 'ament_cmake_args' from command line to 'None'
[0.243s] Level 5:colcon.colcon_core.verb:set package 'local_pcl_map_provider' build argument 'catkin_cmake_args' from command line to 'None'
[0.243s] Level 5:colcon.colcon_core.verb:set package 'local_pcl_map_provider' build argument 'catkin_skip_building_tests' from command line to 'False'
[0.243s] DEBUG:colcon.colcon_core.verb:Building package 'local_pcl_map_provider' with the following arguments: {'ament_cmake_args': None, 'build_base': '/home/suxin/English_Path/test111/autonomous_navigation_environment_ego/build/local_pcl_map_provider', 'catkin_cmake_args': None, 'catkin_skip_building_tests': False, 'cmake_args': None, 'cmake_clean_cache': False, 'cmake_clean_first': False, 'cmake_force_configure': False, 'cmake_target': None, 'cmake_target_skip_unavailable': False, 'install_base': '/home/suxin/English_Path/test111/autonomous_navigation_environment_ego/install/local_pcl_map_provider', 'merge_install': False, 'path': '/home/suxin/English_Path/test111/autonomous_navigation_environment_ego/src/ego_planner_ros2/src/uav_simulator/local_pcl_map_provider', 'symlink_install': True, 'test_result_base': None}
[0.243s] Level 5:colcon.colcon_core.verb:set package 'local_planner' build argument 'cmake_args' from command line to 'None'
[0.243s] Level 5:colcon.colcon_core.verb:set package 'local_planner' build argument 'cmake_target' from command line to 'None'
[0.243s] Level 5:colcon.colcon_core.verb:set package 'local_planner' build argument 'cmake_target_skip_unavailable' from command line to 'False'
[0.243s] Level 5:colcon.colcon_core.verb:set package 'local_planner' build argument 'cmake_clean_cache' from command line to 'False'
[0.243s] Level 5:colcon.colcon_core.verb:set package 'local_planner' build argument 'cmake_clean_first' from command line to 'False'
[0.243s] Level 5:colcon.colcon_core.verb:set package 'local_planner' build argument 'cmake_force_configure' from command line to 'False'
[0.243s] Level 5:colcon.colcon_core.verb:set package 'local_planner' build argument 'ament_cmake_args' from command line to 'None'
[0.243s] Level 5:colcon.colcon_core.verb:set package 'local_planner' build argument 'catkin_cmake_args' from command line to 'None'
[0.243s] Level 5:colcon.colcon_core.verb:set package 'local_planner' build argument 'catkin_skip_building_tests' from command line to 'False'
[0.243s] DEBUG:colcon.colcon_core.verb:Building package 'local_planner' with the following arguments: {'ament_cmake_args': None, 'build_base': '/home/suxin/English_Path/test111/autonomous_navigation_environment_ego/build/local_planner', 'catkin_cmake_args': None, 'catkin_skip_building_tests': False, 'cmake_args': None, 'cmake_clean_cache': False, 'cmake_clean_first': False, 'cmake_force_configure': False, 'cmake_target': None, 'cmake_target_skip_unavailable': False, 'install_base': '/home/suxin/English_Path/test111/autonomous_navigation_environment_ego/install/local_planner', 'merge_install': False, 'path': '/home/suxin/English_Path/test111/autonomous_navigation_environment_ego/src/local_planner', 'symlink_install': True, 'test_result_base': None}
[0.244s] Level 5:colcon.colcon_core.verb:set package 'map_generator' build argument 'cmake_args' from command line to 'None'
[0.244s] Level 5:colcon.colcon_core.verb:set package 'map_generator' build argument 'cmake_target' from command line to 'None'
[0.244s] Level 5:colcon.colcon_core.verb:set package 'map_generator' build argument 'cmake_target_skip_unavailable' from command line to 'False'
[0.244s] Level 5:colcon.colcon_core.verb:set package 'map_generator' build argument 'cmake_clean_cache' from command line to 'False'
[0.244s] Level 5:colcon.colcon_core.verb:set package 'map_generator' build argument 'cmake_clean_first' from command line to 'False'
[0.244s] Level 5:colcon.colcon_core.verb:set package 'map_generator' build argument 'cmake_force_configure' from command line to 'False'
[0.244s] Level 5:colcon.colcon_core.verb:set package 'map_generator' build argument 'ament_cmake_args' from command line to 'None'
[0.244s] Level 5:colcon.colcon_core.verb:set package 'map_generator' build argument 'catkin_cmake_args' from command line to 'None'
[0.244s] Level 5:colcon.colcon_core.verb:set package 'map_generator' build argument 'catkin_skip_building_tests' from command line to 'False'
[0.244s] DEBUG:colcon.colcon_core.verb:Building package 'map_generator' with the following arguments: {'ament_cmake_args': None, 'build_base': '/home/suxin/English_Path/test111/autonomous_navigation_environment_ego/build/map_generator', 'catkin_cmake_args': None, 'catkin_skip_building_tests': False, 'cmake_args': None, 'cmake_clean_cache': False, 'cmake_clean_first': False, 'cmake_force_configure': False, 'cmake_target': None, 'cmake_target_skip_unavailable': False, 'install_base': '/home/suxin/English_Path/test111/autonomous_navigation_environment_ego/install/map_generator', 'merge_install': False, 'path': '/home/suxin/English_Path/test111/autonomous_navigation_environment_ego/src/ego_planner_ros2/src/uav_simulator/map_generator', 'symlink_install': True, 'test_result_base': None}
[0.244s] Level 5:colcon.colcon_core.verb:set package 'path_searching' build argument 'cmake_args' from command line to 'None'
[0.244s] Level 5:colcon.colcon_core.verb:set package 'path_searching' build argument 'cmake_target' from command line to 'None'
[0.244s] Level 5:colcon.colcon_core.verb:set package 'path_searching' build argument 'cmake_target_skip_unavailable' from command line to 'False'
[0.244s] Level 5:colcon.colcon_core.verb:set package 'path_searching' build argument 'cmake_clean_cache' from command line to 'False'
[0.244s] Level 5:colcon.colcon_core.verb:set package 'path_searching' build argument 'cmake_clean_first' from command line to 'False'
[0.244s] Level 5:colcon.colcon_core.verb:set package 'path_searching' build argument 'cmake_force_configure' from command line to 'False'
[0.244s] Level 5:colcon.colcon_core.verb:set package 'path_searching' build argument 'ament_cmake_args' from command line to 'None'
[0.244s] Level 5:colcon.colcon_core.verb:set package 'path_searching' build argument 'catkin_cmake_args' from command line to 'None'
[0.244s] Level 5:colcon.colcon_core.verb:set package 'path_searching' build argument 'catkin_skip_building_tests' from command line to 'False'
[0.244s] DEBUG:colcon.colcon_core.verb:Building package 'path_searching' with the following arguments: {'ament_cmake_args': None, 'build_base': '/home/suxin/English_Path/test111/autonomous_navigation_environment_ego/build/path_searching', 'catkin_cmake_args': None, 'catkin_skip_building_tests': False, 'cmake_args': None, 'cmake_clean_cache': False, 'cmake_clean_first': False, 'cmake_force_configure': False, 'cmake_target': None, 'cmake_target_skip_unavailable': False, 'install_base': '/home/suxin/English_Path/test111/autonomous_navigation_environment_ego/install/path_searching', 'merge_install': False, 'path': '/home/suxin/English_Path/test111/autonomous_navigation_environment_ego/src/ego_planner_ros2/src/planner/path_searching', 'symlink_install': True, 'test_result_base': None}
[0.244s] Level 5:colcon.colcon_core.verb:set package 'plan_env' build argument 'cmake_args' from command line to 'None'
[0.244s] Level 5:colcon.colcon_core.verb:set package 'plan_env' build argument 'cmake_target' from command line to 'None'
[0.244s] Level 5:colcon.colcon_core.verb:set package 'plan_env' build argument 'cmake_target_skip_unavailable' from command line to 'False'
[0.244s] Level 5:colcon.colcon_core.verb:set package 'plan_env' build argument 'cmake_clean_cache' from command line to 'False'
[0.244s] Level 5:colcon.colcon_core.verb:set package 'plan_env' build argument 'cmake_clean_first' from command line to 'False'
[0.244s] Level 5:colcon.colcon_core.verb:set package 'plan_env' build argument 'cmake_force_configure' from command line to 'False'
[0.244s] Level 5:colcon.colcon_core.verb:set package 'plan_env' build argument 'ament_cmake_args' from command line to 'None'
[0.244s] Level 5:colcon.colcon_core.verb:set package 'plan_env' build argument 'catkin_cmake_args' from command line to 'None'
[0.244s] Level 5:colcon.colcon_core.verb:set package 'plan_env' build argument 'catkin_skip_building_tests' from command line to 'False'
[0.244s] DEBUG:colcon.colcon_core.verb:Building package 'plan_env' with the following arguments: {'ament_cmake_args': None, 'build_base': '/home/suxin/English_Path/test111/autonomous_navigation_environment_ego/build/plan_env', 'catkin_cmake_args': None, 'catkin_skip_building_tests': False, 'cmake_args': None, 'cmake_clean_cache': False, 'cmake_clean_first': False, 'cmake_force_configure': False, 'cmake_target': None, 'cmake_target_skip_unavailable': False, 'install_base': '/home/suxin/English_Path/test111/autonomous_navigation_environment_ego/install/plan_env', 'merge_install': False, 'path': '/home/suxin/English_Path/test111/autonomous_navigation_environment_ego/src/ego_planner_ros2/src/planner/plan_env', 'symlink_install': True, 'test_result_base': None}
[0.244s] Level 5:colcon.colcon_core.verb:set package 'pose_utils' build argument 'cmake_args' from command line to 'None'
[0.244s] Level 5:colcon.colcon_core.verb:set package 'pose_utils' build argument 'cmake_target' from command line to 'None'
[0.244s] Level 5:colcon.colcon_core.verb:set package 'pose_utils' build argument 'cmake_target_skip_unavailable' from command line to 'False'
[0.244s] Level 5:colcon.colcon_core.verb:set package 'pose_utils' build argument 'cmake_clean_cache' from command line to 'False'
[0.244s] Level 5:colcon.colcon_core.verb:set package 'pose_utils' build argument 'cmake_clean_first' from command line to 'False'
[0.244s] Level 5:colcon.colcon_core.verb:set package 'pose_utils' build argument 'cmake_force_configure' from command line to 'False'
[0.244s] Level 5:colcon.colcon_core.verb:set package 'pose_utils' build argument 'ament_cmake_args' from command line to 'None'
[0.244s] Level 5:colcon.colcon_core.verb:set package 'pose_utils' build argument 'catkin_cmake_args' from command line to 'None'
[0.244s] Level 5:colcon.colcon_core.verb:set package 'pose_utils' build argument 'catkin_skip_building_tests' from command line to 'False'
[0.244s] DEBUG:colcon.colcon_core.verb:Building package 'pose_utils' with the following arguments: {'ament_cmake_args': None, 'build_base': '/home/suxin/English_Path/test111/autonomous_navigation_environment_ego/build/pose_utils', 'catkin_cmake_args': None, 'catkin_skip_building_tests': False, 'cmake_args': None, 'cmake_clean_cache': False, 'cmake_clean_first': False, 'cmake_force_configure': False, 'cmake_target': None, 'cmake_target_skip_unavailable': False, 'install_base': '/home/suxin/English_Path/test111/autonomous_navigation_environment_ego/install/pose_utils', 'merge_install': False, 'path': '/home/suxin/English_Path/test111/autonomous_navigation_environment_ego/src/ego_planner_ros2/src/uav_simulator/Utils/pose_utils', 'symlink_install': True, 'test_result_base': None}
[0.245s] Level 5:colcon.colcon_core.verb:set package 'quadrotor_msgs' build argument 'cmake_args' from command line to 'None'
[0.245s] Level 5:colcon.colcon_core.verb:set package 'quadrotor_msgs' build argument 'cmake_target' from command line to 'None'
[0.245s] Level 5:colcon.colcon_core.verb:set package 'quadrotor_msgs' build argument 'cmake_target_skip_unavailable' from command line to 'False'
[0.245s] Level 5:colcon.colcon_core.verb:set package 'quadrotor_msgs' build argument 'cmake_clean_cache' from command line to 'False'
[0.245s] Level 5:colcon.colcon_core.verb:set package 'quadrotor_msgs' build argument 'cmake_clean_first' from command line to 'False'
[0.245s] Level 5:colcon.colcon_core.verb:set package 'quadrotor_msgs' build argument 'cmake_force_configure' from command line to 'False'
[0.245s] Level 5:colcon.colcon_core.verb:set package 'quadrotor_msgs' build argument 'ament_cmake_args' from command line to 'None'
[0.245s] Level 5:colcon.colcon_core.verb:set package 'quadrotor_msgs' build argument 'catkin_cmake_args' from command line to 'None'
[0.245s] Level 5:colcon.colcon_core.verb:set package 'quadrotor_msgs' build argument 'catkin_skip_building_tests' from command line to 'False'
[0.245s] DEBUG:colcon.colcon_core.verb:Building package 'quadrotor_msgs' with the following arguments: {'ament_cmake_args': None, 'build_base': '/home/suxin/English_Path/test111/autonomous_navigation_environment_ego/build/quadrotor_msgs', 'catkin_cmake_args': None, 'catkin_skip_building_tests': False, 'cmake_args': None, 'cmake_clean_cache': False, 'cmake_clean_first': False, 'cmake_force_configure': False, 'cmake_target': None, 'cmake_target_skip_unavailable': False, 'install_base': '/home/suxin/English_Path/test111/autonomous_navigation_environment_ego/install/quadrotor_msgs', 'merge_install': False, 'path': '/home/suxin/English_Path/test111/autonomous_navigation_environment_ego/src/ego_planner_ros2/src/uav_simulator/Utils/quadrotor_msgs', 'symlink_install': True, 'test_result_base': None}
[0.245s] Level 5:colcon.colcon_core.verb:set package 'sensor_scan_generation' build argument 'cmake_args' from command line to 'None'
[0.245s] Level 5:colcon.colcon_core.verb:set package 'sensor_scan_generation' build argument 'cmake_target' from command line to 'None'
[0.245s] Level 5:colcon.colcon_core.verb:set package 'sensor_scan_generation' build argument 'cmake_target_skip_unavailable' from command line to 'False'
[0.245s] Level 5:colcon.colcon_core.verb:set package 'sensor_scan_generation' build argument 'cmake_clean_cache' from command line to 'False'
[0.245s] Level 5:colcon.colcon_core.verb:set package 'sensor_scan_generation' build argument 'cmake_clean_first' from command line to 'False'
[0.245s] Level 5:colcon.colcon_core.verb:set package 'sensor_scan_generation' build argument 'cmake_force_configure' from command line to 'False'
[0.245s] Level 5:colcon.colcon_core.verb:set package 'sensor_scan_generation' build argument 'ament_cmake_args' from command line to 'None'
[0.245s] Level 5:colcon.colcon_core.verb:set package 'sensor_scan_generation' build argument 'catkin_cmake_args' from command line to 'None'
[0.245s] Level 5:colcon.colcon_core.verb:set package 'sensor_scan_generation' build argument 'catkin_skip_building_tests' from command line to 'False'
[0.245s] DEBUG:colcon.colcon_core.verb:Building package 'sensor_scan_generation' with the following arguments: {'ament_cmake_args': None, 'build_base': '/home/suxin/English_Path/test111/autonomous_navigation_environment_ego/build/sensor_scan_generation', 'catkin_cmake_args': None, 'catkin_skip_building_tests': False, 'cmake_args': None, 'cmake_clean_cache': False, 'cmake_clean_first': False, 'cmake_force_configure': False, 'cmake_target': None, 'cmake_target_skip_unavailable': False, 'install_base': '/home/suxin/English_Path/test111/autonomous_navigation_environment_ego/install/sensor_scan_generation', 'merge_install': False, 'path': '/home/suxin/English_Path/test111/autonomous_navigation_environment_ego/src/sensor_scan_generation', 'symlink_install': True, 'test_result_base': None}
[0.245s] Level 5:colcon.colcon_core.verb:set package 'terrain_analysis' build argument 'cmake_args' from command line to 'None'
[0.245s] Level 5:colcon.colcon_core.verb:set package 'terrain_analysis' build argument 'cmake_target' from command line to 'None'
[0.245s] Level 5:colcon.colcon_core.verb:set package 'terrain_analysis' build argument 'cmake_target_skip_unavailable' from command line to 'False'
[0.245s] Level 5:colcon.colcon_core.verb:set package 'terrain_analysis' build argument 'cmake_clean_cache' from command line to 'False'
[0.245s] Level 5:colcon.colcon_core.verb:set package 'terrain_analysis' build argument 'cmake_clean_first' from command line to 'False'
[0.245s] Level 5:colcon.colcon_core.verb:set package 'terrain_analysis' build argument 'cmake_force_configure' from command line to 'False'
[0.245s] Level 5:colcon.colcon_core.verb:set package 'terrain_analysis' build argument 'ament_cmake_args' from command line to 'None'
[0.245s] Level 5:colcon.colcon_core.verb:set package 'terrain_analysis' build argument 'catkin_cmake_args' from command line to 'None'
[0.245s] Level 5:colcon.colcon_core.verb:set package 'terrain_analysis' build argument 'catkin_skip_building_tests' from command line to 'False'
[0.245s] DEBUG:colcon.colcon_core.verb:Building package 'terrain_analysis' with the following arguments: {'ament_cmake_args': None, 'build_base': '/home/suxin/English_Path/test111/autonomous_navigation_environment_ego/build/terrain_analysis', 'catkin_cmake_args': None, 'catkin_skip_building_tests': False, 'cmake_args': None, 'cmake_clean_cache': False, 'cmake_clean_first': False, 'cmake_force_configure': False, 'cmake_target': None, 'cmake_target_skip_unavailable': False, 'install_base': '/home/suxin/English_Path/test111/autonomous_navigation_environment_ego/install/terrain_analysis', 'merge_install': False, 'path': '/home/suxin/English_Path/test111/autonomous_navigation_environment_ego/src/terrain_analysis', 'symlink_install': True, 'test_result_base': None}
[0.245s] Level 5:colcon.colcon_core.verb:set package 'terrain_analysis_ext' build argument 'cmake_args' from command line to 'None'
[0.245s] Level 5:colcon.colcon_core.verb:set package 'terrain_analysis_ext' build argument 'cmake_target' from command line to 'None'
[0.245s] Level 5:colcon.colcon_core.verb:set package 'terrain_analysis_ext' build argument 'cmake_target_skip_unavailable' from command line to 'False'
[0.245s] Level 5:colcon.colcon_core.verb:set package 'terrain_analysis_ext' build argument 'cmake_clean_cache' from command line to 'False'
[0.245s] Level 5:colcon.colcon_core.verb:set package 'terrain_analysis_ext' build argument 'cmake_clean_first' from command line to 'False'
[0.245s] Level 5:colcon.colcon_core.verb:set package 'terrain_analysis_ext' build argument 'cmake_force_configure' from command line to 'False'
[0.245s] Level 5:colcon.colcon_core.verb:set package 'terrain_analysis_ext' build argument 'ament_cmake_args' from command line to 'None'
[0.245s] Level 5:colcon.colcon_core.verb:set package 'terrain_analysis_ext' build argument 'catkin_cmake_args' from command line to 'None'
[0.245s] Level 5:colcon.colcon_core.verb:set package 'terrain_analysis_ext' build argument 'catkin_skip_building_tests' from command line to 'False'
[0.246s] DEBUG:colcon.colcon_core.verb:Building package 'terrain_analysis_ext' with the following arguments: {'ament_cmake_args': None, 'build_base': '/home/suxin/English_Path/test111/autonomous_navigation_environment_ego/build/terrain_analysis_ext', 'catkin_cmake_args': None, 'catkin_skip_building_tests': False, 'cmake_args': None, 'cmake_clean_cache': False, 'cmake_clean_first': False, 'cmake_force_configure': False, 'cmake_target': None, 'cmake_target_skip_unavailable': False, 'install_base': '/home/suxin/English_Path/test111/autonomous_navigation_environment_ego/install/terrain_analysis_ext', 'merge_install': False, 'path': '/home/suxin/English_Path/test111/autonomous_navigation_environment_ego/src/terrain_analysis_ext', 'symlink_install': True, 'test_result_base': None}
[0.246s] Level 5:colcon.colcon_core.verb:set package 'traj_utils' build argument 'cmake_args' from command line to 'None'
[0.246s] Level 5:colcon.colcon_core.verb:set package 'traj_utils' build argument 'cmake_target' from command line to 'None'
[0.246s] Level 5:colcon.colcon_core.verb:set package 'traj_utils' build argument 'cmake_target_skip_unavailable' from command line to 'False'
[0.246s] Level 5:colcon.colcon_core.verb:set package 'traj_utils' build argument 'cmake_clean_cache' from command line to 'False'
[0.246s] Level 5:colcon.colcon_core.verb:set package 'traj_utils' build argument 'cmake_clean_first' from command line to 'False'
[0.246s] Level 5:colcon.colcon_core.verb:set package 'traj_utils' build argument 'cmake_force_configure' from command line to 'False'
[0.246s] Level 5:colcon.colcon_core.verb:set package 'traj_utils' build argument 'ament_cmake_args' from command line to 'None'
[0.246s] Level 5:colcon.colcon_core.verb:set package 'traj_utils' build argument 'catkin_cmake_args' from command line to 'None'
[0.246s] Level 5:colcon.colcon_core.verb:set package 'traj_utils' build argument 'catkin_skip_building_tests' from command line to 'False'
[0.246s] DEBUG:colcon.colcon_core.verb:Building package 'traj_utils' with the following arguments: {'ament_cmake_args': None, 'build_base': '/home/suxin/English_Path/test111/autonomous_navigation_environment_ego/build/traj_utils', 'catkin_cmake_args': None, 'catkin_skip_building_tests': False, 'cmake_args': None, 'cmake_clean_cache': False, 'cmake_clean_first': False, 'cmake_force_configure': False, 'cmake_target': None, 'cmake_target_skip_unavailable': False, 'install_base': '/home/suxin/English_Path/test111/autonomous_navigation_environment_ego/install/traj_utils', 'merge_install': False, 'path': '/home/suxin/English_Path/test111/autonomous_navigation_environment_ego/src/ego_planner_ros2/src/planner/traj_utils_z', 'symlink_install': True, 'test_result_base': None}
[0.246s] Level 5:colcon.colcon_core.verb:set package 'traj_utils_so' build argument 'cmake_args' from command line to 'None'
[0.246s] Level 5:colcon.colcon_core.verb:set package 'traj_utils_so' build argument 'cmake_target' from command line to 'None'
[0.246s] Level 5:colcon.colcon_core.verb:set package 'traj_utils_so' build argument 'cmake_target_skip_unavailable' from command line to 'False'
[0.246s] Level 5:colcon.colcon_core.verb:set package 'traj_utils_so' build argument 'cmake_clean_cache' from command line to 'False'
[0.246s] Level 5:colcon.colcon_core.verb:set package 'traj_utils_so' build argument 'cmake_clean_first' from command line to 'False'
[0.246s] Level 5:colcon.colcon_core.verb:set package 'traj_utils_so' build argument 'cmake_force_configure' from command line to 'False'
[0.246s] Level 5:colcon.colcon_core.verb:set package 'traj_utils_so' build argument 'ament_cmake_args' from command line to 'None'
[0.246s] Level 5:colcon.colcon_core.verb:set package 'traj_utils_so' build argument 'catkin_cmake_args' from command line to 'None'
[0.246s] Level 5:colcon.colcon_core.verb:set package 'traj_utils_so' build argument 'catkin_skip_building_tests' from command line to 'False'
[0.246s] DEBUG:colcon.colcon_core.verb:Building package 'traj_utils_so' with the following arguments: {'ament_cmake_args': None, 'build_base': '/home/suxin/English_Path/test111/autonomous_navigation_environment_ego/build/traj_utils_so', 'catkin_cmake_args': None, 'catkin_skip_building_tests': False, 'cmake_args': None, 'cmake_clean_cache': False, 'cmake_clean_first': False, 'cmake_force_configure': False, 'cmake_target': None, 'cmake_target_skip_unavailable': False, 'install_base': '/home/suxin/English_Path/test111/autonomous_navigation_environment_ego/install/traj_utils_so', 'merge_install': False, 'path': '/home/suxin/English_Path/test111/autonomous_navigation_environment_ego/src/ego_planner_ros2/src/planner/traj_utils_so', 'symlink_install': True, 'test_result_base': None}
[0.246s] Level 5:colcon.colcon_core.verb:set package 'turtlebot3_description' build argument 'cmake_args' from command line to 'None'
[0.246s] Level 5:colcon.colcon_core.verb:set package 'turtlebot3_description' build argument 'cmake_target' from command line to 'None'
[0.246s] Level 5:colcon.colcon_core.verb:set package 'turtlebot3_description' build argument 'cmake_target_skip_unavailable' from command line to 'False'
[0.246s] Level 5:colcon.colcon_core.verb:set package 'turtlebot3_description' build argument 'cmake_clean_cache' from command line to 'False'
[0.246s] Level 5:colcon.colcon_core.verb:set package 'turtlebot3_description' build argument 'cmake_clean_first' from command line to 'False'
[0.246s] Level 5:colcon.colcon_core.verb:set package 'turtlebot3_description' build argument 'cmake_force_configure' from command line to 'False'
[0.246s] Level 5:colcon.colcon_core.verb:set package 'turtlebot3_description' build argument 'ament_cmake_args' from command line to 'None'
[0.246s] Level 5:colcon.colcon_core.verb:set package 'turtlebot3_description' build argument 'catkin_cmake_args' from command line to 'None'
[0.246s] Level 5:colcon.colcon_core.verb:set package 'turtlebot3_description' build argument 'catkin_skip_building_tests' from command line to 'False'
[0.246s] DEBUG:colcon.colcon_core.verb:Building package 'turtlebot3_description' with the following arguments: {'ament_cmake_args': None, 'build_base': '/home/suxin/English_Path/test111/autonomous_navigation_environment_ego/build/turtlebot3_description', 'catkin_cmake_args': None, 'catkin_skip_building_tests': False, 'cmake_args': None, 'cmake_clean_cache': False, 'cmake_clean_first': False, 'cmake_force_configure': False, 'cmake_target': None, 'cmake_target_skip_unavailable': False, 'install_base': '/home/suxin/English_Path/test111/autonomous_navigation_environment_ego/install/turtlebot3_description', 'merge_install': False, 'path': '/home/suxin/English_Path/test111/autonomous_navigation_environment_ego/src/simulation_gazebo_model/sdf_model_urdf_files/turtlebot3_description', 'symlink_install': True, 'test_result_base': None}
[0.246s] Level 5:colcon.colcon_core.verb:set package 'turtlebot3_fake_node' build argument 'cmake_args' from command line to 'None'
[0.246s] Level 5:colcon.colcon_core.verb:set package 'turtlebot3_fake_node' build argument 'cmake_target' from command line to 'None'
[0.246s] Level 5:colcon.colcon_core.verb:set package 'turtlebot3_fake_node' build argument 'cmake_target_skip_unavailable' from command line to 'False'
[0.246s] Level 5:colcon.colcon_core.verb:set package 'turtlebot3_fake_node' build argument 'cmake_clean_cache' from command line to 'False'
[0.246s] Level 5:colcon.colcon_core.verb:set package 'turtlebot3_fake_node' build argument 'cmake_clean_first' from command line to 'False'
[0.246s] Level 5:colcon.colcon_core.verb:set package 'turtlebot3_fake_node' build argument 'cmake_force_configure' from command line to 'False'
[0.246s] Level 5:colcon.colcon_core.verb:set package 'turtlebot3_fake_node' build argument 'ament_cmake_args' from command line to 'None'
[0.246s] Level 5:colcon.colcon_core.verb:set package 'turtlebot3_fake_node' build argument 'catkin_cmake_args' from command line to 'None'
[0.247s] Level 5:colcon.colcon_core.verb:set package 'turtlebot3_fake_node' build argument 'catkin_skip_building_tests' from command line to 'False'
[0.247s] DEBUG:colcon.colcon_core.verb:Building package 'turtlebot3_fake_node' with the following arguments: {'ament_cmake_args': None, 'build_base': '/home/suxin/English_Path/test111/autonomous_navigation_environment_ego/build/turtlebot3_fake_node', 'catkin_cmake_args': None, 'catkin_skip_building_tests': False, 'cmake_args': None, 'cmake_clean_cache': False, 'cmake_clean_first': False, 'cmake_force_configure': False, 'cmake_target': None, 'cmake_target_skip_unavailable': False, 'install_base': '/home/suxin/English_Path/test111/autonomous_navigation_environment_ego/install/turtlebot3_fake_node', 'merge_install': False, 'path': '/home/suxin/English_Path/test111/autonomous_navigation_environment_ego/src/simulation_gazebo_model/launch_files/turtlebot3_fake_node', 'symlink_install': True, 'test_result_base': None}
[0.247s] Level 5:colcon.colcon_core.verb:set package 'vehicle_simulator' build argument 'cmake_args' from command line to 'None'
[0.247s] Level 5:colcon.colcon_core.verb:set package 'vehicle_simulator' build argument 'cmake_target' from command line to 'None'
[0.247s] Level 5:colcon.colcon_core.verb:set package 'vehicle_simulator' build argument 'cmake_target_skip_unavailable' from command line to 'False'
[0.247s] Level 5:colcon.colcon_core.verb:set package 'vehicle_simulator' build argument 'cmake_clean_cache' from command line to 'False'
[0.247s] Level 5:colcon.colcon_core.verb:set package 'vehicle_simulator' build argument 'cmake_clean_first' from command line to 'False'
[0.247s] Level 5:colcon.colcon_core.verb:set package 'vehicle_simulator' build argument 'cmake_force_configure' from command line to 'False'
[0.247s] Level 5:colcon.colcon_core.verb:set package 'vehicle_simulator' build argument 'ament_cmake_args' from command line to 'None'
[0.247s] Level 5:colcon.colcon_core.verb:set package 'vehicle_simulator' build argument 'catkin_cmake_args' from command line to 'None'
[0.247s] Level 5:colcon.colcon_core.verb:set package 'vehicle_simulator' build argument 'catkin_skip_building_tests' from command line to 'False'
[0.247s] DEBUG:colcon.colcon_core.verb:Building package 'vehicle_simulator' with the following arguments: {'ament_cmake_args': None, 'build_base': '/home/suxin/English_Path/test111/autonomous_navigation_environment_ego/build/vehicle_simulator', 'catkin_cmake_args': None, 'catkin_skip_building_tests': False, 'cmake_args': None, 'cmake_clean_cache': False, 'cmake_clean_first': False, 'cmake_force_configure': False, 'cmake_target': None, 'cmake_target_skip_unavailable': False, 'install_base': '/home/suxin/English_Path/test111/autonomous_navigation_environment_ego/install/vehicle_simulator', 'merge_install': False, 'path': '/home/suxin/English_Path/test111/autonomous_navigation_environment_ego/src/vehicle_simulator', 'symlink_install': True, 'test_result_base': None}
[0.247s] Level 5:colcon.colcon_core.verb:set package 'visualization_tools' build argument 'cmake_args' from command line to 'None'
[0.247s] Level 5:colcon.colcon_core.verb:set package 'visualization_tools' build argument 'cmake_target' from command line to 'None'
[0.247s] Level 5:colcon.colcon_core.verb:set package 'visualization_tools' build argument 'cmake_target_skip_unavailable' from command line to 'False'
[0.247s] Level 5:colcon.colcon_core.verb:set package 'visualization_tools' build argument 'cmake_clean_cache' from command line to 'False'
[0.247s] Level 5:colcon.colcon_core.verb:set package 'visualization_tools' build argument 'cmake_clean_first' from command line to 'False'
[0.247s] Level 5:colcon.colcon_core.verb:set package 'visualization_tools' build argument 'cmake_force_configure' from command line to 'False'
[0.247s] Level 5:colcon.colcon_core.verb:set package 'visualization_tools' build argument 'ament_cmake_args' from command line to 'None'
[0.247s] Level 5:colcon.colcon_core.verb:set package 'visualization_tools' build argument 'catkin_cmake_args' from command line to 'None'
[0.247s] Level 5:colcon.colcon_core.verb:set package 'visualization_tools' build argument 'catkin_skip_building_tests' from command line to 'False'
[0.247s] DEBUG:colcon.colcon_core.verb:Building package 'visualization_tools' with the following arguments: {'ament_cmake_args': None, 'build_base': '/home/suxin/English_Path/test111/autonomous_navigation_environment_ego/build/visualization_tools', 'catkin_cmake_args': None, 'catkin_skip_building_tests': False, 'cmake_args': None, 'cmake_clean_cache': False, 'cmake_clean_first': False, 'cmake_force_configure': False, 'cmake_target': None, 'cmake_target_skip_unavailable': False, 'install_base': '/home/suxin/English_Path/test111/autonomous_navigation_environment_ego/install/visualization_tools', 'merge_install': False, 'path': '/home/suxin/English_Path/test111/autonomous_navigation_environment_ego/src/visualization_tools', 'symlink_install': True, 'test_result_base': None}
[0.247s] Level 5:colcon.colcon_core.verb:set package 'visualization_tools_py' build argument 'cmake_args' from command line to 'None'
[0.247s] Level 5:colcon.colcon_core.verb:set package 'visualization_tools_py' build argument 'cmake_target' from command line to 'None'
[0.247s] Level 5:colcon.colcon_core.verb:set package 'visualization_tools_py' build argument 'cmake_target_skip_unavailable' from command line to 'False'
[0.247s] Level 5:colcon.colcon_core.verb:set package 'visualization_tools_py' build argument 'cmake_clean_cache' from command line to 'False'
[0.247s] Level 5:colcon.colcon_core.verb:set package 'visualization_tools_py' build argument 'cmake_clean_first' from command line to 'False'
[0.247s] Level 5:colcon.colcon_core.verb:set package 'visualization_tools_py' build argument 'cmake_force_configure' from command line to 'False'
[0.247s] Level 5:colcon.colcon_core.verb:set package 'visualization_tools_py' build argument 'ament_cmake_args' from command line to 'None'
[0.247s] Level 5:colcon.colcon_core.verb:set package 'visualization_tools_py' build argument 'catkin_cmake_args' from command line to 'None'
[0.247s] Level 5:colcon.colcon_core.verb:set package 'visualization_tools_py' build argument 'catkin_skip_building_tests' from command line to 'False'
[0.247s] DEBUG:colcon.colcon_core.verb:Building package 'visualization_tools_py' with the following arguments: {'ament_cmake_args': None, 'build_base': '/home/suxin/English_Path/test111/autonomous_navigation_environment_ego/build/visualization_tools_py', 'catkin_cmake_args': None, 'catkin_skip_building_tests': False, 'cmake_args': None, 'cmake_clean_cache': False, 'cmake_clean_first': False, 'cmake_force_configure': False, 'cmake_target': None, 'cmake_target_skip_unavailable': False, 'install_base': '/home/suxin/English_Path/test111/autonomous_navigation_environment_ego/install/visualization_tools_py', 'merge_install': False, 'path': '/home/suxin/English_Path/test111/autonomous_navigation_environment_ego/src/visualization_tools_py', 'symlink_install': True, 'test_result_base': None}
[0.247s] Level 5:colcon.colcon_core.verb:set package 'bridge_test' build argument 'cmake_args' from command line to 'None'
[0.247s] Level 5:colcon.colcon_core.verb:set package 'bridge_test' build argument 'cmake_target' from command line to 'None'
[0.247s] Level 5:colcon.colcon_core.verb:set package 'bridge_test' build argument 'cmake_target_skip_unavailable' from command line to 'False'
[0.247s] Level 5:colcon.colcon_core.verb:set package 'bridge_test' build argument 'cmake_clean_cache' from command line to 'False'
[0.247s] Level 5:colcon.colcon_core.verb:set package 'bridge_test' build argument 'cmake_clean_first' from command line to 'False'
[0.248s] Level 5:colcon.colcon_core.verb:set package 'bridge_test' build argument 'cmake_force_configure' from command line to 'False'
[0.248s] Level 5:colcon.colcon_core.verb:set package 'bridge_test' build argument 'ament_cmake_args' from command line to 'None'
[0.248s] Level 5:colcon.colcon_core.verb:set package 'bridge_test' build argument 'catkin_cmake_args' from command line to 'None'
[0.248s] Level 5:colcon.colcon_core.verb:set package 'bridge_test' build argument 'catkin_skip_building_tests' from command line to 'False'
[0.248s] DEBUG:colcon.colcon_core.verb:Building package 'bridge_test' with the following arguments: {'ament_cmake_args': None, 'build_base': '/home/suxin/English_Path/test111/autonomous_navigation_environment_ego/build/bridge_test', 'catkin_cmake_args': None, 'catkin_skip_building_tests': False, 'cmake_args': None, 'cmake_clean_cache': False, 'cmake_clean_first': False, 'cmake_force_configure': False, 'cmake_target': None, 'cmake_target_skip_unavailable': False, 'install_base': '/home/suxin/English_Path/test111/autonomous_navigation_environment_ego/install/bridge_test', 'merge_install': False, 'path': '/home/suxin/English_Path/test111/autonomous_navigation_environment_ego/src/ego_planner_ros2/src/planner/bridge_test', 'symlink_install': True, 'test_result_base': None}
[0.248s] Level 5:colcon.colcon_core.verb:set package 'ego_planner' build argument 'cmake_args' from command line to 'None'
[0.248s] Level 5:colcon.colcon_core.verb:set package 'ego_planner' build argument 'cmake_target' from command line to 'None'
[0.248s] Level 5:colcon.colcon_core.verb:set package 'ego_planner' build argument 'cmake_target_skip_unavailable' from command line to 'False'
[0.248s] Level 5:colcon.colcon_core.verb:set package 'ego_planner' build argument 'cmake_clean_cache' from command line to 'False'
[0.248s] Level 5:colcon.colcon_core.verb:set package 'ego_planner' build argument 'cmake_clean_first' from command line to 'False'
[0.248s] Level 5:colcon.colcon_core.verb:set package 'ego_planner' build argument 'cmake_force_configure' from command line to 'False'
[0.248s] Level 5:colcon.colcon_core.verb:set package 'ego_planner' build argument 'ament_cmake_args' from command line to 'None'
[0.248s] Level 5:colcon.colcon_core.verb:set package 'ego_planner' build argument 'catkin_cmake_args' from command line to 'None'
[0.248s] Level 5:colcon.colcon_core.verb:set package 'ego_planner' build argument 'catkin_skip_building_tests' from command line to 'False'
[0.248s] DEBUG:colcon.colcon_core.verb:Building package 'ego_planner' with the following arguments: {'ament_cmake_args': None, 'build_base': '/home/suxin/English_Path/test111/autonomous_navigation_environment_ego/build/ego_planner', 'catkin_cmake_args': None, 'catkin_skip_building_tests': False, 'cmake_args': None, 'cmake_clean_cache': False, 'cmake_clean_first': False, 'cmake_force_configure': False, 'cmake_target': None, 'cmake_target_skip_unavailable': False, 'install_base': '/home/suxin/English_Path/test111/autonomous_navigation_environment_ego/install/ego_planner', 'merge_install': False, 'path': '/home/suxin/English_Path/test111/autonomous_navigation_environment_ego/src/ego_planner_ros2/src/planner/plan_manage', 'symlink_install': True, 'test_result_base': None}
[0.248s] Level 5:colcon.colcon_core.verb:set package 'local_sensing_node' build argument 'cmake_args' from command line to 'None'
[0.248s] Level 5:colcon.colcon_core.verb:set package 'local_sensing_node' build argument 'cmake_target' from command line to 'None'
[0.248s] Level 5:colcon.colcon_core.verb:set package 'local_sensing_node' build argument 'cmake_target_skip_unavailable' from command line to 'False'
[0.248s] Level 5:colcon.colcon_core.verb:set package 'local_sensing_node' build argument 'cmake_clean_cache' from command line to 'False'
[0.248s] Level 5:colcon.colcon_core.verb:set package 'local_sensing_node' build argument 'cmake_clean_first' from command line to 'False'
[0.248s] Level 5:colcon.colcon_core.verb:set package 'local_sensing_node' build argument 'cmake_force_configure' from command line to 'False'
[0.248s] Level 5:colcon.colcon_core.verb:set package 'local_sensing_node' build argument 'ament_cmake_args' from command line to 'None'
[0.248s] Level 5:colcon.colcon_core.verb:set package 'local_sensing_node' build argument 'catkin_cmake_args' from command line to 'None'
[0.248s] Level 5:colcon.colcon_core.verb:set package 'local_sensing_node' build argument 'catkin_skip_building_tests' from command line to 'False'
[0.248s] DEBUG:colcon.colcon_core.verb:Building package 'local_sensing_node' with the following arguments: {'ament_cmake_args': None, 'build_base': '/home/suxin/English_Path/test111/autonomous_navigation_environment_ego/build/local_sensing_node', 'catkin_cmake_args': None, 'catkin_skip_building_tests': False, 'cmake_args': None, 'cmake_clean_cache': False, 'cmake_clean_first': False, 'cmake_force_configure': False, 'cmake_target': None, 'cmake_target_skip_unavailable': False, 'install_base': '/home/suxin/English_Path/test111/autonomous_navigation_environment_ego/install/local_sensing_node', 'merge_install': False, 'path': '/home/suxin/English_Path/test111/autonomous_navigation_environment_ego/src/ego_planner_ros2/src/uav_simulator/local_sensing', 'symlink_install': True, 'test_result_base': None}
[0.248s] Level 5:colcon.colcon_core.verb:set package 'new' build argument 'cmake_args' from command line to 'None'
[0.248s] Level 5:colcon.colcon_core.verb:set package 'new' build argument 'cmake_target' from command line to 'None'
[0.248s] Level 5:colcon.colcon_core.verb:set package 'new' build argument 'cmake_target_skip_unavailable' from command line to 'False'
[0.248s] Level 5:colcon.colcon_core.verb:set package 'new' build argument 'cmake_clean_cache' from command line to 'False'
[0.248s] Level 5:colcon.colcon_core.verb:set package 'new' build argument 'cmake_clean_first' from command line to 'False'
[0.248s] Level 5:colcon.colcon_core.verb:set package 'new' build argument 'cmake_force_configure' from command line to 'False'
[0.248s] Level 5:colcon.colcon_core.verb:set package 'new' build argument 'ament_cmake_args' from command line to 'None'
[0.248s] Level 5:colcon.colcon_core.verb:set package 'new' build argument 'catkin_cmake_args' from command line to 'None'
[0.248s] Level 5:colcon.colcon_core.verb:set package 'new' build argument 'catkin_skip_building_tests' from command line to 'False'
[0.248s] DEBUG:colcon.colcon_core.verb:Building package 'new' with the following arguments: {'ament_cmake_args': None, 'build_base': '/home/suxin/English_Path/test111/autonomous_navigation_environment_ego/build/new', 'catkin_cmake_args': None, 'catkin_skip_building_tests': False, 'cmake_args': None, 'cmake_clean_cache': False, 'cmake_clean_first': False, 'cmake_force_configure': False, 'cmake_target': None, 'cmake_target_skip_unavailable': False, 'install_base': '/home/suxin/English_Path/test111/autonomous_navigation_environment_ego/install/new', 'merge_install': False, 'path': '/home/suxin/English_Path/test111/autonomous_navigation_environment_ego/src/ego_planner_ros2/src/planner/new', 'symlink_install': True, 'test_result_base': None}
[0.248s] Level 5:colcon.colcon_core.verb:set package 'odom_visualization' build argument 'cmake_args' from command line to 'None'
[0.248s] Level 5:colcon.colcon_core.verb:set package 'odom_visualization' build argument 'cmake_target' from command line to 'None'
[0.249s] Level 5:colcon.colcon_core.verb:set package 'odom_visualization' build argument 'cmake_target_skip_unavailable' from command line to 'False'
[0.249s] Level 5:colcon.colcon_core.verb:set package 'odom_visualization' build argument 'cmake_clean_cache' from command line to 'False'
[0.249s] Level 5:colcon.colcon_core.verb:set package 'odom_visualization' build argument 'cmake_clean_first' from command line to 'False'
[0.249s] Level 5:colcon.colcon_core.verb:set package 'odom_visualization' build argument 'cmake_force_configure' from command line to 'False'
[0.249s] Level 5:colcon.colcon_core.verb:set package 'odom_visualization' build argument 'ament_cmake_args' from command line to 'None'
[0.249s] Level 5:colcon.colcon_core.verb:set package 'odom_visualization' build argument 'catkin_cmake_args' from command line to 'None'
[0.249s] Level 5:colcon.colcon_core.verb:set package 'odom_visualization' build argument 'catkin_skip_building_tests' from command line to 'False'
[0.249s] DEBUG:colcon.colcon_core.verb:Building package 'odom_visualization' with the following arguments: {'ament_cmake_args': None, 'build_base': '/home/suxin/English_Path/test111/autonomous_navigation_environment_ego/build/odom_visualization', 'catkin_cmake_args': None, 'catkin_skip_building_tests': False, 'cmake_args': None, 'cmake_clean_cache': False, 'cmake_clean_first': False, 'cmake_force_configure': False, 'cmake_target': None, 'cmake_target_skip_unavailable': False, 'install_base': '/home/suxin/English_Path/test111/autonomous_navigation_environment_ego/install/odom_visualization', 'merge_install': False, 'path': '/home/suxin/English_Path/test111/autonomous_navigation_environment_ego/src/ego_planner_ros2/src/uav_simulator/Utils/odom_visualization', 'symlink_install': True, 'test_result_base': None}
[0.249s] Level 5:colcon.colcon_core.verb:set package 'poscmd_2_odom' build argument 'cmake_args' from command line to 'None'
[0.249s] Level 5:colcon.colcon_core.verb:set package 'poscmd_2_odom' build argument 'cmake_target' from command line to 'None'
[0.249s] Level 5:colcon.colcon_core.verb:set package 'poscmd_2_odom' build argument 'cmake_target_skip_unavailable' from command line to 'False'
[0.249s] Level 5:colcon.colcon_core.verb:set package 'poscmd_2_odom' build argument 'cmake_clean_cache' from command line to 'False'
[0.249s] Level 5:colcon.colcon_core.verb:set package 'poscmd_2_odom' build argument 'cmake_clean_first' from command line to 'False'
[0.249s] Level 5:colcon.colcon_core.verb:set package 'poscmd_2_odom' build argument 'cmake_force_configure' from command line to 'False'
[0.249s] Level 5:colcon.colcon_core.verb:set package 'poscmd_2_odom' build argument 'ament_cmake_args' from command line to 'None'
[0.249s] Level 5:colcon.colcon_core.verb:set package 'poscmd_2_odom' build argument 'catkin_cmake_args' from command line to 'None'
[0.249s] Level 5:colcon.colcon_core.verb:set package 'poscmd_2_odom' build argument 'catkin_skip_building_tests' from command line to 'False'
[0.249s] DEBUG:colcon.colcon_core.verb:Building package 'poscmd_2_odom' with the following arguments: {'ament_cmake_args': None, 'build_base': '/home/suxin/English_Path/test111/autonomous_navigation_environment_ego/build/poscmd_2_odom', 'catkin_cmake_args': None, 'catkin_skip_building_tests': False, 'cmake_args': None, 'cmake_clean_cache': False, 'cmake_clean_first': False, 'cmake_force_configure': False, 'cmake_target': None, 'cmake_target_skip_unavailable': False, 'install_base': '/home/suxin/English_Path/test111/autonomous_navigation_environment_ego/install/poscmd_2_odom', 'merge_install': False, 'path': '/home/suxin/English_Path/test111/autonomous_navigation_environment_ego/src/ego_planner_ros2/src/uav_simulator/fake_drone', 'symlink_install': True, 'test_result_base': None}
[0.249s] Level 5:colcon.colcon_core.verb:set package 'turtlebot3_gazebo' build argument 'cmake_args' from command line to 'None'
[0.249s] Level 5:colcon.colcon_core.verb:set package 'turtlebot3_gazebo' build argument 'cmake_target' from command line to 'None'
[0.249s] Level 5:colcon.colcon_core.verb:set package 'turtlebot3_gazebo' build argument 'cmake_target_skip_unavailable' from command line to 'False'
[0.249s] Level 5:colcon.colcon_core.verb:set package 'turtlebot3_gazebo' build argument 'cmake_clean_cache' from command line to 'False'
[0.249s] Level 5:colcon.colcon_core.verb:set package 'turtlebot3_gazebo' build argument 'cmake_clean_first' from command line to 'False'
[0.249s] Level 5:colcon.colcon_core.verb:set package 'turtlebot3_gazebo' build argument 'cmake_force_configure' from command line to 'False'
[0.249s] Level 5:colcon.colcon_core.verb:set package 'turtlebot3_gazebo' build argument 'ament_cmake_args' from command line to 'None'
[0.249s] Level 5:colcon.colcon_core.verb:set package 'turtlebot3_gazebo' build argument 'catkin_cmake_args' from command line to 'None'
[0.249s] Level 5:colcon.colcon_core.verb:set package 'turtlebot3_gazebo' build argument 'catkin_skip_building_tests' from command line to 'False'
[0.249s] DEBUG:colcon.colcon_core.verb:Building package 'turtlebot3_gazebo' with the following arguments: {'ament_cmake_args': None, 'build_base': '/home/suxin/English_Path/test111/autonomous_navigation_environment_ego/build/turtlebot3_gazebo', 'catkin_cmake_args': None, 'catkin_skip_building_tests': False, 'cmake_args': None, 'cmake_clean_cache': False, 'cmake_clean_first': False, 'cmake_force_configure': False, 'cmake_target': None, 'cmake_target_skip_unavailable': False, 'install_base': '/home/suxin/English_Path/test111/autonomous_navigation_environment_ego/install/turtlebot3_gazebo', 'merge_install': False, 'path': '/home/suxin/English_Path/test111/autonomous_navigation_environment_ego/src/simulation_gazebo_model/launch_files/turtlebot3_gazebo', 'symlink_install': True, 'test_result_base': None}
[0.249s] Level 5:colcon.colcon_core.verb:set package 'turtlebot3_simulations' build argument 'cmake_args' from command line to 'None'
[0.249s] Level 5:colcon.colcon_core.verb:set package 'turtlebot3_simulations' build argument 'cmake_target' from command line to 'None'
[0.249s] Level 5:colcon.colcon_core.verb:set package 'turtlebot3_simulations' build argument 'cmake_target_skip_unavailable' from command line to 'False'
[0.249s] Level 5:colcon.colcon_core.verb:set package 'turtlebot3_simulations' build argument 'cmake_clean_cache' from command line to 'False'
[0.249s] Level 5:colcon.colcon_core.verb:set package 'turtlebot3_simulations' build argument 'cmake_clean_first' from command line to 'False'
[0.249s] Level 5:colcon.colcon_core.verb:set package 'turtlebot3_simulations' build argument 'cmake_force_configure' from command line to 'False'
[0.249s] Level 5:colcon.colcon_core.verb:set package 'turtlebot3_simulations' build argument 'ament_cmake_args' from command line to 'None'
[0.249s] Level 5:colcon.colcon_core.verb:set package 'turtlebot3_simulations' build argument 'catkin_cmake_args' from command line to 'None'
[0.249s] Level 5:colcon.colcon_core.verb:set package 'turtlebot3_simulations' build argument 'catkin_skip_building_tests' from command line to 'False'
[0.249s] DEBUG:colcon.colcon_core.verb:Building package 'turtlebot3_simulations' with the following arguments: {'ament_cmake_args': None, 'build_base': '/home/suxin/English_Path/test111/autonomous_navigation_environment_ego/build/turtlebot3_simulations', 'catkin_cmake_args': None, 'catkin_skip_building_tests': False, 'cmake_args': None, 'cmake_clean_cache': False, 'cmake_clean_first': False, 'cmake_force_configure': False, 'cmake_target': None, 'cmake_target_skip_unavailable': False, 'install_base': '/home/suxin/English_Path/test111/autonomous_navigation_environment_ego/install/turtlebot3_simulations', 'merge_install': False, 'path': '/home/suxin/English_Path/test111/autonomous_navigation_environment_ego/src/simulation_gazebo_model/launch_files/turtlebot3_simulations', 'symlink_install': True, 'test_result_base': None}
[0.249s] INFO:colcon.colcon_core.executor:Executing jobs using 'parallel' executor
[0.250s] DEBUG:colcon.colcon_parallel_executor.executor.parallel:run_until_complete
[0.250s] INFO:colcon.colcon_ros.task.ament_cmake.build:Building ROS package in '/home/suxin/English_Path/test111/autonomous_navigation_environment_ego/src/ego_planner_ros2/src/uav_simulator/Utils/quadrotor_msgs' with build type 'ament_cmake'
[0.250s] INFO:colcon.colcon_cmake.task.cmake.build:Building CMake package in '/home/suxin/English_Path/test111/autonomous_navigation_environment_ego/src/ego_planner_ros2/src/uav_simulator/Utils/quadrotor_msgs'
[0.251s] INFO:colcon.colcon_core.plugin_system:Skipping extension 'colcon_core.shell.bat': Not used on non-Windows systems
[0.252s] INFO:colcon.colcon_core.shell:Skip shell extension 'powershell' for command environment: Not usable outside of PowerShell
[0.252s] DEBUG:colcon.colcon_core.shell:Skip shell extension 'dsv' for command environment
[0.254s] INFO:colcon.colcon_ros.task.ament_cmake.build:Building ROS package in '/home/suxin/English_Path/test111/autonomous_navigation_environment_ego/src/ego_planner_ros2/src/planner/traj_utils_z' with build type 'ament_cmake'
[0.254s] INFO:colcon.colcon_cmake.task.cmake.build:Building CMake package in '/home/suxin/English_Path/test111/autonomous_navigation_environment_ego/src/ego_planner_ros2/src/planner/traj_utils_z'
[0.255s] INFO:colcon.colcon_core.shell:Skip shell extension 'powershell' for command environment: Not usable outside of PowerShell
[0.255s] DEBUG:colcon.colcon_core.shell:Skip shell extension 'dsv' for command environment
[0.257s] INFO:colcon.colcon_ros.task.ament_cmake.build:Building ROS package in '/home/suxin/English_Path/test111/autonomous_navigation_environment_ego/src/simulation_gazebo_model/sdf_model_urdf_files/turtlebot3_description' with build type 'ament_cmake'
[0.257s] INFO:colcon.colcon_cmake.task.cmake.build:Building CMake package in '/home/suxin/English_Path/test111/autonomous_navigation_environment_ego/src/simulation_gazebo_model/sdf_model_urdf_files/turtlebot3_description'
[0.257s] INFO:colcon.colcon_core.shell:Skip shell extension 'powershell' for command environment: Not usable outside of PowerShell
[0.257s] DEBUG:colcon.colcon_core.shell:Skip shell extension 'dsv' for command environment
[0.259s] INFO:colcon.colcon_ros.task.ament_cmake.build:Building ROS package in '/home/suxin/English_Path/test111/autonomous_navigation_environment_ego/src/ego_planner_ros2/src/planner/bspline_opt' with build type 'ament_cmake'
[0.260s] INFO:colcon.colcon_cmake.task.cmake.build:Building CMake package in '/home/suxin/English_Path/test111/autonomous_navigation_environment_ego/src/ego_planner_ros2/src/planner/bspline_opt'
[0.260s] INFO:colcon.colcon_core.shell:Skip shell extension 'powershell' for command environment: Not usable outside of PowerShell
[0.260s] DEBUG:colcon.colcon_core.shell:Skip shell extension 'dsv' for command environment
[0.262s] INFO:colcon.colcon_ros.task.catkin.build:Building ROS package in '/home/suxin/English_Path/test111/autonomous_navigation_environment_ego/src/ego_planner_ros2/src/planner/path_searching' with build type 'catkin'
[0.262s] INFO:colcon.colcon_cmake.task.cmake.build:Building CMake package in '/home/suxin/English_Path/test111/autonomous_navigation_environment_ego/src/ego_planner_ros2/src/planner/path_searching'
[0.263s] INFO:colcon.colcon_core.shell:Skip shell extension 'powershell' for command environment: Not usable outside of PowerShell
[0.263s] DEBUG:colcon.colcon_core.shell:Skip shell extension 'dsv' for command environment
[0.265s] INFO:colcon.colcon_ros.task.ament_cmake.build:Building ROS package in '/home/suxin/English_Path/test111/autonomous_navigation_environment_ego/src/ego_planner_ros2/src/planner/plan_env' with build type 'ament_cmake'
[0.265s] INFO:colcon.colcon_cmake.task.cmake.build:Building CMake package in '/home/suxin/English_Path/test111/autonomous_navigation_environment_ego/src/ego_planner_ros2/src/planner/plan_env'
[0.265s] INFO:colcon.colcon_core.shell:Skip shell extension 'powershell' for command environment: Not usable outside of PowerShell
[0.265s] DEBUG:colcon.colcon_core.shell:Skip shell extension 'dsv' for command environment
[0.267s] INFO:colcon.colcon_ros.task.ament_cmake.build:Building ROS package in '/home/suxin/English_Path/test111/autonomous_navigation_environment_ego/src/ego_planner_ros2/src/planner/traj_utils_so' with build type 'ament_cmake'
[0.267s] INFO:colcon.colcon_cmake.task.cmake.build:Building CMake package in '/home/suxin/English_Path/test111/autonomous_navigation_environment_ego/src/ego_planner_ros2/src/planner/traj_utils_so'
[0.268s] INFO:colcon.colcon_core.shell:Skip shell extension 'powershell' for command environment: Not usable outside of PowerShell
[0.268s] DEBUG:colcon.colcon_core.shell:Skip shell extension 'dsv' for command environment
[0.270s] INFO:colcon.colcon_ros.task.ament_cmake.build:Building ROS package in '/home/suxin/English_Path/test111/autonomous_navigation_environment_ego/src/simulation_gazebo_model/launch_files/turtlebot3_fake_node' with build type 'ament_cmake'
[0.270s] INFO:colcon.colcon_cmake.task.cmake.build:Building CMake package in '/home/suxin/English_Path/test111/autonomous_navigation_environment_ego/src/simulation_gazebo_model/launch_files/turtlebot3_fake_node'
[0.270s] INFO:colcon.colcon_core.shell:Skip shell extension 'powershell' for command environment: Not usable outside of PowerShell
[0.270s] DEBUG:colcon.colcon_core.shell:Skip shell extension 'dsv' for command environment
[0.272s] INFO:colcon.colcon_ros.task.ament_cmake.build:Building ROS package in '/home/suxin/English_Path/test111/autonomous_navigation_environment_ego/src/ego_planner_ros2/src/uav_simulator/local_pcl_map_provider' with build type 'ament_cmake'
[0.273s] INFO:colcon.colcon_cmake.task.cmake.build:Building CMake package in '/home/suxin/English_Path/test111/autonomous_navigation_environment_ego/src/ego_planner_ros2/src/uav_simulator/local_pcl_map_provider'
[0.273s] INFO:colcon.colcon_core.shell:Skip shell extension 'powershell' for command environment: Not usable outside of PowerShell
[0.273s] DEBUG:colcon.colcon_core.shell:Skip shell extension 'dsv' for command environment
[0.275s] INFO:colcon.colcon_ros.task.ament_cmake.build:Building ROS package in '/home/suxin/English_Path/test111/autonomous_navigation_environment_ego/src/local_planner' with build type 'ament_cmake'
[0.275s] INFO:colcon.colcon_cmake.task.cmake.build:Building CMake package in '/home/suxin/English_Path/test111/autonomous_navigation_environment_ego/src/local_planner'
[0.275s] INFO:colcon.colcon_core.shell:Skip shell extension 'powershell' for command environment: Not usable outside of PowerShell
[0.275s] DEBUG:colcon.colcon_core.shell:Skip shell extension 'dsv' for command environment
[0.278s] INFO:colcon.colcon_ros.task.ament_cmake.build:Building ROS package in '/home/suxin/English_Path/test111/autonomous_navigation_environment_ego/src/ego_planner_ros2/src/uav_simulator/map_generator' with build type 'ament_cmake'
[0.278s] INFO:colcon.colcon_cmake.task.cmake.build:Building CMake package in '/home/suxin/English_Path/test111/autonomous_navigation_environment_ego/src/ego_planner_ros2/src/uav_simulator/map_generator'
[0.278s] INFO:colcon.colcon_core.shell:Skip shell extension 'powershell' for command environment: Not usable outside of PowerShell
[0.278s] DEBUG:colcon.colcon_core.shell:Skip shell extension 'dsv' for command environment
[0.280s] INFO:colcon.colcon_ros.task.ament_cmake.build:Building ROS package in '/home/suxin/English_Path/test111/autonomous_navigation_environment_ego/src/ego_planner_ros2/src/uav_simulator/Utils/pose_utils' with build type 'ament_cmake'
[0.280s] INFO:colcon.colcon_cmake.task.cmake.build:Building CMake package in '/home/suxin/English_Path/test111/autonomous_navigation_environment_ego/src/ego_planner_ros2/src/uav_simulator/Utils/pose_utils'
[0.280s] INFO:colcon.colcon_core.shell:Skip shell extension 'powershell' for command environment: Not usable outside of PowerShell
[0.280s] DEBUG:colcon.colcon_core.shell:Skip shell extension 'dsv' for command environment
[0.282s] INFO:colcon.colcon_ros.task.ament_cmake.build:Building ROS package in '/home/suxin/English_Path/test111/autonomous_navigation_environment_ego/src/sensor_scan_generation' with build type 'ament_cmake'
[0.283s] INFO:colcon.colcon_cmake.task.cmake.build:Building CMake package in '/home/suxin/English_Path/test111/autonomous_navigation_environment_ego/src/sensor_scan_generation'
[0.283s] INFO:colcon.colcon_core.shell:Skip shell extension 'powershell' for command environment: Not usable outside of PowerShell
[0.283s] DEBUG:colcon.colcon_core.shell:Skip shell extension 'dsv' for command environment
[0.285s] INFO:colcon.colcon_ros.task.ament_cmake.build:Building ROS package in '/home/suxin/English_Path/test111/autonomous_navigation_environment_ego/src/terrain_analysis' with build type 'ament_cmake'
[0.285s] INFO:colcon.colcon_cmake.task.cmake.build:Building CMake package in '/home/suxin/English_Path/test111/autonomous_navigation_environment_ego/src/terrain_analysis'
[0.285s] INFO:colcon.colcon_core.shell:Skip shell extension 'powershell' for command environment: Not usable outside of PowerShell
[0.285s] DEBUG:colcon.colcon_core.shell:Skip shell extension 'dsv' for command environment
[0.288s] INFO:colcon.colcon_ros.task.ament_cmake.build:Building ROS package in '/home/suxin/English_Path/test111/autonomous_navigation_environment_ego/src/terrain_analysis_ext' with build type 'ament_cmake'
[0.288s] INFO:colcon.colcon_cmake.task.cmake.build:Building CMake package in '/home/suxin/English_Path/test111/autonomous_navigation_environment_ego/src/terrain_analysis_ext'
[0.288s] INFO:colcon.colcon_core.shell:Skip shell extension 'powershell' for command environment: Not usable outside of PowerShell
[0.288s] DEBUG:colcon.colcon_core.shell:Skip shell extension 'dsv' for command environment
[0.290s] INFO:colcon.colcon_ros.task.ament_cmake.build:Building ROS package in '/home/suxin/English_Path/test111/autonomous_navigation_environment_ego/src/vehicle_simulator' with build type 'ament_cmake'
[0.290s] INFO:colcon.colcon_cmake.task.cmake.build:Building CMake package in '/home/suxin/English_Path/test111/autonomous_navigation_environment_ego/src/vehicle_simulator'
[0.290s] INFO:colcon.colcon_core.shell:Skip shell extension 'powershell' for command environment: Not usable outside of PowerShell
[0.291s] DEBUG:colcon.colcon_core.shell:Skip shell extension 'dsv' for command environment
[0.293s] INFO:colcon.colcon_ros.task.ament_cmake.build:Building ROS package in '/home/suxin/English_Path/test111/autonomous_navigation_environment_ego/src/visualization_tools' with build type 'ament_cmake'
[0.293s] INFO:colcon.colcon_cmake.task.cmake.build:Building CMake package in '/home/suxin/English_Path/test111/autonomous_navigation_environment_ego/src/visualization_tools'
[0.293s] INFO:colcon.colcon_core.shell:Skip shell extension 'powershell' for command environment: Not usable outside of PowerShell
[0.293s] DEBUG:colcon.colcon_core.shell:Skip shell extension 'dsv' for command environment
[0.295s] INFO:colcon.colcon_ros.task.ament_python.build:Building ROS package in '/home/suxin/English_Path/test111/autonomous_navigation_environment_ego/src/visualization_tools_py' with build type 'ament_python'
[0.295s] Level 1:colcon.colcon_core.shell:create_environment_hook('visualization_tools_py', 'ament_prefix_path')
[0.296s] INFO:colcon.colcon_core.shell:Creating environment hook '/home/suxin/English_Path/test111/autonomous_navigation_environment_ego/install/visualization_tools_py/share/visualization_tools_py/hook/ament_prefix_path.ps1'
[0.296s] INFO:colcon.colcon_core.shell:Creating environment descriptor '/home/suxin/English_Path/test111/autonomous_navigation_environment_ego/install/visualization_tools_py/share/visualization_tools_py/hook/ament_prefix_path.dsv'
[0.296s] INFO:colcon.colcon_core.shell:Creating environment hook '/home/suxin/English_Path/test111/autonomous_navigation_environment_ego/install/visualization_tools_py/share/visualization_tools_py/hook/ament_prefix_path.sh'
[0.297s] INFO:colcon.colcon_core.shell:Skip shell extension 'powershell' for command environment: Not usable outside of PowerShell
[0.297s] DEBUG:colcon.colcon_core.shell:Skip shell extension 'dsv' for command environment
[0.304s] DEBUG:colcon.colcon_core.event_handler.log_command:Invoking command in '/home/suxin/English_Path/test111/autonomous_navigation_environment_ego/build/quadrotor_msgs': CMAKE_PREFIX_PATH=/opt/ros/foxy /usr/bin/cmake --build /home/suxin/English_Path/test111/autonomous_navigation_environment_ego/build/quadrotor_msgs -- -j20 -l20
[0.308s] DEBUG:colcon.colcon_core.event_handler.log_command:Invoking command in '/home/suxin/English_Path/test111/autonomous_navigation_environment_ego/build/traj_utils': CMAKE_PREFIX_PATH=/opt/ros/foxy /usr/bin/cmake --build /home/suxin/English_Path/test111/autonomous_navigation_environment_ego/build/traj_utils -- -j20 -l20
[0.311s] DEBUG:colcon.colcon_core.event_handler.log_command:Invoking command in '/home/suxin/English_Path/test111/autonomous_navigation_environment_ego/build/turtlebot3_description': CMAKE_PREFIX_PATH=/opt/ros/foxy /usr/bin/cmake --build /home/suxin/English_Path/test111/autonomous_navigation_environment_ego/build/turtlebot3_description -- -j20 -l20
[0.314s] DEBUG:colcon.colcon_core.event_handler.log_command:Invoking command in '/home/suxin/English_Path/test111/autonomous_navigation_environment_ego/build/bspline_opt': CMAKE_PREFIX_PATH=/opt/ros/foxy /usr/bin/cmake --build /home/suxin/English_Path/test111/autonomous_navigation_environment_ego/build/bspline_opt -- -j20 -l20
[0.318s] DEBUG:colcon.colcon_core.event_handler.log_command:Invoking command in '/home/suxin/English_Path/test111/autonomous_navigation_environment_ego/build/path_searching': /usr/bin/cmake --build /home/suxin/English_Path/test111/autonomous_navigation_environment_ego/build/path_searching -- -j20 -l20
[0.322s] DEBUG:colcon.colcon_core.event_handler.log_command:Invoking command in '/home/suxin/English_Path/test111/autonomous_navigation_environment_ego/build/plan_env': CMAKE_PREFIX_PATH=/opt/ros/foxy /usr/bin/cmake --build /home/suxin/English_Path/test111/autonomous_navigation_environment_ego/build/plan_env -- -j20 -l20
[0.325s] DEBUG:colcon.colcon_core.event_handler.log_command:Invoking command in '/home/suxin/English_Path/test111/autonomous_navigation_environment_ego/build/traj_utils_so': CMAKE_PREFIX_PATH=/opt/ros/foxy /usr/bin/cmake --build /home/suxin/English_Path/test111/autonomous_navigation_environment_ego/build/traj_utils_so -- -j20 -l20
[0.330s] DEBUG:colcon.colcon_core.event_handler.log_command:Invoking command in '/home/suxin/English_Path/test111/autonomous_navigation_environment_ego/build/turtlebot3_fake_node': CMAKE_PREFIX_PATH=/opt/ros/foxy /usr/bin/cmake --build /home/suxin/English_Path/test111/autonomous_navigation_environment_ego/build/turtlebot3_fake_node -- -j20 -l20
[0.335s] DEBUG:colcon.colcon_core.event_handler.log_command:Invoking command in '/home/suxin/English_Path/test111/autonomous_navigation_environment_ego/build/local_pcl_map_provider': CMAKE_PREFIX_PATH=/opt/ros/foxy /usr/bin/cmake --build /home/suxin/English_Path/test111/autonomous_navigation_environment_ego/build/local_pcl_map_provider -- -j20 -l20
[0.340s] DEBUG:colcon.colcon_core.event_handler.log_command:Invoking command in '/home/suxin/English_Path/test111/autonomous_navigation_environment_ego/build/local_planner': CMAKE_PREFIX_PATH=/opt/ros/foxy /usr/bin/cmake --build /home/suxin/English_Path/test111/autonomous_navigation_environment_ego/build/local_planner -- -j20 -l20
[0.344s] DEBUG:colcon.colcon_core.event_handler.log_command:Invoking command in '/home/suxin/English_Path/test111/autonomous_navigation_environment_ego/build/map_generator': CMAKE_PREFIX_PATH=/opt/ros/foxy /usr/bin/cmake --build /home/suxin/English_Path/test111/autonomous_navigation_environment_ego/build/map_generator -- -j20 -l20
[0.349s] DEBUG:colcon.colcon_core.event_handler.log_command:Invoking command in '/home/suxin/English_Path/test111/autonomous_navigation_environment_ego/build/pose_utils': CMAKE_PREFIX_PATH=/opt/ros/foxy /usr/bin/cmake --build /home/suxin/English_Path/test111/autonomous_navigation_environment_ego/build/pose_utils -- -j20 -l20
[0.354s] DEBUG:colcon.colcon_core.event_handler.log_command:Invoking command in '/home/suxin/English_Path/test111/autonomous_navigation_environment_ego/build/sensor_scan_generation': CMAKE_PREFIX_PATH=/opt/ros/foxy /usr/bin/cmake --build /home/suxin/English_Path/test111/autonomous_navigation_environment_ego/build/sensor_scan_generation -- -j20 -l20
[0.359s] DEBUG:colcon.colcon_core.event_handler.log_command:Invoking command in '/home/suxin/English_Path/test111/autonomous_navigation_environment_ego/build/terrain_analysis': CMAKE_PREFIX_PATH=/opt/ros/foxy /usr/bin/cmake --build /home/suxin/English_Path/test111/autonomous_navigation_environment_ego/build/terrain_analysis -- -j20 -l20
[0.365s] DEBUG:colcon.colcon_core.event_handler.log_command:Invoking command in '/home/suxin/English_Path/test111/autonomous_navigation_environment_ego/build/terrain_analysis_ext': CMAKE_PREFIX_PATH=/opt/ros/foxy /usr/bin/cmake --build /home/suxin/English_Path/test111/autonomous_navigation_environment_ego/build/terrain_analysis_ext -- -j20 -l20
[0.371s] DEBUG:colcon.colcon_core.event_handler.log_command:Invoking command in '/home/suxin/English_Path/test111/autonomous_navigation_environment_ego/build/vehicle_simulator': CMAKE_PREFIX_PATH=/opt/ros/foxy /usr/bin/cmake --build /home/suxin/English_Path/test111/autonomous_navigation_environment_ego/build/vehicle_simulator -- -j20 -l20
[0.378s] DEBUG:colcon.colcon_core.event_handler.log_command:Invoking command in '/home/suxin/English_Path/test111/autonomous_navigation_environment_ego/build/visualization_tools': CMAKE_PREFIX_PATH=/opt/ros/foxy /usr/bin/cmake --build /home/suxin/English_Path/test111/autonomous_navigation_environment_ego/build/visualization_tools -- -j20 -l20
[0.502s] INFO:colcon.colcon_core.task.python.build:Building Python package in '/home/suxin/English_Path/test111/autonomous_navigation_environment_ego/src/visualization_tools_py'
[0.502s] INFO:colcon.colcon_core.shell:Skip shell extension 'powershell' for command environment: Not usable outside of PowerShell
[0.502s] DEBUG:colcon.colcon_core.shell:Skip shell extension 'dsv' for command environment
[0.515s] DEBUG:colcon.colcon_core.event_handler.log_command:Invoked command in '/home/suxin/English_Path/test111/autonomous_navigation_environment_ego/build/quadrotor_msgs' returned '0': CMAKE_PREFIX_PATH=/opt/ros/foxy /usr/bin/cmake --build /home/suxin/English_Path/test111/autonomous_navigation_environment_ego/build/quadrotor_msgs -- -j20 -l20
[0.517s] DEBUG:colcon.colcon_core.event_handler.log_command:Invoked command in '/home/suxin/English_Path/test111/autonomous_navigation_environment_ego/build/traj_utils' returned '0': CMAKE_PREFIX_PATH=/opt/ros/foxy /usr/bin/cmake --build /home/suxin/English_Path/test111/autonomous_navigation_environment_ego/build/traj_utils -- -j20 -l20
[0.517s] DEBUG:colcon.colcon_core.event_handler.log_command:Invoked command in '/home/suxin/English_Path/test111/autonomous_navigation_environment_ego/build/turtlebot3_description' returned '0': CMAKE_PREFIX_PATH=/opt/ros/foxy /usr/bin/cmake --build /home/suxin/English_Path/test111/autonomous_navigation_environment_ego/build/turtlebot3_description -- -j20 -l20
[0.520s] DEBUG:colcon.colcon_core.event_handler.log_command:Invoked command in '/home/suxin/English_Path/test111/autonomous_navigation_environment_ego/build/path_searching' returned '0': /usr/bin/cmake --build /home/suxin/English_Path/test111/autonomous_navigation_environment_ego/build/path_searching -- -j20 -l20
[0.522s] DEBUG:colcon.colcon_core.event_handler.log_command:Invoked command in '/home/suxin/English_Path/test111/autonomous_navigation_environment_ego/build/plan_env' returned '0': CMAKE_PREFIX_PATH=/opt/ros/foxy /usr/bin/cmake --build /home/suxin/English_Path/test111/autonomous_navigation_environment_ego/build/plan_env -- -j20 -l20
[0.524s] DEBUG:colcon.colcon_core.event_handler.log_command:Invoked command in '/home/suxin/English_Path/test111/autonomous_navigation_environment_ego/build/bspline_opt' returned '0': CMAKE_PREFIX_PATH=/opt/ros/foxy /usr/bin/cmake --build /home/suxin/English_Path/test111/autonomous_navigation_environment_ego/build/bspline_opt -- -j20 -l20
[0.526s] DEBUG:colcon.colcon_core.event_handler.log_command:Invoked command in '/home/suxin/English_Path/test111/autonomous_navigation_environment_ego/build/turtlebot3_fake_node' returned '0': CMAKE_PREFIX_PATH=/opt/ros/foxy /usr/bin/cmake --build /home/suxin/English_Path/test111/autonomous_navigation_environment_ego/build/turtlebot3_fake_node -- -j20 -l20
[0.529s] DEBUG:colcon.colcon_core.event_handler.log_command:Invoked command in '/home/suxin/English_Path/test111/autonomous_navigation_environment_ego/build/traj_utils_so' returned '0': CMAKE_PREFIX_PATH=/opt/ros/foxy /usr/bin/cmake --build /home/suxin/English_Path/test111/autonomous_navigation_environment_ego/build/traj_utils_so -- -j20 -l20
[0.532s] DEBUG:colcon.colcon_core.event_handler.log_command:Invoked command in '/home/suxin/English_Path/test111/autonomous_navigation_environment_ego/build/local_pcl_map_provider' returned '0': CMAKE_PREFIX_PATH=/opt/ros/foxy /usr/bin/cmake --build /home/suxin/English_Path/test111/autonomous_navigation_environment_ego/build/local_pcl_map_provider -- -j20 -l20
[0.533s] DEBUG:colcon.colcon_core.event_handler.log_command:Invoked command in '/home/suxin/English_Path/test111/autonomous_navigation_environment_ego/build/local_planner' returned '0': CMAKE_PREFIX_PATH=/opt/ros/foxy /usr/bin/cmake --build /home/suxin/English_Path/test111/autonomous_navigation_environment_ego/build/local_planner -- -j20 -l20
[0.536s] DEBUG:colcon.colcon_core.event_handler.log_command:Invoked command in '/home/suxin/English_Path/test111/autonomous_navigation_environment_ego/build/map_generator' returned '0': CMAKE_PREFIX_PATH=/opt/ros/foxy /usr/bin/cmake --build /home/suxin/English_Path/test111/autonomous_navigation_environment_ego/build/map_generator -- -j20 -l20
[0.538s] DEBUG:colcon.colcon_core.event_handler.log_command:Invoked command in '/home/suxin/English_Path/test111/autonomous_navigation_environment_ego/build/pose_utils' returned '0': CMAKE_PREFIX_PATH=/opt/ros/foxy /usr/bin/cmake --build /home/suxin/English_Path/test111/autonomous_navigation_environment_ego/build/pose_utils -- -j20 -l20
[0.541s] DEBUG:colcon.colcon_core.event_handler.log_command:Invoked command in '/home/suxin/English_Path/test111/autonomous_navigation_environment_ego/build/sensor_scan_generation' returned '0': CMAKE_PREFIX_PATH=/opt/ros/foxy /usr/bin/cmake --build /home/suxin/English_Path/test111/autonomous_navigation_environment_ego/build/sensor_scan_generation -- -j20 -l20
[0.544s] DEBUG:colcon.colcon_core.event_handler.log_command:Invoked command in '/home/suxin/English_Path/test111/autonomous_navigation_environment_ego/build/terrain_analysis' returned '0': CMAKE_PREFIX_PATH=/opt/ros/foxy /usr/bin/cmake --build /home/suxin/English_Path/test111/autonomous_navigation_environment_ego/build/terrain_analysis -- -j20 -l20
[0.546s] DEBUG:colcon.colcon_core.event_handler.log_command:Invoked command in '/home/suxin/English_Path/test111/autonomous_navigation_environment_ego/build/terrain_analysis_ext' returned '0': CMAKE_PREFIX_PATH=/opt/ros/foxy /usr/bin/cmake --build /home/suxin/English_Path/test111/autonomous_navigation_environment_ego/build/terrain_analysis_ext -- -j20 -l20
[0.549s] DEBUG:colcon.colcon_core.event_handler.log_command:Invoked command in '/home/suxin/English_Path/test111/autonomous_navigation_environment_ego/build/vehicle_simulator' returned '0': CMAKE_PREFIX_PATH=/opt/ros/foxy /usr/bin/cmake --build /home/suxin/English_Path/test111/autonomous_navigation_environment_ego/build/vehicle_simulator -- -j20 -l20
[0.552s] DEBUG:colcon.colcon_core.event_handler.log_command:Invoked command in '/home/suxin/English_Path/test111/autonomous_navigation_environment_ego/build/visualization_tools' returned '0': CMAKE_PREFIX_PATH=/opt/ros/foxy /usr/bin/cmake --build /home/suxin/English_Path/test111/autonomous_navigation_environment_ego/build/visualization_tools -- -j20 -l20
[0.571s] DEBUG:colcon.colcon_core.event_handler.log_command:Invoking command in '/home/suxin/English_Path/test111/autonomous_navigation_environment_ego/build/quadrotor_msgs': CMAKE_PREFIX_PATH=/opt/ros/foxy /usr/bin/cmake --install /home/suxin/English_Path/test111/autonomous_navigation_environment_ego/build/quadrotor_msgs
[0.574s] DEBUG:colcon.colcon_core.event_handler.log_command:Invoking command in '/home/suxin/English_Path/test111/autonomous_navigation_environment_ego/build/turtlebot3_description': CMAKE_PREFIX_PATH=/opt/ros/foxy /usr/bin/cmake --install /home/suxin/English_Path/test111/autonomous_navigation_environment_ego/build/turtlebot3_description
[0.578s] DEBUG:colcon.colcon_core.event_handler.log_command:Invoking command in '/home/suxin/English_Path/test111/autonomous_navigation_environment_ego/build/plan_env': CMAKE_PREFIX_PATH=/opt/ros/foxy /usr/bin/cmake --install /home/suxin/English_Path/test111/autonomous_navigation_environment_ego/build/plan_env
[0.581s] DEBUG:colcon.colcon_core.event_handler.log_command:Invoking command in '/home/suxin/English_Path/test111/autonomous_navigation_environment_ego/build/bspline_opt': CMAKE_PREFIX_PATH=/opt/ros/foxy /usr/bin/cmake --install /home/suxin/English_Path/test111/autonomous_navigation_environment_ego/build/bspline_opt
[0.583s] DEBUG:colcon.colcon_core.event_handler.log_command:Invoking command in '/home/suxin/English_Path/test111/autonomous_navigation_environment_ego/build/turtlebot3_fake_node': CMAKE_PREFIX_PATH=/opt/ros/foxy /usr/bin/cmake --install /home/suxin/English_Path/test111/autonomous_navigation_environment_ego/build/turtlebot3_fake_node
[0.586s] DEBUG:colcon.colcon_core.event_handler.log_command:Invoking command in '/home/suxin/English_Path/test111/autonomous_navigation_environment_ego/build/traj_utils_so': CMAKE_PREFIX_PATH=/opt/ros/foxy /usr/bin/cmake --install /home/suxin/English_Path/test111/autonomous_navigation_environment_ego/build/traj_utils_so
[0.589s] DEBUG:colcon.colcon_core.event_handler.log_command:Invoking command in '/home/suxin/English_Path/test111/autonomous_navigation_environment_ego/build/local_pcl_map_provider': CMAKE_PREFIX_PATH=/opt/ros/foxy /usr/bin/cmake --install /home/suxin/English_Path/test111/autonomous_navigation_environment_ego/build/local_pcl_map_provider
[0.591s] DEBUG:colcon.colcon_core.event_handler.log_command:Invoking command in '/home/suxin/English_Path/test111/autonomous_navigation_environment_ego/build/local_planner': CMAKE_PREFIX_PATH=/opt/ros/foxy /usr/bin/cmake --install /home/suxin/English_Path/test111/autonomous_navigation_environment_ego/build/local_planner
[0.595s] DEBUG:colcon.colcon_core.event_handler.log_command:Invoking command in '/home/suxin/English_Path/test111/autonomous_navigation_environment_ego/build/map_generator': CMAKE_PREFIX_PATH=/opt/ros/foxy /usr/bin/cmake --install /home/suxin/English_Path/test111/autonomous_navigation_environment_ego/build/map_generator
[0.597s] DEBUG:colcon.colcon_core.event_handler.log_command:Invoking command in '/home/suxin/English_Path/test111/autonomous_navigation_environment_ego/build/pose_utils': CMAKE_PREFIX_PATH=/opt/ros/foxy /usr/bin/cmake --install /home/suxin/English_Path/test111/autonomous_navigation_environment_ego/build/pose_utils
[0.600s] DEBUG:colcon.colcon_core.event_handler.log_command:Invoking command in '/home/suxin/English_Path/test111/autonomous_navigation_environment_ego/build/sensor_scan_generation': CMAKE_PREFIX_PATH=/opt/ros/foxy /usr/bin/cmake --install /home/suxin/English_Path/test111/autonomous_navigation_environment_ego/build/sensor_scan_generation
[0.604s] DEBUG:colcon.colcon_core.event_handler.log_command:Invoking command in '/home/suxin/English_Path/test111/autonomous_navigation_environment_ego/build/traj_utils': CMAKE_PREFIX_PATH=/opt/ros/foxy /usr/bin/cmake --install /home/suxin/English_Path/test111/autonomous_navigation_environment_ego/build/traj_utils
[0.607s] DEBUG:colcon.colcon_core.event_handler.log_command:Invoking command in '/home/suxin/English_Path/test111/autonomous_navigation_environment_ego/build/terrain_analysis': CMAKE_PREFIX_PATH=/opt/ros/foxy /usr/bin/cmake --install /home/suxin/English_Path/test111/autonomous_navigation_environment_ego/build/terrain_analysis
[0.610s] DEBUG:colcon.colcon_core.event_handler.log_command:Invoking command in '/home/suxin/English_Path/test111/autonomous_navigation_environment_ego/build/terrain_analysis_ext': CMAKE_PREFIX_PATH=/opt/ros/foxy /usr/bin/cmake --install /home/suxin/English_Path/test111/autonomous_navigation_environment_ego/build/terrain_analysis_ext
[0.625s] Level 1:colcon.colcon_core.environment:create_environment_scripts_only(plan_env)
[0.641s] Level 1:colcon.colcon_core.environment:checking '/home/suxin/English_Path/test111/autonomous_navigation_environment_ego/install/plan_env' for CMake module files
[0.645s] Level 1:colcon.colcon_core.environment:checking '/home/suxin/English_Path/test111/autonomous_navigation_environment_ego/install/plan_env' for CMake config files
[0.648s] Level 1:colcon.colcon_core.shell:create_environment_hook('plan_env', 'cmake_prefix_path')
[0.649s] INFO:colcon.colcon_core.shell:Creating environment hook '/home/suxin/English_Path/test111/autonomous_navigation_environment_ego/install/plan_env/share/plan_env/hook/cmake_prefix_path.ps1'
[0.650s] INFO:colcon.colcon_core.shell:Creating environment descriptor '/home/suxin/English_Path/test111/autonomous_navigation_environment_ego/install/plan_env/share/plan_env/hook/cmake_prefix_path.dsv'
[0.651s] DEBUG:colcon.colcon_core.event_handler.log_command:Invoking command in '/home/suxin/English_Path/test111/autonomous_navigation_environment_ego/build/vehicle_simulator': CMAKE_PREFIX_PATH=/opt/ros/foxy /usr/bin/cmake --install /home/suxin/English_Path/test111/autonomous_navigation_environment_ego/build/vehicle_simulator
[0.651s] INFO:colcon.colcon_core.shell:Creating environment hook '/home/suxin/English_Path/test111/autonomous_navigation_environment_ego/install/plan_env/share/plan_env/hook/cmake_prefix_path.sh'
[0.653s] Level 1:colcon.colcon_core.environment:checking '/home/suxin/English_Path/test111/autonomous_navigation_environment_ego/install/plan_env/lib'
[0.653s] Level 1:colcon.colcon_core.environment:checking '/home/suxin/English_Path/test111/autonomous_navigation_environment_ego/install/plan_env/bin'
[0.654s] Level 1:colcon.colcon_core.environment:checking '/home/suxin/English_Path/test111/autonomous_navigation_environment_ego/install/plan_env/lib/pkgconfig/plan_env.pc'
[0.654s] Level 1:colcon.colcon_core.environment:checking '/home/suxin/English_Path/test111/autonomous_navigation_environment_ego/install/plan_env/lib/python3.8/site-packages'
[0.654s] Level 1:colcon.colcon_core.environment:checking '/home/suxin/English_Path/test111/autonomous_navigation_environment_ego/install/plan_env/bin'
[0.655s] INFO:colcon.colcon_core.shell:Creating package script '/home/suxin/English_Path/test111/autonomous_navigation_environment_ego/install/plan_env/share/plan_env/package.ps1'
[0.655s] DEBUG:colcon.colcon_core.event_handler.log_command:Invoked command in '/home/suxin/English_Path/test111/autonomous_navigation_environment_ego/build/plan_env' returned '0': CMAKE_PREFIX_PATH=/opt/ros/foxy /usr/bin/cmake --install /home/suxin/English_Path/test111/autonomous_navigation_environment_ego/build/plan_env
[0.656s] INFO:colcon.colcon_core.shell:Creating package descriptor '/home/suxin/English_Path/test111/autonomous_navigation_environment_ego/install/plan_env/share/plan_env/package.dsv'
[0.658s] INFO:colcon.colcon_core.shell:Creating package script '/home/suxin/English_Path/test111/autonomous_navigation_environment_ego/install/plan_env/share/plan_env/package.sh'
[0.659s] INFO:colcon.colcon_core.shell:Creating package script '/home/suxin/English_Path/test111/autonomous_navigation_environment_ego/install/plan_env/share/plan_env/package.bash'
[0.660s] INFO:colcon.colcon_core.shell:Creating package script '/home/suxin/English_Path/test111/autonomous_navigation_environment_ego/install/plan_env/share/plan_env/package.zsh'
[0.660s] Level 1:colcon.colcon_core.environment:create_file_with_runtime_dependencies(/home/suxin/English_Path/test111/autonomous_navigation_environment_ego/install/plan_env/share/colcon-core/packages/plan_env)
[0.663s] Level 1:colcon.colcon_core.environment:create_environment_scripts_only(turtlebot3_description)
[0.663s] Level 1:colcon.colcon_core.environment:checking '/home/suxin/English_Path/test111/autonomous_navigation_environment_ego/install/turtlebot3_description' for CMake module files
[0.664s] DEBUG:colcon.colcon_core.event_handler.log_command:Invoked command in '/home/suxin/English_Path/test111/autonomous_navigation_environment_ego/build/turtlebot3_description' returned '0': CMAKE_PREFIX_PATH=/opt/ros/foxy /usr/bin/cmake --install /home/suxin/English_Path/test111/autonomous_navigation_environment_ego/build/turtlebot3_description
[0.664s] Level 1:colcon.colcon_core.environment:checking '/home/suxin/English_Path/test111/autonomous_navigation_environment_ego/install/turtlebot3_description' for CMake config files
[0.665s] Level 1:colcon.colcon_core.shell:create_environment_hook('turtlebot3_description', 'cmake_prefix_path')
[0.665s] INFO:colcon.colcon_core.shell:Creating environment hook '/home/suxin/English_Path/test111/autonomous_navigation_environment_ego/install/turtlebot3_description/share/turtlebot3_description/hook/cmake_prefix_path.ps1'
[0.665s] INFO:colcon.colcon_core.shell:Creating environment descriptor '/home/suxin/English_Path/test111/autonomous_navigation_environment_ego/install/turtlebot3_description/share/turtlebot3_description/hook/cmake_prefix_path.dsv'
[0.666s] INFO:colcon.colcon_core.shell:Creating environment hook '/home/suxin/English_Path/test111/autonomous_navigation_environment_ego/install/turtlebot3_description/share/turtlebot3_description/hook/cmake_prefix_path.sh'
[0.666s] Level 1:colcon.colcon_core.environment:checking '/home/suxin/English_Path/test111/autonomous_navigation_environment_ego/install/turtlebot3_description/bin'
[0.666s] Level 1:colcon.colcon_core.environment:checking '/home/suxin/English_Path/test111/autonomous_navigation_environment_ego/install/turtlebot3_description/lib/pkgconfig/turtlebot3_description.pc'
[0.666s] Level 1:colcon.colcon_core.environment:checking '/home/suxin/English_Path/test111/autonomous_navigation_environment_ego/install/turtlebot3_description/lib/python3.8/site-packages'
[0.667s] Level 1:colcon.colcon_core.environment:checking '/home/suxin/English_Path/test111/autonomous_navigation_environment_ego/install/turtlebot3_description/bin'
[0.667s] INFO:colcon.colcon_core.shell:Creating package script '/home/suxin/English_Path/test111/autonomous_navigation_environment_ego/install/turtlebot3_description/share/turtlebot3_description/package.ps1'
[0.667s] INFO:colcon.colcon_core.shell:Creating package descriptor '/home/suxin/English_Path/test111/autonomous_navigation_environment_ego/install/turtlebot3_description/share/turtlebot3_description/package.dsv'
[0.667s] INFO:colcon.colcon_core.shell:Creating package script '/home/suxin/English_Path/test111/autonomous_navigation_environment_ego/install/turtlebot3_description/share/turtlebot3_description/package.sh'
[0.668s] INFO:colcon.colcon_core.shell:Creating package script '/home/suxin/English_Path/test111/autonomous_navigation_environment_ego/install/turtlebot3_description/share/turtlebot3_description/package.bash'
[0.668s] INFO:colcon.colcon_core.shell:Creating package script '/home/suxin/English_Path/test111/autonomous_navigation_environment_ego/install/turtlebot3_description/share/turtlebot3_description/package.zsh'
[0.668s] Level 1:colcon.colcon_core.environment:create_file_with_runtime_dependencies(/home/suxin/English_Path/test111/autonomous_navigation_environment_ego/install/turtlebot3_description/share/colcon-core/packages/turtlebot3_description)
[0.671s] Level 1:colcon.colcon_core.environment:create_environment_scripts_only(bspline_opt)
[0.671s] Level 1:colcon.colcon_core.environment:checking '/home/suxin/English_Path/test111/autonomous_navigation_environment_ego/install/bspline_opt' for CMake module files
[0.672s] DEBUG:colcon.colcon_core.event_handler.log_command:Invoked command in '/home/suxin/English_Path/test111/autonomous_navigation_environment_ego/build/bspline_opt' returned '0': CMAKE_PREFIX_PATH=/opt/ros/foxy /usr/bin/cmake --install /home/suxin/English_Path/test111/autonomous_navigation_environment_ego/build/bspline_opt
[0.672s] Level 1:colcon.colcon_core.environment:checking '/home/suxin/English_Path/test111/autonomous_navigation_environment_ego/install/bspline_opt' for CMake config files
[0.672s] Level 1:colcon.colcon_core.shell:create_environment_hook('bspline_opt', 'cmake_prefix_path')
[0.672s] INFO:colcon.colcon_core.shell:Creating environment hook '/home/suxin/English_Path/test111/autonomous_navigation_environment_ego/install/bspline_opt/share/bspline_opt/hook/cmake_prefix_path.ps1'
[0.673s] INFO:colcon.colcon_core.shell:Creating environment descriptor '/home/suxin/English_Path/test111/autonomous_navigation_environment_ego/install/bspline_opt/share/bspline_opt/hook/cmake_prefix_path.dsv'
[0.673s] INFO:colcon.colcon_core.shell:Creating environment hook '/home/suxin/English_Path/test111/autonomous_navigation_environment_ego/install/bspline_opt/share/bspline_opt/hook/cmake_prefix_path.sh'
[0.673s] Level 1:colcon.colcon_core.environment:checking '/home/suxin/English_Path/test111/autonomous_navigation_environment_ego/install/bspline_opt/lib'
[0.674s] Level 1:colcon.colcon_core.environment:checking '/home/suxin/English_Path/test111/autonomous_navigation_environment_ego/install/bspline_opt/bin'
[0.674s] Level 1:colcon.colcon_core.environment:checking '/home/suxin/English_Path/test111/autonomous_navigation_environment_ego/install/bspline_opt/lib/pkgconfig/bspline_opt.pc'
[0.674s] Level 1:colcon.colcon_core.environment:checking '/home/suxin/English_Path/test111/autonomous_navigation_environment_ego/install/bspline_opt/lib/python3.8/site-packages'
[0.674s] Level 1:colcon.colcon_core.environment:checking '/home/suxin/English_Path/test111/autonomous_navigation_environment_ego/install/bspline_opt/bin'
[0.674s] INFO:colcon.colcon_core.shell:Creating package script '/home/suxin/English_Path/test111/autonomous_navigation_environment_ego/install/bspline_opt/share/bspline_opt/package.ps1'
[0.675s] INFO:colcon.colcon_core.shell:Creating package descriptor '/home/suxin/English_Path/test111/autonomous_navigation_environment_ego/install/bspline_opt/share/bspline_opt/package.dsv'
[0.675s] INFO:colcon.colcon_core.shell:Creating package script '/home/suxin/English_Path/test111/autonomous_navigation_environment_ego/install/bspline_opt/share/bspline_opt/package.sh'
[0.675s] INFO:colcon.colcon_core.shell:Creating package script '/home/suxin/English_Path/test111/autonomous_navigation_environment_ego/install/bspline_opt/share/bspline_opt/package.bash'
[0.676s] INFO:colcon.colcon_core.shell:Creating package script '/home/suxin/English_Path/test111/autonomous_navigation_environment_ego/install/bspline_opt/share/bspline_opt/package.zsh'
[0.676s] Level 1:colcon.colcon_core.environment:create_file_with_runtime_dependencies(/home/suxin/English_Path/test111/autonomous_navigation_environment_ego/install/bspline_opt/share/colcon-core/packages/bspline_opt)
[0.680s] Level 1:colcon.colcon_core.environment:create_environment_scripts_only(turtlebot3_fake_node)
[0.680s] Level 1:colcon.colcon_core.environment:checking '/home/suxin/English_Path/test111/autonomous_navigation_environment_ego/install/turtlebot3_fake_node' for CMake module files
[0.681s] Level 1:colcon.colcon_core.environment:checking '/home/suxin/English_Path/test111/autonomous_navigation_environment_ego/install/turtlebot3_fake_node' for CMake config files
[0.682s] Level 1:colcon.colcon_core.shell:create_environment_hook('turtlebot3_fake_node', 'cmake_prefix_path')
[0.682s] INFO:colcon.colcon_core.shell:Creating environment hook '/home/suxin/English_Path/test111/autonomous_navigation_environment_ego/install/turtlebot3_fake_node/share/turtlebot3_fake_node/hook/cmake_prefix_path.ps1'
[0.683s] INFO:colcon.colcon_core.shell:Creating environment descriptor '/home/suxin/English_Path/test111/autonomous_navigation_environment_ego/install/turtlebot3_fake_node/share/turtlebot3_fake_node/hook/cmake_prefix_path.dsv'
[0.683s] INFO:colcon.colcon_core.shell:Creating environment hook '/home/suxin/English_Path/test111/autonomous_navigation_environment_ego/install/turtlebot3_fake_node/share/turtlebot3_fake_node/hook/cmake_prefix_path.sh'
[0.684s] Level 1:colcon.colcon_core.environment:checking '/home/suxin/English_Path/test111/autonomous_navigation_environment_ego/install/turtlebot3_fake_node/lib'
[0.684s] Level 1:colcon.colcon_core.environment:checking '/home/suxin/English_Path/test111/autonomous_navigation_environment_ego/install/turtlebot3_fake_node/bin'
[0.684s] Level 1:colcon.colcon_core.environment:checking '/home/suxin/English_Path/test111/autonomous_navigation_environment_ego/install/turtlebot3_fake_node/lib/pkgconfig/turtlebot3_fake_node.pc'
[0.684s] Level 1:colcon.colcon_core.environment:checking '/home/suxin/English_Path/test111/autonomous_navigation_environment_ego/install/turtlebot3_fake_node/lib/python3.8/site-packages'
[0.684s] Level 1:colcon.colcon_core.environment:checking '/home/suxin/English_Path/test111/autonomous_navigation_environment_ego/install/turtlebot3_fake_node/bin'
[0.684s] INFO:colcon.colcon_core.shell:Creating package script '/home/suxin/English_Path/test111/autonomous_navigation_environment_ego/install/turtlebot3_fake_node/share/turtlebot3_fake_node/package.ps1'
[0.685s] INFO:colcon.colcon_core.shell:Creating package descriptor '/home/suxin/English_Path/test111/autonomous_navigation_environment_ego/install/turtlebot3_fake_node/share/turtlebot3_fake_node/package.dsv'
[0.685s] INFO:colcon.colcon_core.shell:Creating package script '/home/suxin/English_Path/test111/autonomous_navigation_environment_ego/install/turtlebot3_fake_node/share/turtlebot3_fake_node/package.sh'
[0.685s] INFO:colcon.colcon_core.shell:Creating package script '/home/suxin/English_Path/test111/autonomous_navigation_environment_ego/install/turtlebot3_fake_node/share/turtlebot3_fake_node/package.bash'
[0.685s] INFO:colcon.colcon_core.shell:Creating package script '/home/suxin/English_Path/test111/autonomous_navigation_environment_ego/install/turtlebot3_fake_node/share/turtlebot3_fake_node/package.zsh'
[0.686s] Level 1:colcon.colcon_core.environment:create_file_with_runtime_dependencies(/home/suxin/English_Path/test111/autonomous_navigation_environment_ego/install/turtlebot3_fake_node/share/colcon-core/packages/turtlebot3_fake_node)
[0.688s] DEBUG:colcon.colcon_core.event_handler.log_command:Invoked command in '/home/suxin/English_Path/test111/autonomous_navigation_environment_ego/build/turtlebot3_fake_node' returned '0': CMAKE_PREFIX_PATH=/opt/ros/foxy /usr/bin/cmake --install /home/suxin/English_Path/test111/autonomous_navigation_environment_ego/build/turtlebot3_fake_node
[0.688s] Level 1:colcon.colcon_core.environment:create_environment_scripts_only(traj_utils_so)
[0.689s] Level 1:colcon.colcon_core.environment:checking '/home/suxin/English_Path/test111/autonomous_navigation_environment_ego/install/traj_utils_so' for CMake module files
[0.689s] DEBUG:colcon.colcon_core.event_handler.log_command:Invoked command in '/home/suxin/English_Path/test111/autonomous_navigation_environment_ego/build/traj_utils_so' returned '0': CMAKE_PREFIX_PATH=/opt/ros/foxy /usr/bin/cmake --install /home/suxin/English_Path/test111/autonomous_navigation_environment_ego/build/traj_utils_so
[0.689s] Level 1:colcon.colcon_core.environment:checking '/home/suxin/English_Path/test111/autonomous_navigation_environment_ego/install/traj_utils_so' for CMake config files
[0.689s] Level 1:colcon.colcon_core.shell:create_environment_hook('traj_utils_so', 'cmake_prefix_path')
[0.689s] INFO:colcon.colcon_core.shell:Creating environment hook '/home/suxin/English_Path/test111/autonomous_navigation_environment_ego/install/traj_utils_so/share/traj_utils_so/hook/cmake_prefix_path.ps1'
[0.690s] INFO:colcon.colcon_core.shell:Creating environment descriptor '/home/suxin/English_Path/test111/autonomous_navigation_environment_ego/install/traj_utils_so/share/traj_utils_so/hook/cmake_prefix_path.dsv'
[0.690s] INFO:colcon.colcon_core.shell:Creating environment hook '/home/suxin/English_Path/test111/autonomous_navigation_environment_ego/install/traj_utils_so/share/traj_utils_so/hook/cmake_prefix_path.sh'
[0.690s] Level 1:colcon.colcon_core.environment:checking '/home/suxin/English_Path/test111/autonomous_navigation_environment_ego/install/traj_utils_so/lib'
[0.690s] Level 1:colcon.colcon_core.environment:checking '/home/suxin/English_Path/test111/autonomous_navigation_environment_ego/install/traj_utils_so/bin'
[0.690s] Level 1:colcon.colcon_core.environment:checking '/home/suxin/English_Path/test111/autonomous_navigation_environment_ego/install/traj_utils_so/lib/pkgconfig/traj_utils_so.pc'
[0.690s] Level 1:colcon.colcon_core.environment:checking '/home/suxin/English_Path/test111/autonomous_navigation_environment_ego/install/traj_utils_so/lib/python3.8/site-packages'
[0.690s] Level 1:colcon.colcon_core.environment:checking '/home/suxin/English_Path/test111/autonomous_navigation_environment_ego/install/traj_utils_so/bin'
[0.691s] INFO:colcon.colcon_core.shell:Creating package script '/home/suxin/English_Path/test111/autonomous_navigation_environment_ego/install/traj_utils_so/share/traj_utils_so/package.ps1'
[0.691s] INFO:colcon.colcon_core.shell:Creating package descriptor '/home/suxin/English_Path/test111/autonomous_navigation_environment_ego/install/traj_utils_so/share/traj_utils_so/package.dsv'
[0.691s] INFO:colcon.colcon_core.shell:Creating package script '/home/suxin/English_Path/test111/autonomous_navigation_environment_ego/install/traj_utils_so/share/traj_utils_so/package.sh'
[0.691s] INFO:colcon.colcon_core.shell:Creating package script '/home/suxin/English_Path/test111/autonomous_navigation_environment_ego/install/traj_utils_so/share/traj_utils_so/package.bash'
[0.691s] INFO:colcon.colcon_core.shell:Creating package script '/home/suxin/English_Path/test111/autonomous_navigation_environment_ego/install/traj_utils_so/share/traj_utils_so/package.zsh'
[0.691s] Level 1:colcon.colcon_core.environment:create_file_with_runtime_dependencies(/home/suxin/English_Path/test111/autonomous_navigation_environment_ego/install/traj_utils_so/share/colcon-core/packages/traj_utils_so)
[0.693s] Level 1:colcon.colcon_core.environment:create_environment_scripts_only(local_pcl_map_provider)
[0.694s] Level 1:colcon.colcon_core.environment:checking '/home/suxin/English_Path/test111/autonomous_navigation_environment_ego/install/local_pcl_map_provider' for CMake module files
[0.694s] DEBUG:colcon.colcon_core.event_handler.log_command:Invoked command in '/home/suxin/English_Path/test111/autonomous_navigation_environment_ego/build/local_pcl_map_provider' returned '0': CMAKE_PREFIX_PATH=/opt/ros/foxy /usr/bin/cmake --install /home/suxin/English_Path/test111/autonomous_navigation_environment_ego/build/local_pcl_map_provider
[0.694s] Level 1:colcon.colcon_core.environment:checking '/home/suxin/English_Path/test111/autonomous_navigation_environment_ego/install/local_pcl_map_provider' for CMake config files
[0.695s] Level 1:colcon.colcon_core.shell:create_environment_hook('local_pcl_map_provider', 'cmake_prefix_path')
[0.695s] INFO:colcon.colcon_core.shell:Creating environment hook '/home/suxin/English_Path/test111/autonomous_navigation_environment_ego/install/local_pcl_map_provider/share/local_pcl_map_provider/hook/cmake_prefix_path.ps1'
[0.695s] INFO:colcon.colcon_core.shell:Creating environment descriptor '/home/suxin/English_Path/test111/autonomous_navigation_environment_ego/install/local_pcl_map_provider/share/local_pcl_map_provider/hook/cmake_prefix_path.dsv'
[0.696s] INFO:colcon.colcon_core.shell:Creating environment hook '/home/suxin/English_Path/test111/autonomous_navigation_environment_ego/install/local_pcl_map_provider/share/local_pcl_map_provider/hook/cmake_prefix_path.sh'
[0.696s] Level 1:colcon.colcon_core.environment:checking '/home/suxin/English_Path/test111/autonomous_navigation_environment_ego/install/local_pcl_map_provider/lib'
[0.696s] Level 1:colcon.colcon_core.environment:checking '/home/suxin/English_Path/test111/autonomous_navigation_environment_ego/install/local_pcl_map_provider/bin'
[0.696s] Level 1:colcon.colcon_core.environment:checking '/home/suxin/English_Path/test111/autonomous_navigation_environment_ego/install/local_pcl_map_provider/lib/pkgconfig/local_pcl_map_provider.pc'
[0.696s] Level 1:colcon.colcon_core.environment:checking '/home/suxin/English_Path/test111/autonomous_navigation_environment_ego/install/local_pcl_map_provider/lib/python3.8/site-packages'
[0.696s] Level 1:colcon.colcon_core.environment:checking '/home/suxin/English_Path/test111/autonomous_navigation_environment_ego/install/local_pcl_map_provider/bin'
[0.696s] INFO:colcon.colcon_core.shell:Creating package script '/home/suxin/English_Path/test111/autonomous_navigation_environment_ego/install/local_pcl_map_provider/share/local_pcl_map_provider/package.ps1'
[0.697s] INFO:colcon.colcon_core.shell:Creating package descriptor '/home/suxin/English_Path/test111/autonomous_navigation_environment_ego/install/local_pcl_map_provider/share/local_pcl_map_provider/package.dsv'
[0.697s] INFO:colcon.colcon_core.shell:Creating package script '/home/suxin/English_Path/test111/autonomous_navigation_environment_ego/install/local_pcl_map_provider/share/local_pcl_map_provider/package.sh'
[0.697s] INFO:colcon.colcon_core.shell:Creating package script '/home/suxin/English_Path/test111/autonomous_navigation_environment_ego/install/local_pcl_map_provider/share/local_pcl_map_provider/package.bash'
[0.697s] INFO:colcon.colcon_core.shell:Creating package script '/home/suxin/English_Path/test111/autonomous_navigation_environment_ego/install/local_pcl_map_provider/share/local_pcl_map_provider/package.zsh'
[0.697s] Level 1:colcon.colcon_core.environment:create_file_with_runtime_dependencies(/home/suxin/English_Path/test111/autonomous_navigation_environment_ego/install/local_pcl_map_provider/share/colcon-core/packages/local_pcl_map_provider)
[0.699s] Level 1:colcon.colcon_core.environment:create_environment_scripts_only(local_planner)
[0.700s] Level 1:colcon.colcon_core.environment:checking '/home/suxin/English_Path/test111/autonomous_navigation_environment_ego/install/local_planner' for CMake module files
[0.700s] DEBUG:colcon.colcon_core.event_handler.log_command:Invoked command in '/home/suxin/English_Path/test111/autonomous_navigation_environment_ego/build/local_planner' returned '0': CMAKE_PREFIX_PATH=/opt/ros/foxy /usr/bin/cmake --install /home/suxin/English_Path/test111/autonomous_navigation_environment_ego/build/local_planner
[0.701s] Level 1:colcon.colcon_core.environment:checking '/home/suxin/English_Path/test111/autonomous_navigation_environment_ego/install/local_planner' for CMake config files
[0.701s] Level 1:colcon.colcon_core.shell:create_environment_hook('local_planner', 'cmake_prefix_path')
[0.701s] INFO:colcon.colcon_core.shell:Creating environment hook '/home/suxin/English_Path/test111/autonomous_navigation_environment_ego/install/local_planner/share/local_planner/hook/cmake_prefix_path.ps1'
[0.702s] INFO:colcon.colcon_core.shell:Creating environment descriptor '/home/suxin/English_Path/test111/autonomous_navigation_environment_ego/install/local_planner/share/local_planner/hook/cmake_prefix_path.dsv'
[0.702s] INFO:colcon.colcon_core.shell:Creating environment hook '/home/suxin/English_Path/test111/autonomous_navigation_environment_ego/install/local_planner/share/local_planner/hook/cmake_prefix_path.sh'
[0.702s] Level 1:colcon.colcon_core.environment:checking '/home/suxin/English_Path/test111/autonomous_navigation_environment_ego/install/local_planner/lib'
[0.702s] Level 1:colcon.colcon_core.environment:checking '/home/suxin/English_Path/test111/autonomous_navigation_environment_ego/install/local_planner/bin'
[0.703s] Level 1:colcon.colcon_core.environment:checking '/home/suxin/English_Path/test111/autonomous_navigation_environment_ego/install/local_planner/lib/pkgconfig/local_planner.pc'
[0.703s] Level 1:colcon.colcon_core.environment:checking '/home/suxin/English_Path/test111/autonomous_navigation_environment_ego/install/local_planner/lib/python3.8/site-packages'
[0.703s] Level 1:colcon.colcon_core.environment:checking '/home/suxin/English_Path/test111/autonomous_navigation_environment_ego/install/local_planner/bin'
[0.703s] INFO:colcon.colcon_core.shell:Creating package script '/home/suxin/English_Path/test111/autonomous_navigation_environment_ego/install/local_planner/share/local_planner/package.ps1'
[0.703s] INFO:colcon.colcon_core.shell:Creating package descriptor '/home/suxin/English_Path/test111/autonomous_navigation_environment_ego/install/local_planner/share/local_planner/package.dsv'
[0.704s] INFO:colcon.colcon_core.shell:Creating package script '/home/suxin/English_Path/test111/autonomous_navigation_environment_ego/install/local_planner/share/local_planner/package.sh'
[0.704s] INFO:colcon.colcon_core.shell:Creating package script '/home/suxin/English_Path/test111/autonomous_navigation_environment_ego/install/local_planner/share/local_planner/package.bash'
[0.704s] INFO:colcon.colcon_core.shell:Creating package script '/home/suxin/English_Path/test111/autonomous_navigation_environment_ego/install/local_planner/share/local_planner/package.zsh'
[0.705s] Level 1:colcon.colcon_core.environment:create_file_with_runtime_dependencies(/home/suxin/English_Path/test111/autonomous_navigation_environment_ego/install/local_planner/share/colcon-core/packages/local_planner)
[0.707s] Level 1:colcon.colcon_core.environment:create_environment_scripts_only(map_generator)
[0.707s] Level 1:colcon.colcon_core.environment:checking '/home/suxin/English_Path/test111/autonomous_navigation_environment_ego/install/map_generator' for CMake module files
[0.708s] DEBUG:colcon.colcon_core.event_handler.log_command:Invoked command in '/home/suxin/English_Path/test111/autonomous_navigation_environment_ego/build/map_generator' returned '0': CMAKE_PREFIX_PATH=/opt/ros/foxy /usr/bin/cmake --install /home/suxin/English_Path/test111/autonomous_navigation_environment_ego/build/map_generator
[0.708s] Level 1:colcon.colcon_core.environment:checking '/home/suxin/English_Path/test111/autonomous_navigation_environment_ego/install/map_generator' for CMake config files
[0.708s] Level 1:colcon.colcon_core.shell:create_environment_hook('map_generator', 'cmake_prefix_path')
[0.709s] INFO:colcon.colcon_core.shell:Creating environment hook '/home/suxin/English_Path/test111/autonomous_navigation_environment_ego/install/map_generator/share/map_generator/hook/cmake_prefix_path.ps1'
[0.709s] INFO:colcon.colcon_core.shell:Creating environment descriptor '/home/suxin/English_Path/test111/autonomous_navigation_environment_ego/install/map_generator/share/map_generator/hook/cmake_prefix_path.dsv'
[0.709s] INFO:colcon.colcon_core.shell:Creating environment hook '/home/suxin/English_Path/test111/autonomous_navigation_environment_ego/install/map_generator/share/map_generator/hook/cmake_prefix_path.sh'
[0.710s] Level 1:colcon.colcon_core.environment:checking '/home/suxin/English_Path/test111/autonomous_navigation_environment_ego/install/map_generator/lib'
[0.710s] Level 1:colcon.colcon_core.environment:checking '/home/suxin/English_Path/test111/autonomous_navigation_environment_ego/install/map_generator/bin'
[0.710s] Level 1:colcon.colcon_core.environment:checking '/home/suxin/English_Path/test111/autonomous_navigation_environment_ego/install/map_generator/lib/pkgconfig/map_generator.pc'
[0.710s] Level 1:colcon.colcon_core.environment:checking '/home/suxin/English_Path/test111/autonomous_navigation_environment_ego/install/map_generator/lib/python3.8/site-packages'
[0.710s] Level 1:colcon.colcon_core.environment:checking '/home/suxin/English_Path/test111/autonomous_navigation_environment_ego/install/map_generator/bin'
[0.711s] INFO:colcon.colcon_core.shell:Creating package script '/home/suxin/English_Path/test111/autonomous_navigation_environment_ego/install/map_generator/share/map_generator/package.ps1'
[0.711s] INFO:colcon.colcon_core.shell:Creating package descriptor '/home/suxin/English_Path/test111/autonomous_navigation_environment_ego/install/map_generator/share/map_generator/package.dsv'
[0.711s] INFO:colcon.colcon_core.shell:Creating package script '/home/suxin/English_Path/test111/autonomous_navigation_environment_ego/install/map_generator/share/map_generator/package.sh'
[0.712s] INFO:colcon.colcon_core.shell:Creating package script '/home/suxin/English_Path/test111/autonomous_navigation_environment_ego/install/map_generator/share/map_generator/package.bash'
[0.712s] INFO:colcon.colcon_core.shell:Creating package script '/home/suxin/English_Path/test111/autonomous_navigation_environment_ego/install/map_generator/share/map_generator/package.zsh'
[0.712s] Level 1:colcon.colcon_core.environment:create_file_with_runtime_dependencies(/home/suxin/English_Path/test111/autonomous_navigation_environment_ego/install/map_generator/share/colcon-core/packages/map_generator)
[0.717s] DEBUG:colcon.colcon_core.event_handler.log_command:Invoking command in '/home/suxin/English_Path/test111/autonomous_navigation_environment_ego/build/visualization_tools': CMAKE_PREFIX_PATH=/opt/ros/foxy /usr/bin/cmake --install /home/suxin/English_Path/test111/autonomous_navigation_environment_ego/build/visualization_tools
[0.719s] Level 1:colcon.colcon_core.environment:create_environment_scripts_only(pose_utils)
[0.719s] Level 1:colcon.colcon_core.environment:checking '/home/suxin/English_Path/test111/autonomous_navigation_environment_ego/install/pose_utils' for CMake module files
[0.720s] DEBUG:colcon.colcon_core.event_handler.log_command:Invoked command in '/home/suxin/English_Path/test111/autonomous_navigation_environment_ego/build/pose_utils' returned '0': CMAKE_PREFIX_PATH=/opt/ros/foxy /usr/bin/cmake --install /home/suxin/English_Path/test111/autonomous_navigation_environment_ego/build/pose_utils
[0.720s] Level 1:colcon.colcon_core.environment:checking '/home/suxin/English_Path/test111/autonomous_navigation_environment_ego/install/pose_utils' for CMake config files
[0.720s] Level 1:colcon.colcon_core.shell:create_environment_hook('pose_utils', 'cmake_prefix_path')
[0.720s] INFO:colcon.colcon_core.shell:Creating environment hook '/home/suxin/English_Path/test111/autonomous_navigation_environment_ego/install/pose_utils/share/pose_utils/hook/cmake_prefix_path.ps1'
[0.721s] INFO:colcon.colcon_core.shell:Creating environment descriptor '/home/suxin/English_Path/test111/autonomous_navigation_environment_ego/install/pose_utils/share/pose_utils/hook/cmake_prefix_path.dsv'
[0.721s] INFO:colcon.colcon_core.shell:Creating environment hook '/home/suxin/English_Path/test111/autonomous_navigation_environment_ego/install/pose_utils/share/pose_utils/hook/cmake_prefix_path.sh'
[0.722s] Level 1:colcon.colcon_core.environment:checking '/home/suxin/English_Path/test111/autonomous_navigation_environment_ego/install/pose_utils/lib'
[0.722s] Level 1:colcon.colcon_core.environment:checking '/home/suxin/English_Path/test111/autonomous_navigation_environment_ego/install/pose_utils/bin'
[0.722s] Level 1:colcon.colcon_core.environment:checking '/home/suxin/English_Path/test111/autonomous_navigation_environment_ego/install/pose_utils/lib/pkgconfig/pose_utils.pc'
[0.722s] Level 1:colcon.colcon_core.environment:checking '/home/suxin/English_Path/test111/autonomous_navigation_environment_ego/install/pose_utils/lib/python3.8/site-packages'
[0.722s] Level 1:colcon.colcon_core.environment:checking '/home/suxin/English_Path/test111/autonomous_navigation_environment_ego/install/pose_utils/bin'
[0.722s] INFO:colcon.colcon_core.shell:Creating package script '/home/suxin/English_Path/test111/autonomous_navigation_environment_ego/install/pose_utils/share/pose_utils/package.ps1'
[0.723s] INFO:colcon.colcon_core.shell:Creating package descriptor '/home/suxin/English_Path/test111/autonomous_navigation_environment_ego/install/pose_utils/share/pose_utils/package.dsv'
[0.723s] INFO:colcon.colcon_core.shell:Creating package script '/home/suxin/English_Path/test111/autonomous_navigation_environment_ego/install/pose_utils/share/pose_utils/package.sh'
[0.723s] INFO:colcon.colcon_core.shell:Creating package script '/home/suxin/English_Path/test111/autonomous_navigation_environment_ego/install/pose_utils/share/pose_utils/package.bash'
[0.724s] INFO:colcon.colcon_core.shell:Creating package script '/home/suxin/English_Path/test111/autonomous_navigation_environment_ego/install/pose_utils/share/pose_utils/package.zsh'
[0.724s] Level 1:colcon.colcon_core.environment:create_file_with_runtime_dependencies(/home/suxin/English_Path/test111/autonomous_navigation_environment_ego/install/pose_utils/share/colcon-core/packages/pose_utils)
[0.729s] DEBUG:colcon.colcon_core.event_handler.log_command:Invoking command in '/home/suxin/English_Path/test111/autonomous_navigation_environment_ego/build/path_searching': /usr/bin/cmake --install /home/suxin/English_Path/test111/autonomous_navigation_environment_ego/build/path_searching
[0.730s] Level 1:colcon.colcon_core.environment:create_environment_scripts_only(sensor_scan_generation)
[0.730s] Level 1:colcon.colcon_core.environment:checking '/home/suxin/English_Path/test111/autonomous_navigation_environment_ego/install/sensor_scan_generation' for CMake module files
[0.731s] DEBUG:colcon.colcon_core.event_handler.log_command:Invoked command in '/home/suxin/English_Path/test111/autonomous_navigation_environment_ego/build/sensor_scan_generation' returned '0': CMAKE_PREFIX_PATH=/opt/ros/foxy /usr/bin/cmake --install /home/suxin/English_Path/test111/autonomous_navigation_environment_ego/build/sensor_scan_generation
[0.731s] Level 1:colcon.colcon_core.environment:checking '/home/suxin/English_Path/test111/autonomous_navigation_environment_ego/install/sensor_scan_generation' for CMake config files
[0.731s] Level 1:colcon.colcon_core.shell:create_environment_hook('sensor_scan_generation', 'cmake_prefix_path')
[0.731s] INFO:colcon.colcon_core.shell:Creating environment hook '/home/suxin/English_Path/test111/autonomous_navigation_environment_ego/install/sensor_scan_generation/share/sensor_scan_generation/hook/cmake_prefix_path.ps1'
[0.732s] INFO:colcon.colcon_core.shell:Creating environment descriptor '/home/suxin/English_Path/test111/autonomous_navigation_environment_ego/install/sensor_scan_generation/share/sensor_scan_generation/hook/cmake_prefix_path.dsv'
[0.732s] INFO:colcon.colcon_core.shell:Creating environment hook '/home/suxin/English_Path/test111/autonomous_navigation_environment_ego/install/sensor_scan_generation/share/sensor_scan_generation/hook/cmake_prefix_path.sh'
[0.733s] Level 1:colcon.colcon_core.environment:checking '/home/suxin/English_Path/test111/autonomous_navigation_environment_ego/install/sensor_scan_generation/lib'
[0.733s] Level 1:colcon.colcon_core.environment:checking '/home/suxin/English_Path/test111/autonomous_navigation_environment_ego/install/sensor_scan_generation/bin'
[0.733s] Level 1:colcon.colcon_core.environment:checking '/home/suxin/English_Path/test111/autonomous_navigation_environment_ego/install/sensor_scan_generation/lib/pkgconfig/sensor_scan_generation.pc'
[0.733s] Level 1:colcon.colcon_core.environment:checking '/home/suxin/English_Path/test111/autonomous_navigation_environment_ego/install/sensor_scan_generation/lib/python3.8/site-packages'
[0.733s] Level 1:colcon.colcon_core.environment:checking '/home/suxin/English_Path/test111/autonomous_navigation_environment_ego/install/sensor_scan_generation/bin'
[0.733s] INFO:colcon.colcon_core.shell:Creating package script '/home/suxin/English_Path/test111/autonomous_navigation_environment_ego/install/sensor_scan_generation/share/sensor_scan_generation/package.ps1'
[0.734s] INFO:colcon.colcon_core.shell:Creating package descriptor '/home/suxin/English_Path/test111/autonomous_navigation_environment_ego/install/sensor_scan_generation/share/sensor_scan_generation/package.dsv'
[0.734s] INFO:colcon.colcon_core.shell:Creating package script '/home/suxin/English_Path/test111/autonomous_navigation_environment_ego/install/sensor_scan_generation/share/sensor_scan_generation/package.sh'
[0.734s] INFO:colcon.colcon_core.shell:Creating package script '/home/suxin/English_Path/test111/autonomous_navigation_environment_ego/install/sensor_scan_generation/share/sensor_scan_generation/package.bash'
[0.735s] INFO:colcon.colcon_core.shell:Creating package script '/home/suxin/English_Path/test111/autonomous_navigation_environment_ego/install/sensor_scan_generation/share/sensor_scan_generation/package.zsh'
[0.735s] Level 1:colcon.colcon_core.environment:create_file_with_runtime_dependencies(/home/suxin/English_Path/test111/autonomous_navigation_environment_ego/install/sensor_scan_generation/share/colcon-core/packages/sensor_scan_generation)
[0.739s] Level 1:colcon.colcon_core.environment:create_environment_scripts_only(terrain_analysis_ext)
[0.739s] Level 1:colcon.colcon_core.environment:checking '/home/suxin/English_Path/test111/autonomous_navigation_environment_ego/install/terrain_analysis_ext' for CMake module files
[0.741s] DEBUG:colcon.colcon_core.event_handler.log_command:Invoked command in '/home/suxin/English_Path/test111/autonomous_navigation_environment_ego/build/terrain_analysis_ext' returned '0': CMAKE_PREFIX_PATH=/opt/ros/foxy /usr/bin/cmake --install /home/suxin/English_Path/test111/autonomous_navigation_environment_ego/build/terrain_analysis_ext
[0.741s] Level 1:colcon.colcon_core.environment:checking '/home/suxin/English_Path/test111/autonomous_navigation_environment_ego/install/terrain_analysis_ext' for CMake config files
[0.742s] Level 1:colcon.colcon_core.shell:create_environment_hook('terrain_analysis_ext', 'cmake_prefix_path')
[0.742s] INFO:colcon.colcon_core.shell:Creating environment hook '/home/suxin/English_Path/test111/autonomous_navigation_environment_ego/install/terrain_analysis_ext/share/terrain_analysis_ext/hook/cmake_prefix_path.ps1'
[0.742s] INFO:colcon.colcon_core.shell:Creating environment descriptor '/home/suxin/English_Path/test111/autonomous_navigation_environment_ego/install/terrain_analysis_ext/share/terrain_analysis_ext/hook/cmake_prefix_path.dsv'
[0.742s] INFO:colcon.colcon_core.shell:Creating environment hook '/home/suxin/English_Path/test111/autonomous_navigation_environment_ego/install/terrain_analysis_ext/share/terrain_analysis_ext/hook/cmake_prefix_path.sh'
[0.743s] Level 1:colcon.colcon_core.environment:checking '/home/suxin/English_Path/test111/autonomous_navigation_environment_ego/install/terrain_analysis_ext/lib'
[0.743s] Level 1:colcon.colcon_core.environment:checking '/home/suxin/English_Path/test111/autonomous_navigation_environment_ego/install/terrain_analysis_ext/bin'
[0.743s] Level 1:colcon.colcon_core.environment:checking '/home/suxin/English_Path/test111/autonomous_navigation_environment_ego/install/terrain_analysis_ext/lib/pkgconfig/terrain_analysis_ext.pc'
[0.743s] Level 1:colcon.colcon_core.environment:checking '/home/suxin/English_Path/test111/autonomous_navigation_environment_ego/install/terrain_analysis_ext/lib/python3.8/site-packages'
[0.743s] Level 1:colcon.colcon_core.environment:checking '/home/suxin/English_Path/test111/autonomous_navigation_environment_ego/install/terrain_analysis_ext/bin'
[0.744s] INFO:colcon.colcon_core.shell:Creating package script '/home/suxin/English_Path/test111/autonomous_navigation_environment_ego/install/terrain_analysis_ext/share/terrain_analysis_ext/package.ps1'
[0.744s] INFO:colcon.colcon_core.shell:Creating package descriptor '/home/suxin/English_Path/test111/autonomous_navigation_environment_ego/install/terrain_analysis_ext/share/terrain_analysis_ext/package.dsv'
[0.744s] INFO:colcon.colcon_core.shell:Creating package script '/home/suxin/English_Path/test111/autonomous_navigation_environment_ego/install/terrain_analysis_ext/share/terrain_analysis_ext/package.sh'
[0.745s] INFO:colcon.colcon_core.shell:Creating package script '/home/suxin/English_Path/test111/autonomous_navigation_environment_ego/install/terrain_analysis_ext/share/terrain_analysis_ext/package.bash'
[0.745s] INFO:colcon.colcon_core.shell:Creating package script '/home/suxin/English_Path/test111/autonomous_navigation_environment_ego/install/terrain_analysis_ext/share/terrain_analysis_ext/package.zsh'
[0.745s] Level 1:colcon.colcon_core.environment:create_file_with_runtime_dependencies(/home/suxin/English_Path/test111/autonomous_navigation_environment_ego/install/terrain_analysis_ext/share/colcon-core/packages/terrain_analysis_ext)
[0.748s] Level 1:colcon.colcon_core.environment:create_environment_scripts_only(quadrotor_msgs)
[0.749s] DEBUG:colcon.colcon_core.event_handler.log_command:Invoked command in '/home/suxin/English_Path/test111/autonomous_navigation_environment_ego/build/quadrotor_msgs' returned '0': CMAKE_PREFIX_PATH=/opt/ros/foxy /usr/bin/cmake --install /home/suxin/English_Path/test111/autonomous_navigation_environment_ego/build/quadrotor_msgs
[0.749s] Level 1:colcon.colcon_core.environment:checking '/home/suxin/English_Path/test111/autonomous_navigation_environment_ego/install/quadrotor_msgs' for CMake module files
[0.750s] Level 1:colcon.colcon_core.environment:checking '/home/suxin/English_Path/test111/autonomous_navigation_environment_ego/install/quadrotor_msgs' for CMake config files
[0.751s] Level 1:colcon.colcon_core.shell:create_environment_hook('quadrotor_msgs', 'cmake_prefix_path')
[0.751s] INFO:colcon.colcon_core.shell:Creating environment hook '/home/suxin/English_Path/test111/autonomous_navigation_environment_ego/install/quadrotor_msgs/share/quadrotor_msgs/hook/cmake_prefix_path.ps1'
[0.751s] INFO:colcon.colcon_core.shell:Creating environment descriptor '/home/suxin/English_Path/test111/autonomous_navigation_environment_ego/install/quadrotor_msgs/share/quadrotor_msgs/hook/cmake_prefix_path.dsv'
[0.752s] INFO:colcon.colcon_core.shell:Creating environment hook '/home/suxin/English_Path/test111/autonomous_navigation_environment_ego/install/quadrotor_msgs/share/quadrotor_msgs/hook/cmake_prefix_path.sh'
[0.752s] Level 1:colcon.colcon_core.environment:checking '/home/suxin/English_Path/test111/autonomous_navigation_environment_ego/install/quadrotor_msgs/lib'
[0.752s] Level 1:colcon.colcon_core.shell:create_environment_hook('quadrotor_msgs', 'ld_library_path_lib')
[0.752s] INFO:colcon.colcon_core.shell:Creating environment hook '/home/suxin/English_Path/test111/autonomous_navigation_environment_ego/install/quadrotor_msgs/share/quadrotor_msgs/hook/ld_library_path_lib.ps1'
[0.753s] INFO:colcon.colcon_core.shell:Creating environment descriptor '/home/suxin/English_Path/test111/autonomous_navigation_environment_ego/install/quadrotor_msgs/share/quadrotor_msgs/hook/ld_library_path_lib.dsv'
[0.753s] INFO:colcon.colcon_core.shell:Creating environment hook '/home/suxin/English_Path/test111/autonomous_navigation_environment_ego/install/quadrotor_msgs/share/quadrotor_msgs/hook/ld_library_path_lib.sh'
[0.753s] Level 1:colcon.colcon_core.environment:checking '/home/suxin/English_Path/test111/autonomous_navigation_environment_ego/install/quadrotor_msgs/bin'
[0.753s] Level 1:colcon.colcon_core.environment:checking '/home/suxin/English_Path/test111/autonomous_navigation_environment_ego/install/quadrotor_msgs/lib/pkgconfig/quadrotor_msgs.pc'
[0.753s] Level 1:colcon.colcon_core.environment:checking '/home/suxin/English_Path/test111/autonomous_navigation_environment_ego/install/quadrotor_msgs/lib/python3.8/site-packages'
[0.753s] Level 1:colcon.colcon_core.shell:create_environment_hook('quadrotor_msgs', 'pythonpath')
[0.754s] INFO:colcon.colcon_core.shell:Creating environment hook '/home/suxin/English_Path/test111/autonomous_navigation_environment_ego/install/quadrotor_msgs/share/quadrotor_msgs/hook/pythonpath.ps1'
[0.754s] INFO:colcon.colcon_core.shell:Creating environment descriptor '/home/suxin/English_Path/test111/autonomous_navigation_environment_ego/install/quadrotor_msgs/share/quadrotor_msgs/hook/pythonpath.dsv'
[0.754s] INFO:colcon.colcon_core.shell:Creating environment hook '/home/suxin/English_Path/test111/autonomous_navigation_environment_ego/install/quadrotor_msgs/share/quadrotor_msgs/hook/pythonpath.sh'
[0.755s] Level 1:colcon.colcon_core.environment:checking '/home/suxin/English_Path/test111/autonomous_navigation_environment_ego/install/quadrotor_msgs/bin'
[0.755s] INFO:colcon.colcon_core.shell:Creating package script '/home/suxin/English_Path/test111/autonomous_navigation_environment_ego/install/quadrotor_msgs/share/quadrotor_msgs/package.ps1'
[0.755s] INFO:colcon.colcon_core.shell:Creating package descriptor '/home/suxin/English_Path/test111/autonomous_navigation_environment_ego/install/quadrotor_msgs/share/quadrotor_msgs/package.dsv'
[0.756s] INFO:colcon.colcon_core.shell:Creating package script '/home/suxin/English_Path/test111/autonomous_navigation_environment_ego/install/quadrotor_msgs/share/quadrotor_msgs/package.sh'
[0.756s] INFO:colcon.colcon_core.shell:Creating package script '/home/suxin/English_Path/test111/autonomous_navigation_environment_ego/install/quadrotor_msgs/share/quadrotor_msgs/package.bash'
[0.756s] INFO:colcon.colcon_core.shell:Creating package script '/home/suxin/English_Path/test111/autonomous_navigation_environment_ego/install/quadrotor_msgs/share/quadrotor_msgs/package.zsh'
[0.757s] Level 1:colcon.colcon_core.environment:create_file_with_runtime_dependencies(/home/suxin/English_Path/test111/autonomous_navigation_environment_ego/install/quadrotor_msgs/share/colcon-core/packages/quadrotor_msgs)
[0.759s] Level 1:colcon.colcon_core.environment:create_environment_scripts_only(terrain_analysis)
[0.760s] Level 1:colcon.colcon_core.environment:checking '/home/suxin/English_Path/test111/autonomous_navigation_environment_ego/install/terrain_analysis' for CMake module files
[0.760s] DEBUG:colcon.colcon_core.event_handler.log_command:Invoked command in '/home/suxin/English_Path/test111/autonomous_navigation_environment_ego/build/terrain_analysis' returned '0': CMAKE_PREFIX_PATH=/opt/ros/foxy /usr/bin/cmake --install /home/suxin/English_Path/test111/autonomous_navigation_environment_ego/build/terrain_analysis
[0.761s] Level 1:colcon.colcon_core.environment:checking '/home/suxin/English_Path/test111/autonomous_navigation_environment_ego/install/terrain_analysis' for CMake config files
[0.761s] Level 1:colcon.colcon_core.shell:create_environment_hook('terrain_analysis', 'cmake_prefix_path')
[0.762s] INFO:colcon.colcon_core.shell:Creating environment hook '/home/suxin/English_Path/test111/autonomous_navigation_environment_ego/install/terrain_analysis/share/terrain_analysis/hook/cmake_prefix_path.ps1'
[0.762s] INFO:colcon.colcon_core.shell:Creating environment descriptor '/home/suxin/English_Path/test111/autonomous_navigation_environment_ego/install/terrain_analysis/share/terrain_analysis/hook/cmake_prefix_path.dsv'
[0.762s] INFO:colcon.colcon_core.shell:Creating environment hook '/home/suxin/English_Path/test111/autonomous_navigation_environment_ego/install/terrain_analysis/share/terrain_analysis/hook/cmake_prefix_path.sh'
[0.763s] Level 1:colcon.colcon_core.environment:checking '/home/suxin/English_Path/test111/autonomous_navigation_environment_ego/install/terrain_analysis/lib'
[0.763s] Level 1:colcon.colcon_core.environment:checking '/home/suxin/English_Path/test111/autonomous_navigation_environment_ego/install/terrain_analysis/bin'
[0.763s] Level 1:colcon.colcon_core.environment:checking '/home/suxin/English_Path/test111/autonomous_navigation_environment_ego/install/terrain_analysis/lib/pkgconfig/terrain_analysis.pc'
[0.763s] Level 1:colcon.colcon_core.environment:checking '/home/suxin/English_Path/test111/autonomous_navigation_environment_ego/install/terrain_analysis/lib/python3.8/site-packages'
[0.763s] Level 1:colcon.colcon_core.environment:checking '/home/suxin/English_Path/test111/autonomous_navigation_environment_ego/install/terrain_analysis/bin'
[0.764s] INFO:colcon.colcon_core.shell:Creating package script '/home/suxin/English_Path/test111/autonomous_navigation_environment_ego/install/terrain_analysis/share/terrain_analysis/package.ps1'
[0.764s] INFO:colcon.colcon_core.shell:Creating package descriptor '/home/suxin/English_Path/test111/autonomous_navigation_environment_ego/install/terrain_analysis/share/terrain_analysis/package.dsv'
[0.764s] INFO:colcon.colcon_core.shell:Creating package script '/home/suxin/English_Path/test111/autonomous_navigation_environment_ego/install/terrain_analysis/share/terrain_analysis/package.sh'
[0.765s] INFO:colcon.colcon_core.shell:Creating package script '/home/suxin/English_Path/test111/autonomous_navigation_environment_ego/install/terrain_analysis/share/terrain_analysis/package.bash'
[0.765s] INFO:colcon.colcon_core.shell:Creating package script '/home/suxin/English_Path/test111/autonomous_navigation_environment_ego/install/terrain_analysis/share/terrain_analysis/package.zsh'
[0.765s] Level 1:colcon.colcon_core.environment:create_file_with_runtime_dependencies(/home/suxin/English_Path/test111/autonomous_navigation_environment_ego/install/terrain_analysis/share/colcon-core/packages/terrain_analysis)
[0.767s] Level 1:colcon.colcon_core.environment:create_environment_scripts_only(vehicle_simulator)
[0.768s] Level 1:colcon.colcon_core.environment:checking '/home/suxin/English_Path/test111/autonomous_navigation_environment_ego/install/vehicle_simulator' for CMake module files
[0.768s] DEBUG:colcon.colcon_core.event_handler.log_command:Invoked command in '/home/suxin/English_Path/test111/autonomous_navigation_environment_ego/build/vehicle_simulator' returned '0': CMAKE_PREFIX_PATH=/opt/ros/foxy /usr/bin/cmake --install /home/suxin/English_Path/test111/autonomous_navigation_environment_ego/build/vehicle_simulator
[0.769s] Level 1:colcon.colcon_core.environment:checking '/home/suxin/English_Path/test111/autonomous_navigation_environment_ego/install/vehicle_simulator' for CMake config files
[0.769s] Level 1:colcon.colcon_core.shell:create_environment_hook('vehicle_simulator', 'cmake_prefix_path')
[0.769s] INFO:colcon.colcon_core.shell:Creating environment hook '/home/suxin/English_Path/test111/autonomous_navigation_environment_ego/install/vehicle_simulator/share/vehicle_simulator/hook/cmake_prefix_path.ps1'
[0.770s] INFO:colcon.colcon_core.shell:Creating environment descriptor '/home/suxin/English_Path/test111/autonomous_navigation_environment_ego/install/vehicle_simulator/share/vehicle_simulator/hook/cmake_prefix_path.dsv'
[0.770s] INFO:colcon.colcon_core.shell:Creating environment hook '/home/suxin/English_Path/test111/autonomous_navigation_environment_ego/install/vehicle_simulator/share/vehicle_simulator/hook/cmake_prefix_path.sh'
[0.770s] Level 1:colcon.colcon_core.environment:checking '/home/suxin/English_Path/test111/autonomous_navigation_environment_ego/install/vehicle_simulator/lib'
[0.770s] Level 1:colcon.colcon_core.environment:checking '/home/suxin/English_Path/test111/autonomous_navigation_environment_ego/install/vehicle_simulator/bin'
[0.770s] Level 1:colcon.colcon_core.environment:checking '/home/suxin/English_Path/test111/autonomous_navigation_environment_ego/install/vehicle_simulator/lib/pkgconfig/vehicle_simulator.pc'
[0.771s] Level 1:colcon.colcon_core.environment:checking '/home/suxin/English_Path/test111/autonomous_navigation_environment_ego/install/vehicle_simulator/lib/python3.8/site-packages'
[0.771s] Level 1:colcon.colcon_core.environment:checking '/home/suxin/English_Path/test111/autonomous_navigation_environment_ego/install/vehicle_simulator/bin'
[0.771s] INFO:colcon.colcon_core.shell:Creating package script '/home/suxin/English_Path/test111/autonomous_navigation_environment_ego/install/vehicle_simulator/share/vehicle_simulator/package.ps1'
[0.771s] INFO:colcon.colcon_core.shell:Creating package descriptor '/home/suxin/English_Path/test111/autonomous_navigation_environment_ego/install/vehicle_simulator/share/vehicle_simulator/package.dsv'
[0.772s] INFO:colcon.colcon_core.shell:Creating package script '/home/suxin/English_Path/test111/autonomous_navigation_environment_ego/install/vehicle_simulator/share/vehicle_simulator/package.sh'
[0.772s] INFO:colcon.colcon_core.shell:Creating package script '/home/suxin/English_Path/test111/autonomous_navigation_environment_ego/install/vehicle_simulator/share/vehicle_simulator/package.bash'
[0.772s] INFO:colcon.colcon_core.shell:Creating package script '/home/suxin/English_Path/test111/autonomous_navigation_environment_ego/install/vehicle_simulator/share/vehicle_simulator/package.zsh'
[0.773s] Level 1:colcon.colcon_core.environment:create_file_with_runtime_dependencies(/home/suxin/English_Path/test111/autonomous_navigation_environment_ego/install/vehicle_simulator/share/colcon-core/packages/vehicle_simulator)
[0.776s] Level 1:colcon.colcon_core.environment:create_environment_scripts_only(traj_utils)
[0.776s] Level 1:colcon.colcon_core.environment:checking '/home/suxin/English_Path/test111/autonomous_navigation_environment_ego/install/traj_utils' for CMake module files
[0.777s] DEBUG:colcon.colcon_core.event_handler.log_command:Invoked command in '/home/suxin/English_Path/test111/autonomous_navigation_environment_ego/build/traj_utils' returned '0': CMAKE_PREFIX_PATH=/opt/ros/foxy /usr/bin/cmake --install /home/suxin/English_Path/test111/autonomous_navigation_environment_ego/build/traj_utils
[0.777s] Level 1:colcon.colcon_core.environment:checking '/home/suxin/English_Path/test111/autonomous_navigation_environment_ego/install/traj_utils' for CMake config files
[0.778s] Level 1:colcon.colcon_core.shell:create_environment_hook('traj_utils', 'cmake_prefix_path')
[0.778s] INFO:colcon.colcon_core.shell:Creating environment hook '/home/suxin/English_Path/test111/autonomous_navigation_environment_ego/install/traj_utils/share/traj_utils/hook/cmake_prefix_path.ps1'
[0.779s] INFO:colcon.colcon_core.shell:Creating environment descriptor '/home/suxin/English_Path/test111/autonomous_navigation_environment_ego/install/traj_utils/share/traj_utils/hook/cmake_prefix_path.dsv'
[0.779s] INFO:colcon.colcon_core.shell:Creating environment hook '/home/suxin/English_Path/test111/autonomous_navigation_environment_ego/install/traj_utils/share/traj_utils/hook/cmake_prefix_path.sh'
[0.779s] Level 1:colcon.colcon_core.environment:checking '/home/suxin/English_Path/test111/autonomous_navigation_environment_ego/install/traj_utils/lib'
[0.780s] Level 1:colcon.colcon_core.shell:create_environment_hook('traj_utils', 'ld_library_path_lib')
[0.780s] INFO:colcon.colcon_core.shell:Creating environment hook '/home/suxin/English_Path/test111/autonomous_navigation_environment_ego/install/traj_utils/share/traj_utils/hook/ld_library_path_lib.ps1'
[0.780s] INFO:colcon.colcon_core.shell:Creating environment descriptor '/home/suxin/English_Path/test111/autonomous_navigation_environment_ego/install/traj_utils/share/traj_utils/hook/ld_library_path_lib.dsv'
[0.780s] INFO:colcon.colcon_core.shell:Creating environment hook '/home/suxin/English_Path/test111/autonomous_navigation_environment_ego/install/traj_utils/share/traj_utils/hook/ld_library_path_lib.sh'
[0.780s] Level 1:colcon.colcon_core.environment:checking '/home/suxin/English_Path/test111/autonomous_navigation_environment_ego/install/traj_utils/bin'
[0.781s] Level 1:colcon.colcon_core.environment:checking '/home/suxin/English_Path/test111/autonomous_navigation_environment_ego/install/traj_utils/lib/pkgconfig/traj_utils.pc'
[0.781s] Level 1:colcon.colcon_core.environment:checking '/home/suxin/English_Path/test111/autonomous_navigation_environment_ego/install/traj_utils/lib/python3.8/site-packages'
[0.781s] Level 1:colcon.colcon_core.shell:create_environment_hook('traj_utils', 'pythonpath')
[0.781s] INFO:colcon.colcon_core.shell:Creating environment hook '/home/suxin/English_Path/test111/autonomous_navigation_environment_ego/install/traj_utils/share/traj_utils/hook/pythonpath.ps1'
[0.781s] INFO:colcon.colcon_core.shell:Creating environment descriptor '/home/suxin/English_Path/test111/autonomous_navigation_environment_ego/install/traj_utils/share/traj_utils/hook/pythonpath.dsv'
[0.782s] INFO:colcon.colcon_core.shell:Creating environment hook '/home/suxin/English_Path/test111/autonomous_navigation_environment_ego/install/traj_utils/share/traj_utils/hook/pythonpath.sh'
[0.782s] Level 1:colcon.colcon_core.environment:checking '/home/suxin/English_Path/test111/autonomous_navigation_environment_ego/install/traj_utils/bin'
[0.783s] INFO:colcon.colcon_core.shell:Creating package script '/home/suxin/English_Path/test111/autonomous_navigation_environment_ego/install/traj_utils/share/traj_utils/package.ps1'
[0.783s] INFO:colcon.colcon_core.shell:Creating package descriptor '/home/suxin/English_Path/test111/autonomous_navigation_environment_ego/install/traj_utils/share/traj_utils/package.dsv'
[0.784s] INFO:colcon.colcon_core.shell:Creating package script '/home/suxin/English_Path/test111/autonomous_navigation_environment_ego/install/traj_utils/share/traj_utils/package.sh'
[0.784s] INFO:colcon.colcon_core.shell:Creating package script '/home/suxin/English_Path/test111/autonomous_navigation_environment_ego/install/traj_utils/share/traj_utils/package.bash'
[0.784s] INFO:colcon.colcon_core.shell:Creating package script '/home/suxin/English_Path/test111/autonomous_navigation_environment_ego/install/traj_utils/share/traj_utils/package.zsh'
[0.784s] Level 1:colcon.colcon_core.environment:create_file_with_runtime_dependencies(/home/suxin/English_Path/test111/autonomous_navigation_environment_ego/install/traj_utils/share/colcon-core/packages/traj_utils)
[0.790s] Level 1:colcon.colcon_core.environment:create_environment_scripts_only(plan_env)
[0.790s] Level 1:colcon.colcon_core.environment:checking '/home/suxin/English_Path/test111/autonomous_navigation_environment_ego/install/plan_env' for CMake module files
[0.792s] Level 1:colcon.colcon_core.environment:checking '/home/suxin/English_Path/test111/autonomous_navigation_environment_ego/install/plan_env' for CMake config files
[0.792s] Level 1:colcon.colcon_core.shell:create_environment_hook('plan_env', 'cmake_prefix_path')
[0.792s] INFO:colcon.colcon_core.shell:Creating environment hook '/home/suxin/English_Path/test111/autonomous_navigation_environment_ego/install/plan_env/share/plan_env/hook/cmake_prefix_path.ps1'
[0.793s] INFO:colcon.colcon_core.shell:Creating environment descriptor '/home/suxin/English_Path/test111/autonomous_navigation_environment_ego/install/plan_env/share/plan_env/hook/cmake_prefix_path.dsv'
[0.793s] INFO:colcon.colcon_core.shell:Creating environment hook '/home/suxin/English_Path/test111/autonomous_navigation_environment_ego/install/plan_env/share/plan_env/hook/cmake_prefix_path.sh'
[0.793s] Level 1:colcon.colcon_core.environment:checking '/home/suxin/English_Path/test111/autonomous_navigation_environment_ego/install/plan_env/lib'
[0.793s] Level 1:colcon.colcon_core.environment:checking '/home/suxin/English_Path/test111/autonomous_navigation_environment_ego/install/plan_env/bin'
[0.793s] Level 1:colcon.colcon_core.environment:checking '/home/suxin/English_Path/test111/autonomous_navigation_environment_ego/install/plan_env/lib/pkgconfig/plan_env.pc'
[0.794s] Level 1:colcon.colcon_core.environment:checking '/home/suxin/English_Path/test111/autonomous_navigation_environment_ego/install/plan_env/lib/python3.8/site-packages'
[0.794s] Level 1:colcon.colcon_core.environment:checking '/home/suxin/English_Path/test111/autonomous_navigation_environment_ego/install/plan_env/bin'
[0.794s] INFO:colcon.colcon_core.shell:Creating package script '/home/suxin/English_Path/test111/autonomous_navigation_environment_ego/install/plan_env/share/plan_env/package.ps1'
[0.795s] INFO:colcon.colcon_core.shell:Creating package descriptor '/home/suxin/English_Path/test111/autonomous_navigation_environment_ego/install/plan_env/share/plan_env/package.dsv'
[0.795s] INFO:colcon.colcon_core.shell:Creating package script '/home/suxin/English_Path/test111/autonomous_navigation_environment_ego/install/plan_env/share/plan_env/package.sh'
[0.795s] INFO:colcon.colcon_core.shell:Creating package script '/home/suxin/English_Path/test111/autonomous_navigation_environment_ego/install/plan_env/share/plan_env/package.bash'
[0.796s] INFO:colcon.colcon_core.shell:Creating package script '/home/suxin/English_Path/test111/autonomous_navigation_environment_ego/install/plan_env/share/plan_env/package.zsh'
[0.796s] Level 1:colcon.colcon_core.environment:create_file_with_runtime_dependencies(/home/suxin/English_Path/test111/autonomous_navigation_environment_ego/install/plan_env/share/colcon-core/packages/plan_env)
[0.796s] Level 1:colcon.colcon_core.environment:create_environment_scripts_only(visualization_tools)
[0.796s] Level 1:colcon.colcon_core.environment:checking '/home/suxin/English_Path/test111/autonomous_navigation_environment_ego/install/visualization_tools' for CMake module files
[0.797s] DEBUG:colcon.colcon_core.event_handler.log_command:Invoked command in '/home/suxin/English_Path/test111/autonomous_navigation_environment_ego/build/visualization_tools' returned '0': CMAKE_PREFIX_PATH=/opt/ros/foxy /usr/bin/cmake --install /home/suxin/English_Path/test111/autonomous_navigation_environment_ego/build/visualization_tools
[0.797s] Level 1:colcon.colcon_core.environment:checking '/home/suxin/English_Path/test111/autonomous_navigation_environment_ego/install/visualization_tools' for CMake config files
[0.798s] Level 1:colcon.colcon_core.shell:create_environment_hook('visualization_tools', 'cmake_prefix_path')
[0.798s] INFO:colcon.colcon_core.shell:Creating environment hook '/home/suxin/English_Path/test111/autonomous_navigation_environment_ego/install/visualization_tools/share/visualization_tools/hook/cmake_prefix_path.ps1'
[0.798s] INFO:colcon.colcon_core.shell:Creating environment descriptor '/home/suxin/English_Path/test111/autonomous_navigation_environment_ego/install/visualization_tools/share/visualization_tools/hook/cmake_prefix_path.dsv'
[0.798s] INFO:colcon.colcon_core.shell:Creating environment hook '/home/suxin/English_Path/test111/autonomous_navigation_environment_ego/install/visualization_tools/share/visualization_tools/hook/cmake_prefix_path.sh'
[0.799s] Level 1:colcon.colcon_core.environment:checking '/home/suxin/English_Path/test111/autonomous_navigation_environment_ego/install/visualization_tools/lib'
[0.799s] Level 1:colcon.colcon_core.environment:checking '/home/suxin/English_Path/test111/autonomous_navigation_environment_ego/install/visualization_tools/bin'
[0.799s] Level 1:colcon.colcon_core.environment:checking '/home/suxin/English_Path/test111/autonomous_navigation_environment_ego/install/visualization_tools/lib/pkgconfig/visualization_tools.pc'
[0.799s] Level 1:colcon.colcon_core.environment:checking '/home/suxin/English_Path/test111/autonomous_navigation_environment_ego/install/visualization_tools/lib/python3.8/site-packages'
[0.799s] Level 1:colcon.colcon_core.environment:checking '/home/suxin/English_Path/test111/autonomous_navigation_environment_ego/install/visualization_tools/bin'
[0.799s] INFO:colcon.colcon_core.shell:Creating package script '/home/suxin/English_Path/test111/autonomous_navigation_environment_ego/install/visualization_tools/share/visualization_tools/package.ps1'
[0.800s] INFO:colcon.colcon_core.shell:Creating package descriptor '/home/suxin/English_Path/test111/autonomous_navigation_environment_ego/install/visualization_tools/share/visualization_tools/package.dsv'
[0.800s] INFO:colcon.colcon_core.shell:Creating package script '/home/suxin/English_Path/test111/autonomous_navigation_environment_ego/install/visualization_tools/share/visualization_tools/package.sh'
[0.800s] INFO:colcon.colcon_core.shell:Creating package script '/home/suxin/English_Path/test111/autonomous_navigation_environment_ego/install/visualization_tools/share/visualization_tools/package.bash'
[0.801s] INFO:colcon.colcon_core.shell:Creating package script '/home/suxin/English_Path/test111/autonomous_navigation_environment_ego/install/visualization_tools/share/visualization_tools/package.zsh'
[0.801s] Level 1:colcon.colcon_core.environment:create_file_with_runtime_dependencies(/home/suxin/English_Path/test111/autonomous_navigation_environment_ego/install/visualization_tools/share/colcon-core/packages/visualization_tools)
[0.804s] Level 1:colcon.colcon_core.environment:create_environment_scripts_only(turtlebot3_description)
[0.804s] Level 1:colcon.colcon_core.environment:checking '/home/suxin/English_Path/test111/autonomous_navigation_environment_ego/install/turtlebot3_description' for CMake module files
[0.805s] Level 1:colcon.colcon_core.environment:checking '/home/suxin/English_Path/test111/autonomous_navigation_environment_ego/install/turtlebot3_description' for CMake config files
[0.805s] Level 1:colcon.colcon_core.shell:create_environment_hook('turtlebot3_description', 'cmake_prefix_path')
[0.805s] INFO:colcon.colcon_core.shell:Creating environment hook '/home/suxin/English_Path/test111/autonomous_navigation_environment_ego/install/turtlebot3_description/share/turtlebot3_description/hook/cmake_prefix_path.ps1'
[0.806s] INFO:colcon.colcon_core.shell:Creating environment descriptor '/home/suxin/English_Path/test111/autonomous_navigation_environment_ego/install/turtlebot3_description/share/turtlebot3_description/hook/cmake_prefix_path.dsv'
[0.806s] INFO:colcon.colcon_core.shell:Creating environment hook '/home/suxin/English_Path/test111/autonomous_navigation_environment_ego/install/turtlebot3_description/share/turtlebot3_description/hook/cmake_prefix_path.sh'
[0.807s] Level 1:colcon.colcon_core.environment:checking '/home/suxin/English_Path/test111/autonomous_navigation_environment_ego/install/turtlebot3_description/bin'
[0.807s] Level 1:colcon.colcon_core.environment:checking '/home/suxin/English_Path/test111/autonomous_navigation_environment_ego/install/turtlebot3_description/lib/pkgconfig/turtlebot3_description.pc'
[0.807s] Level 1:colcon.colcon_core.environment:checking '/home/suxin/English_Path/test111/autonomous_navigation_environment_ego/install/turtlebot3_description/lib/python3.8/site-packages'
[0.807s] Level 1:colcon.colcon_core.environment:checking '/home/suxin/English_Path/test111/autonomous_navigation_environment_ego/install/turtlebot3_description/bin'
[0.807s] INFO:colcon.colcon_core.shell:Creating package script '/home/suxin/English_Path/test111/autonomous_navigation_environment_ego/install/turtlebot3_description/share/turtlebot3_description/package.ps1'
[0.808s] INFO:colcon.colcon_core.shell:Creating package descriptor '/home/suxin/English_Path/test111/autonomous_navigation_environment_ego/install/turtlebot3_description/share/turtlebot3_description/package.dsv'
[0.808s] INFO:colcon.colcon_core.shell:Creating package script '/home/suxin/English_Path/test111/autonomous_navigation_environment_ego/install/turtlebot3_description/share/turtlebot3_description/package.sh'
[0.808s] INFO:colcon.colcon_core.shell:Creating package script '/home/suxin/English_Path/test111/autonomous_navigation_environment_ego/install/turtlebot3_description/share/turtlebot3_description/package.bash'
[0.809s] INFO:colcon.colcon_core.shell:Creating package script '/home/suxin/English_Path/test111/autonomous_navigation_environment_ego/install/turtlebot3_description/share/turtlebot3_description/package.zsh'
[0.809s] Level 1:colcon.colcon_core.environment:create_file_with_runtime_dependencies(/home/suxin/English_Path/test111/autonomous_navigation_environment_ego/install/turtlebot3_description/share/colcon-core/packages/turtlebot3_description)
[0.810s] Level 1:colcon.colcon_core.environment:create_environment_scripts_only(bspline_opt)
[0.810s] Level 1:colcon.colcon_core.environment:checking '/home/suxin/English_Path/test111/autonomous_navigation_environment_ego/install/bspline_opt' for CMake module files
[0.811s] Level 1:colcon.colcon_core.environment:checking '/home/suxin/English_Path/test111/autonomous_navigation_environment_ego/install/bspline_opt' for CMake config files
[0.811s] Level 1:colcon.colcon_core.shell:create_environment_hook('bspline_opt', 'cmake_prefix_path')
[0.811s] INFO:colcon.colcon_core.shell:Creating environment hook '/home/suxin/English_Path/test111/autonomous_navigation_environment_ego/install/bspline_opt/share/bspline_opt/hook/cmake_prefix_path.ps1'
[0.811s] INFO:colcon.colcon_core.shell:Creating environment descriptor '/home/suxin/English_Path/test111/autonomous_navigation_environment_ego/install/bspline_opt/share/bspline_opt/hook/cmake_prefix_path.dsv'
[0.812s] INFO:colcon.colcon_core.shell:Creating environment hook '/home/suxin/English_Path/test111/autonomous_navigation_environment_ego/install/bspline_opt/share/bspline_opt/hook/cmake_prefix_path.sh'
[0.812s] Level 1:colcon.colcon_core.environment:checking '/home/suxin/English_Path/test111/autonomous_navigation_environment_ego/install/bspline_opt/lib'
[0.812s] Level 1:colcon.colcon_core.environment:checking '/home/suxin/English_Path/test111/autonomous_navigation_environment_ego/install/bspline_opt/bin'
[0.812s] Level 1:colcon.colcon_core.environment:checking '/home/suxin/English_Path/test111/autonomous_navigation_environment_ego/install/bspline_opt/lib/pkgconfig/bspline_opt.pc'
[0.812s] Level 1:colcon.colcon_core.environment:checking '/home/suxin/English_Path/test111/autonomous_navigation_environment_ego/install/bspline_opt/lib/python3.8/site-packages'
[0.813s] Level 1:colcon.colcon_core.environment:checking '/home/suxin/English_Path/test111/autonomous_navigation_environment_ego/install/bspline_opt/bin'
[0.813s] INFO:colcon.colcon_core.shell:Creating package script '/home/suxin/English_Path/test111/autonomous_navigation_environment_ego/install/bspline_opt/share/bspline_opt/package.ps1'
[0.813s] INFO:colcon.colcon_core.shell:Creating package descriptor '/home/suxin/English_Path/test111/autonomous_navigation_environment_ego/install/bspline_opt/share/bspline_opt/package.dsv'
[0.814s] INFO:colcon.colcon_core.shell:Creating package script '/home/suxin/English_Path/test111/autonomous_navigation_environment_ego/install/bspline_opt/share/bspline_opt/package.sh'
[0.814s] INFO:colcon.colcon_core.shell:Creating package script '/home/suxin/English_Path/test111/autonomous_navigation_environment_ego/install/bspline_opt/share/bspline_opt/package.bash'
[0.814s] INFO:colcon.colcon_core.shell:Creating package script '/home/suxin/English_Path/test111/autonomous_navigation_environment_ego/install/bspline_opt/share/bspline_opt/package.zsh'
[0.814s] Level 1:colcon.colcon_core.environment:create_file_with_runtime_dependencies(/home/suxin/English_Path/test111/autonomous_navigation_environment_ego/install/bspline_opt/share/colcon-core/packages/bspline_opt)
[0.817s] DEBUG:colcon.colcon_core.event_handler.log_command:Invoked command in '/home/suxin/English_Path/test111/autonomous_navigation_environment_ego/build/path_searching' returned '0': /usr/bin/cmake --install /home/suxin/English_Path/test111/autonomous_navigation_environment_ego/build/path_searching
[0.818s] Level 1:colcon.colcon_core.environment:create_environment_scripts_only(turtlebot3_fake_node)
[0.819s] Level 1:colcon.colcon_core.environment:checking '/home/suxin/English_Path/test111/autonomous_navigation_environment_ego/install/turtlebot3_fake_node' for CMake module files
[0.819s] Level 1:colcon.colcon_core.environment:checking '/home/suxin/English_Path/test111/autonomous_navigation_environment_ego/install/turtlebot3_fake_node' for CMake config files
[0.820s] Level 1:colcon.colcon_core.shell:create_environment_hook('turtlebot3_fake_node', 'cmake_prefix_path')
[0.820s] INFO:colcon.colcon_core.shell:Creating environment hook '/home/suxin/English_Path/test111/autonomous_navigation_environment_ego/install/turtlebot3_fake_node/share/turtlebot3_fake_node/hook/cmake_prefix_path.ps1'
[0.820s] INFO:colcon.colcon_core.shell:Creating environment descriptor '/home/suxin/English_Path/test111/autonomous_navigation_environment_ego/install/turtlebot3_fake_node/share/turtlebot3_fake_node/hook/cmake_prefix_path.dsv'
[0.820s] INFO:colcon.colcon_core.shell:Creating environment hook '/home/suxin/English_Path/test111/autonomous_navigation_environment_ego/install/turtlebot3_fake_node/share/turtlebot3_fake_node/hook/cmake_prefix_path.sh'
[0.821s] Level 1:colcon.colcon_core.environment:checking '/home/suxin/English_Path/test111/autonomous_navigation_environment_ego/install/turtlebot3_fake_node/lib'
[0.821s] Level 1:colcon.colcon_core.environment:checking '/home/suxin/English_Path/test111/autonomous_navigation_environment_ego/install/turtlebot3_fake_node/bin'
[0.821s] Level 1:colcon.colcon_core.environment:checking '/home/suxin/English_Path/test111/autonomous_navigation_environment_ego/install/turtlebot3_fake_node/lib/pkgconfig/turtlebot3_fake_node.pc'
[0.821s] Level 1:colcon.colcon_core.environment:checking '/home/suxin/English_Path/test111/autonomous_navigation_environment_ego/install/turtlebot3_fake_node/lib/python3.8/site-packages'
[0.821s] Level 1:colcon.colcon_core.environment:checking '/home/suxin/English_Path/test111/autonomous_navigation_environment_ego/install/turtlebot3_fake_node/bin'
[0.822s] INFO:colcon.colcon_core.shell:Creating package script '/home/suxin/English_Path/test111/autonomous_navigation_environment_ego/install/turtlebot3_fake_node/share/turtlebot3_fake_node/package.ps1'
[0.822s] INFO:colcon.colcon_core.shell:Creating package descriptor '/home/suxin/English_Path/test111/autonomous_navigation_environment_ego/install/turtlebot3_fake_node/share/turtlebot3_fake_node/package.dsv'
[0.822s] INFO:colcon.colcon_core.shell:Creating package script '/home/suxin/English_Path/test111/autonomous_navigation_environment_ego/install/turtlebot3_fake_node/share/turtlebot3_fake_node/package.sh'
[0.823s] INFO:colcon.colcon_core.shell:Creating package script '/home/suxin/English_Path/test111/autonomous_navigation_environment_ego/install/turtlebot3_fake_node/share/turtlebot3_fake_node/package.bash'
[0.823s] INFO:colcon.colcon_core.shell:Creating package script '/home/suxin/English_Path/test111/autonomous_navigation_environment_ego/install/turtlebot3_fake_node/share/turtlebot3_fake_node/package.zsh'
[0.823s] Level 1:colcon.colcon_core.environment:create_file_with_runtime_dependencies(/home/suxin/English_Path/test111/autonomous_navigation_environment_ego/install/turtlebot3_fake_node/share/colcon-core/packages/turtlebot3_fake_node)
[0.824s] Level 1:colcon.colcon_core.environment:create_environment_scripts_only(traj_utils_so)
[0.824s] Level 1:colcon.colcon_core.environment:checking '/home/suxin/English_Path/test111/autonomous_navigation_environment_ego/install/traj_utils_so' for CMake module files
[0.825s] Level 1:colcon.colcon_core.environment:checking '/home/suxin/English_Path/test111/autonomous_navigation_environment_ego/install/traj_utils_so' for CMake config files
[0.825s] Level 1:colcon.colcon_core.shell:create_environment_hook('traj_utils_so', 'cmake_prefix_path')
[0.825s] INFO:colcon.colcon_core.shell:Creating environment hook '/home/suxin/English_Path/test111/autonomous_navigation_environment_ego/install/traj_utils_so/share/traj_utils_so/hook/cmake_prefix_path.ps1'
[0.825s] INFO:colcon.colcon_core.shell:Creating environment descriptor '/home/suxin/English_Path/test111/autonomous_navigation_environment_ego/install/traj_utils_so/share/traj_utils_so/hook/cmake_prefix_path.dsv'
[0.826s] INFO:colcon.colcon_core.shell:Creating environment hook '/home/suxin/English_Path/test111/autonomous_navigation_environment_ego/install/traj_utils_so/share/traj_utils_so/hook/cmake_prefix_path.sh'
[0.826s] Level 1:colcon.colcon_core.environment:checking '/home/suxin/English_Path/test111/autonomous_navigation_environment_ego/install/traj_utils_so/lib'
[0.826s] Level 1:colcon.colcon_core.environment:checking '/home/suxin/English_Path/test111/autonomous_navigation_environment_ego/install/traj_utils_so/bin'
[0.826s] Level 1:colcon.colcon_core.environment:checking '/home/suxin/English_Path/test111/autonomous_navigation_environment_ego/install/traj_utils_so/lib/pkgconfig/traj_utils_so.pc'
[0.826s] Level 1:colcon.colcon_core.environment:checking '/home/suxin/English_Path/test111/autonomous_navigation_environment_ego/install/traj_utils_so/lib/python3.8/site-packages'
[0.826s] Level 1:colcon.colcon_core.environment:checking '/home/suxin/English_Path/test111/autonomous_navigation_environment_ego/install/traj_utils_so/bin'
[0.827s] INFO:colcon.colcon_core.shell:Creating package script '/home/suxin/English_Path/test111/autonomous_navigation_environment_ego/install/traj_utils_so/share/traj_utils_so/package.ps1'
[0.827s] INFO:colcon.colcon_core.shell:Creating package descriptor '/home/suxin/English_Path/test111/autonomous_navigation_environment_ego/install/traj_utils_so/share/traj_utils_so/package.dsv'
[0.828s] INFO:colcon.colcon_core.shell:Creating package script '/home/suxin/English_Path/test111/autonomous_navigation_environment_ego/install/traj_utils_so/share/traj_utils_so/package.sh'
[0.828s] INFO:colcon.colcon_core.shell:Creating package script '/home/suxin/English_Path/test111/autonomous_navigation_environment_ego/install/traj_utils_so/share/traj_utils_so/package.bash'
[0.828s] INFO:colcon.colcon_core.shell:Creating package script '/home/suxin/English_Path/test111/autonomous_navigation_environment_ego/install/traj_utils_so/share/traj_utils_so/package.zsh'
[0.828s] Level 1:colcon.colcon_core.environment:create_file_with_runtime_dependencies(/home/suxin/English_Path/test111/autonomous_navigation_environment_ego/install/traj_utils_so/share/colcon-core/packages/traj_utils_so)
[0.829s] Level 1:colcon.colcon_core.environment:create_environment_scripts_only(local_pcl_map_provider)
[0.829s] Level 1:colcon.colcon_core.environment:checking '/home/suxin/English_Path/test111/autonomous_navigation_environment_ego/install/local_pcl_map_provider' for CMake module files
[0.830s] Level 1:colcon.colcon_core.environment:checking '/home/suxin/English_Path/test111/autonomous_navigation_environment_ego/install/local_pcl_map_provider' for CMake config files
[0.830s] Level 1:colcon.colcon_core.shell:create_environment_hook('local_pcl_map_provider', 'cmake_prefix_path')
[0.830s] INFO:colcon.colcon_core.shell:Creating environment hook '/home/suxin/English_Path/test111/autonomous_navigation_environment_ego/install/local_pcl_map_provider/share/local_pcl_map_provider/hook/cmake_prefix_path.ps1'
[0.830s] INFO:colcon.colcon_core.shell:Creating environment descriptor '/home/suxin/English_Path/test111/autonomous_navigation_environment_ego/install/local_pcl_map_provider/share/local_pcl_map_provider/hook/cmake_prefix_path.dsv'
[0.831s] INFO:colcon.colcon_core.shell:Creating environment hook '/home/suxin/English_Path/test111/autonomous_navigation_environment_ego/install/local_pcl_map_provider/share/local_pcl_map_provider/hook/cmake_prefix_path.sh'
[0.831s] Level 1:colcon.colcon_core.environment:checking '/home/suxin/English_Path/test111/autonomous_navigation_environment_ego/install/local_pcl_map_provider/lib'
[0.831s] Level 1:colcon.colcon_core.environment:checking '/home/suxin/English_Path/test111/autonomous_navigation_environment_ego/install/local_pcl_map_provider/bin'
[0.831s] Level 1:colcon.colcon_core.environment:checking '/home/suxin/English_Path/test111/autonomous_navigation_environment_ego/install/local_pcl_map_provider/lib/pkgconfig/local_pcl_map_provider.pc'
[0.831s] Level 1:colcon.colcon_core.environment:checking '/home/suxin/English_Path/test111/autonomous_navigation_environment_ego/install/local_pcl_map_provider/lib/python3.8/site-packages'
[0.832s] Level 1:colcon.colcon_core.environment:checking '/home/suxin/English_Path/test111/autonomous_navigation_environment_ego/install/local_pcl_map_provider/bin'
[0.832s] INFO:colcon.colcon_core.shell:Creating package script '/home/suxin/English_Path/test111/autonomous_navigation_environment_ego/install/local_pcl_map_provider/share/local_pcl_map_provider/package.ps1'
[0.832s] INFO:colcon.colcon_core.shell:Creating package descriptor '/home/suxin/English_Path/test111/autonomous_navigation_environment_ego/install/local_pcl_map_provider/share/local_pcl_map_provider/package.dsv'
[0.833s] INFO:colcon.colcon_core.shell:Creating package script '/home/suxin/English_Path/test111/autonomous_navigation_environment_ego/install/local_pcl_map_provider/share/local_pcl_map_provider/package.sh'
[0.833s] INFO:colcon.colcon_core.shell:Creating package script '/home/suxin/English_Path/test111/autonomous_navigation_environment_ego/install/local_pcl_map_provider/share/local_pcl_map_provider/package.bash'
[0.833s] INFO:colcon.colcon_core.shell:Creating package script '/home/suxin/English_Path/test111/autonomous_navigation_environment_ego/install/local_pcl_map_provider/share/local_pcl_map_provider/package.zsh'
[0.833s] Level 1:colcon.colcon_core.environment:create_file_with_runtime_dependencies(/home/suxin/English_Path/test111/autonomous_navigation_environment_ego/install/local_pcl_map_provider/share/colcon-core/packages/local_pcl_map_provider)
[0.834s] Level 1:colcon.colcon_core.environment:create_environment_scripts_only(local_planner)
[0.834s] Level 1:colcon.colcon_core.environment:checking '/home/suxin/English_Path/test111/autonomous_navigation_environment_ego/install/local_planner' for CMake module files
[0.835s] Level 1:colcon.colcon_core.environment:checking '/home/suxin/English_Path/test111/autonomous_navigation_environment_ego/install/local_planner' for CMake config files
[0.835s] Level 1:colcon.colcon_core.shell:create_environment_hook('local_planner', 'cmake_prefix_path')
[0.835s] INFO:colcon.colcon_core.shell:Creating environment hook '/home/suxin/English_Path/test111/autonomous_navigation_environment_ego/install/local_planner/share/local_planner/hook/cmake_prefix_path.ps1'
[0.835s] INFO:colcon.colcon_core.shell:Creating environment descriptor '/home/suxin/English_Path/test111/autonomous_navigation_environment_ego/install/local_planner/share/local_planner/hook/cmake_prefix_path.dsv'
[0.836s] INFO:colcon.colcon_core.shell:Creating environment hook '/home/suxin/English_Path/test111/autonomous_navigation_environment_ego/install/local_planner/share/local_planner/hook/cmake_prefix_path.sh'
[0.836s] Level 1:colcon.colcon_core.environment:checking '/home/suxin/English_Path/test111/autonomous_navigation_environment_ego/install/local_planner/lib'
[0.836s] Level 1:colcon.colcon_core.environment:checking '/home/suxin/English_Path/test111/autonomous_navigation_environment_ego/install/local_planner/bin'
[0.836s] Level 1:colcon.colcon_core.environment:checking '/home/suxin/English_Path/test111/autonomous_navigation_environment_ego/install/local_planner/lib/pkgconfig/local_planner.pc'
[0.836s] Level 1:colcon.colcon_core.environment:checking '/home/suxin/English_Path/test111/autonomous_navigation_environment_ego/install/local_planner/lib/python3.8/site-packages'
[0.836s] Level 1:colcon.colcon_core.environment:checking '/home/suxin/English_Path/test111/autonomous_navigation_environment_ego/install/local_planner/bin'
[0.837s] INFO:colcon.colcon_core.shell:Creating package script '/home/suxin/English_Path/test111/autonomous_navigation_environment_ego/install/local_planner/share/local_planner/package.ps1'
[0.837s] INFO:colcon.colcon_core.shell:Creating package descriptor '/home/suxin/English_Path/test111/autonomous_navigation_environment_ego/install/local_planner/share/local_planner/package.dsv'
[0.837s] INFO:colcon.colcon_core.shell:Creating package script '/home/suxin/English_Path/test111/autonomous_navigation_environment_ego/install/local_planner/share/local_planner/package.sh'
[0.838s] INFO:colcon.colcon_core.shell:Creating package script '/home/suxin/English_Path/test111/autonomous_navigation_environment_ego/install/local_planner/share/local_planner/package.bash'
[0.838s] INFO:colcon.colcon_core.shell:Creating package script '/home/suxin/English_Path/test111/autonomous_navigation_environment_ego/install/local_planner/share/local_planner/package.zsh'
[0.839s] Level 1:colcon.colcon_core.environment:create_file_with_runtime_dependencies(/home/suxin/English_Path/test111/autonomous_navigation_environment_ego/install/local_planner/share/colcon-core/packages/local_planner)
[0.839s] Level 1:colcon.colcon_core.environment:create_environment_scripts_only(map_generator)
[0.839s] Level 1:colcon.colcon_core.environment:checking '/home/suxin/English_Path/test111/autonomous_navigation_environment_ego/install/map_generator' for CMake module files
[0.840s] Level 1:colcon.colcon_core.environment:checking '/home/suxin/English_Path/test111/autonomous_navigation_environment_ego/install/map_generator' for CMake config files
[0.840s] Level 1:colcon.colcon_core.shell:create_environment_hook('map_generator', 'cmake_prefix_path')
[0.840s] INFO:colcon.colcon_core.shell:Creating environment hook '/home/suxin/English_Path/test111/autonomous_navigation_environment_ego/install/map_generator/share/map_generator/hook/cmake_prefix_path.ps1'
[0.841s] INFO:colcon.colcon_core.shell:Creating environment descriptor '/home/suxin/English_Path/test111/autonomous_navigation_environment_ego/install/map_generator/share/map_generator/hook/cmake_prefix_path.dsv'
[0.841s] INFO:colcon.colcon_core.shell:Creating environment hook '/home/suxin/English_Path/test111/autonomous_navigation_environment_ego/install/map_generator/share/map_generator/hook/cmake_prefix_path.sh'
[0.841s] Level 1:colcon.colcon_core.environment:checking '/home/suxin/English_Path/test111/autonomous_navigation_environment_ego/install/map_generator/lib'
[0.842s] Level 1:colcon.colcon_core.environment:checking '/home/suxin/English_Path/test111/autonomous_navigation_environment_ego/install/map_generator/bin'
[0.842s] Level 1:colcon.colcon_core.environment:checking '/home/suxin/English_Path/test111/autonomous_navigation_environment_ego/install/map_generator/lib/pkgconfig/map_generator.pc'
[0.842s] Level 1:colcon.colcon_core.environment:checking '/home/suxin/English_Path/test111/autonomous_navigation_environment_ego/install/map_generator/lib/python3.8/site-packages'
[0.842s] Level 1:colcon.colcon_core.environment:checking '/home/suxin/English_Path/test111/autonomous_navigation_environment_ego/install/map_generator/bin'
[0.842s] INFO:colcon.colcon_core.shell:Creating package script '/home/suxin/English_Path/test111/autonomous_navigation_environment_ego/install/map_generator/share/map_generator/package.ps1'
[0.843s] INFO:colcon.colcon_core.shell:Creating package descriptor '/home/suxin/English_Path/test111/autonomous_navigation_environment_ego/install/map_generator/share/map_generator/package.dsv'
[0.843s] INFO:colcon.colcon_core.shell:Creating package script '/home/suxin/English_Path/test111/autonomous_navigation_environment_ego/install/map_generator/share/map_generator/package.sh'
[0.843s] INFO:colcon.colcon_core.shell:Creating package script '/home/suxin/English_Path/test111/autonomous_navigation_environment_ego/install/map_generator/share/map_generator/package.bash'
[0.844s] INFO:colcon.colcon_core.shell:Creating package script '/home/suxin/English_Path/test111/autonomous_navigation_environment_ego/install/map_generator/share/map_generator/package.zsh'
[0.844s] Level 1:colcon.colcon_core.environment:create_file_with_runtime_dependencies(/home/suxin/English_Path/test111/autonomous_navigation_environment_ego/install/map_generator/share/colcon-core/packages/map_generator)
[0.845s] INFO:colcon.colcon_ros.task.ament_cmake.build:Building ROS package in '/home/suxin/English_Path/test111/autonomous_navigation_environment_ego/src/simulation_gazebo_model/launch_files/turtlebot3_gazebo' with build type 'ament_cmake'
[0.845s] INFO:colcon.colcon_cmake.task.cmake.build:Building CMake package in '/home/suxin/English_Path/test111/autonomous_navigation_environment_ego/src/simulation_gazebo_model/launch_files/turtlebot3_gazebo'
[0.845s] INFO:colcon.colcon_core.shell:Skip shell extension 'powershell' for command environment: Not usable outside of PowerShell
[0.845s] DEBUG:colcon.colcon_core.shell:Skip shell extension 'dsv' for command environment
[0.850s] Level 1:colcon.colcon_core.environment:create_environment_scripts_only(pose_utils)
[0.850s] Level 1:colcon.colcon_core.environment:checking '/home/suxin/English_Path/test111/autonomous_navigation_environment_ego/install/pose_utils' for CMake module files
[0.851s] Level 1:colcon.colcon_core.environment:checking '/home/suxin/English_Path/test111/autonomous_navigation_environment_ego/install/pose_utils' for CMake config files
[0.851s] Level 1:colcon.colcon_core.shell:create_environment_hook('pose_utils', 'cmake_prefix_path')
[0.851s] INFO:colcon.colcon_core.shell:Creating environment hook '/home/suxin/English_Path/test111/autonomous_navigation_environment_ego/install/pose_utils/share/pose_utils/hook/cmake_prefix_path.ps1'
[0.852s] INFO:colcon.colcon_core.shell:Creating environment descriptor '/home/suxin/English_Path/test111/autonomous_navigation_environment_ego/install/pose_utils/share/pose_utils/hook/cmake_prefix_path.dsv'
[0.852s] INFO:colcon.colcon_core.shell:Creating environment hook '/home/suxin/English_Path/test111/autonomous_navigation_environment_ego/install/pose_utils/share/pose_utils/hook/cmake_prefix_path.sh'
[0.852s] Level 1:colcon.colcon_core.environment:checking '/home/suxin/English_Path/test111/autonomous_navigation_environment_ego/install/pose_utils/lib'
[0.853s] Level 1:colcon.colcon_core.environment:checking '/home/suxin/English_Path/test111/autonomous_navigation_environment_ego/install/pose_utils/bin'
[0.853s] Level 1:colcon.colcon_core.environment:checking '/home/suxin/English_Path/test111/autonomous_navigation_environment_ego/install/pose_utils/lib/pkgconfig/pose_utils.pc'
[0.853s] Level 1:colcon.colcon_core.environment:checking '/home/suxin/English_Path/test111/autonomous_navigation_environment_ego/install/pose_utils/lib/python3.8/site-packages'
[0.853s] Level 1:colcon.colcon_core.environment:checking '/home/suxin/English_Path/test111/autonomous_navigation_environment_ego/install/pose_utils/bin'
[0.853s] INFO:colcon.colcon_core.shell:Creating package script '/home/suxin/English_Path/test111/autonomous_navigation_environment_ego/install/pose_utils/share/pose_utils/package.ps1'
[0.854s] INFO:colcon.colcon_core.shell:Creating package descriptor '/home/suxin/English_Path/test111/autonomous_navigation_environment_ego/install/pose_utils/share/pose_utils/package.dsv'
[0.854s] INFO:colcon.colcon_core.shell:Creating package script '/home/suxin/English_Path/test111/autonomous_navigation_environment_ego/install/pose_utils/share/pose_utils/package.sh'
[0.854s] INFO:colcon.colcon_core.shell:Creating package script '/home/suxin/English_Path/test111/autonomous_navigation_environment_ego/install/pose_utils/share/pose_utils/package.bash'
[0.855s] INFO:colcon.colcon_core.shell:Creating package script '/home/suxin/English_Path/test111/autonomous_navigation_environment_ego/install/pose_utils/share/pose_utils/package.zsh'
[0.855s] Level 1:colcon.colcon_core.environment:create_file_with_runtime_dependencies(/home/suxin/English_Path/test111/autonomous_navigation_environment_ego/install/pose_utils/share/colcon-core/packages/pose_utils)
[0.856s] Level 1:colcon.colcon_core.environment:create_environment_scripts_only(sensor_scan_generation)
[0.856s] Level 1:colcon.colcon_core.environment:checking '/home/suxin/English_Path/test111/autonomous_navigation_environment_ego/install/sensor_scan_generation' for CMake module files
[0.857s] Level 1:colcon.colcon_core.environment:checking '/home/suxin/English_Path/test111/autonomous_navigation_environment_ego/install/sensor_scan_generation' for CMake config files
[0.857s] Level 1:colcon.colcon_core.shell:create_environment_hook('sensor_scan_generation', 'cmake_prefix_path')
[0.857s] INFO:colcon.colcon_core.shell:Creating environment hook '/home/suxin/English_Path/test111/autonomous_navigation_environment_ego/install/sensor_scan_generation/share/sensor_scan_generation/hook/cmake_prefix_path.ps1'
[0.857s] INFO:colcon.colcon_core.shell:Creating environment descriptor '/home/suxin/English_Path/test111/autonomous_navigation_environment_ego/install/sensor_scan_generation/share/sensor_scan_generation/hook/cmake_prefix_path.dsv'
[0.858s] INFO:colcon.colcon_core.shell:Creating environment hook '/home/suxin/English_Path/test111/autonomous_navigation_environment_ego/install/sensor_scan_generation/share/sensor_scan_generation/hook/cmake_prefix_path.sh'
[0.858s] Level 1:colcon.colcon_core.environment:checking '/home/suxin/English_Path/test111/autonomous_navigation_environment_ego/install/sensor_scan_generation/lib'
[0.858s] Level 1:colcon.colcon_core.environment:checking '/home/suxin/English_Path/test111/autonomous_navigation_environment_ego/install/sensor_scan_generation/bin'
[0.858s] Level 1:colcon.colcon_core.environment:checking '/home/suxin/English_Path/test111/autonomous_navigation_environment_ego/install/sensor_scan_generation/lib/pkgconfig/sensor_scan_generation.pc'
[0.858s] Level 1:colcon.colcon_core.environment:checking '/home/suxin/English_Path/test111/autonomous_navigation_environment_ego/install/sensor_scan_generation/lib/python3.8/site-packages'
[0.858s] Level 1:colcon.colcon_core.environment:checking '/home/suxin/English_Path/test111/autonomous_navigation_environment_ego/install/sensor_scan_generation/bin'
[0.859s] INFO:colcon.colcon_core.shell:Creating package script '/home/suxin/English_Path/test111/autonomous_navigation_environment_ego/install/sensor_scan_generation/share/sensor_scan_generation/package.ps1'
[0.859s] INFO:colcon.colcon_core.shell:Creating package descriptor '/home/suxin/English_Path/test111/autonomous_navigation_environment_ego/install/sensor_scan_generation/share/sensor_scan_generation/package.dsv'
[0.859s] INFO:colcon.colcon_core.shell:Creating package script '/home/suxin/English_Path/test111/autonomous_navigation_environment_ego/install/sensor_scan_generation/share/sensor_scan_generation/package.sh'
[0.860s] INFO:colcon.colcon_core.shell:Creating package script '/home/suxin/English_Path/test111/autonomous_navigation_environment_ego/install/sensor_scan_generation/share/sensor_scan_generation/package.bash'
[0.860s] INFO:colcon.colcon_core.shell:Creating package script '/home/suxin/English_Path/test111/autonomous_navigation_environment_ego/install/sensor_scan_generation/share/sensor_scan_generation/package.zsh'
[0.860s] Level 1:colcon.colcon_core.environment:create_file_with_runtime_dependencies(/home/suxin/English_Path/test111/autonomous_navigation_environment_ego/install/sensor_scan_generation/share/colcon-core/packages/sensor_scan_generation)
[0.861s] Level 1:colcon.colcon_core.environment:create_environment_scripts_only(terrain_analysis_ext)
[0.861s] Level 1:colcon.colcon_core.environment:checking '/home/suxin/English_Path/test111/autonomous_navigation_environment_ego/install/terrain_analysis_ext' for CMake module files
[0.862s] Level 1:colcon.colcon_core.environment:checking '/home/suxin/English_Path/test111/autonomous_navigation_environment_ego/install/terrain_analysis_ext' for CMake config files
[0.862s] Level 1:colcon.colcon_core.shell:create_environment_hook('terrain_analysis_ext', 'cmake_prefix_path')
[0.862s] INFO:colcon.colcon_core.shell:Creating environment hook '/home/suxin/English_Path/test111/autonomous_navigation_environment_ego/install/terrain_analysis_ext/share/terrain_analysis_ext/hook/cmake_prefix_path.ps1'
[0.863s] INFO:colcon.colcon_core.shell:Creating environment descriptor '/home/suxin/English_Path/test111/autonomous_navigation_environment_ego/install/terrain_analysis_ext/share/terrain_analysis_ext/hook/cmake_prefix_path.dsv'
[0.863s] INFO:colcon.colcon_core.shell:Creating environment hook '/home/suxin/English_Path/test111/autonomous_navigation_environment_ego/install/terrain_analysis_ext/share/terrain_analysis_ext/hook/cmake_prefix_path.sh'
[0.863s] Level 1:colcon.colcon_core.environment:checking '/home/suxin/English_Path/test111/autonomous_navigation_environment_ego/install/terrain_analysis_ext/lib'
[0.863s] Level 1:colcon.colcon_core.environment:checking '/home/suxin/English_Path/test111/autonomous_navigation_environment_ego/install/terrain_analysis_ext/bin'
[0.863s] Level 1:colcon.colcon_core.environment:checking '/home/suxin/English_Path/test111/autonomous_navigation_environment_ego/install/terrain_analysis_ext/lib/pkgconfig/terrain_analysis_ext.pc'
[0.864s] Level 1:colcon.colcon_core.environment:checking '/home/suxin/English_Path/test111/autonomous_navigation_environment_ego/install/terrain_analysis_ext/lib/python3.8/site-packages'
[0.864s] Level 1:colcon.colcon_core.environment:checking '/home/suxin/English_Path/test111/autonomous_navigation_environment_ego/install/terrain_analysis_ext/bin'
[0.864s] INFO:colcon.colcon_core.shell:Creating package script '/home/suxin/English_Path/test111/autonomous_navigation_environment_ego/install/terrain_analysis_ext/share/terrain_analysis_ext/package.ps1'
[0.864s] INFO:colcon.colcon_core.shell:Creating package descriptor '/home/suxin/English_Path/test111/autonomous_navigation_environment_ego/install/terrain_analysis_ext/share/terrain_analysis_ext/package.dsv'
[0.865s] INFO:colcon.colcon_core.shell:Creating package script '/home/suxin/English_Path/test111/autonomous_navigation_environment_ego/install/terrain_analysis_ext/share/terrain_analysis_ext/package.sh'
[0.865s] INFO:colcon.colcon_core.shell:Creating package script '/home/suxin/English_Path/test111/autonomous_navigation_environment_ego/install/terrain_analysis_ext/share/terrain_analysis_ext/package.bash'
[0.865s] INFO:colcon.colcon_core.shell:Creating package script '/home/suxin/English_Path/test111/autonomous_navigation_environment_ego/install/terrain_analysis_ext/share/terrain_analysis_ext/package.zsh'
[0.866s] Level 1:colcon.colcon_core.environment:create_file_with_runtime_dependencies(/home/suxin/English_Path/test111/autonomous_navigation_environment_ego/install/terrain_analysis_ext/share/colcon-core/packages/terrain_analysis_ext)
[0.866s] Level 1:colcon.colcon_core.environment:create_environment_scripts_only(quadrotor_msgs)
[0.866s] Level 1:colcon.colcon_core.environment:checking '/home/suxin/English_Path/test111/autonomous_navigation_environment_ego/install/quadrotor_msgs' for CMake module files
[0.867s] Level 1:colcon.colcon_core.environment:checking '/home/suxin/English_Path/test111/autonomous_navigation_environment_ego/install/quadrotor_msgs' for CMake config files
[0.867s] Level 1:colcon.colcon_core.shell:create_environment_hook('quadrotor_msgs', 'cmake_prefix_path')
[0.868s] INFO:colcon.colcon_core.shell:Creating environment hook '/home/suxin/English_Path/test111/autonomous_navigation_environment_ego/install/quadrotor_msgs/share/quadrotor_msgs/hook/cmake_prefix_path.ps1'
[0.868s] INFO:colcon.colcon_core.shell:Creating environment descriptor '/home/suxin/English_Path/test111/autonomous_navigation_environment_ego/install/quadrotor_msgs/share/quadrotor_msgs/hook/cmake_prefix_path.dsv'
[0.868s] INFO:colcon.colcon_core.shell:Creating environment hook '/home/suxin/English_Path/test111/autonomous_navigation_environment_ego/install/quadrotor_msgs/share/quadrotor_msgs/hook/cmake_prefix_path.sh'
[0.868s] Level 1:colcon.colcon_core.environment:checking '/home/suxin/English_Path/test111/autonomous_navigation_environment_ego/install/quadrotor_msgs/lib'
[0.869s] Level 1:colcon.colcon_core.shell:create_environment_hook('quadrotor_msgs', 'ld_library_path_lib')
[0.869s] INFO:colcon.colcon_core.shell:Creating environment hook '/home/suxin/English_Path/test111/autonomous_navigation_environment_ego/install/quadrotor_msgs/share/quadrotor_msgs/hook/ld_library_path_lib.ps1'
[0.869s] INFO:colcon.colcon_core.shell:Creating environment descriptor '/home/suxin/English_Path/test111/autonomous_navigation_environment_ego/install/quadrotor_msgs/share/quadrotor_msgs/hook/ld_library_path_lib.dsv'
[0.869s] INFO:colcon.colcon_core.shell:Creating environment hook '/home/suxin/English_Path/test111/autonomous_navigation_environment_ego/install/quadrotor_msgs/share/quadrotor_msgs/hook/ld_library_path_lib.sh'
[0.870s] Level 1:colcon.colcon_core.environment:checking '/home/suxin/English_Path/test111/autonomous_navigation_environment_ego/install/quadrotor_msgs/bin'
[0.870s] Level 1:colcon.colcon_core.environment:checking '/home/suxin/English_Path/test111/autonomous_navigation_environment_ego/install/quadrotor_msgs/lib/pkgconfig/quadrotor_msgs.pc'
[0.870s] Level 1:colcon.colcon_core.environment:checking '/home/suxin/English_Path/test111/autonomous_navigation_environment_ego/install/quadrotor_msgs/lib/python3.8/site-packages'
[0.870s] Level 1:colcon.colcon_core.shell:create_environment_hook('quadrotor_msgs', 'pythonpath')
[0.870s] INFO:colcon.colcon_core.shell:Creating environment hook '/home/suxin/English_Path/test111/autonomous_navigation_environment_ego/install/quadrotor_msgs/share/quadrotor_msgs/hook/pythonpath.ps1'
[0.870s] INFO:colcon.colcon_core.shell:Creating environment descriptor '/home/suxin/English_Path/test111/autonomous_navigation_environment_ego/install/quadrotor_msgs/share/quadrotor_msgs/hook/pythonpath.dsv'
[0.871s] INFO:colcon.colcon_core.shell:Creating environment hook '/home/suxin/English_Path/test111/autonomous_navigation_environment_ego/install/quadrotor_msgs/share/quadrotor_msgs/hook/pythonpath.sh'
[0.871s] Level 1:colcon.colcon_core.environment:checking '/home/suxin/English_Path/test111/autonomous_navigation_environment_ego/install/quadrotor_msgs/bin'
[0.871s] INFO:colcon.colcon_core.shell:Creating package script '/home/suxin/English_Path/test111/autonomous_navigation_environment_ego/install/quadrotor_msgs/share/quadrotor_msgs/package.ps1'
[0.872s] INFO:colcon.colcon_core.shell:Creating package descriptor '/home/suxin/English_Path/test111/autonomous_navigation_environment_ego/install/quadrotor_msgs/share/quadrotor_msgs/package.dsv'
[0.872s] INFO:colcon.colcon_core.shell:Creating package script '/home/suxin/English_Path/test111/autonomous_navigation_environment_ego/install/quadrotor_msgs/share/quadrotor_msgs/package.sh'
[0.873s] INFO:colcon.colcon_core.shell:Creating package script '/home/suxin/English_Path/test111/autonomous_navigation_environment_ego/install/quadrotor_msgs/share/quadrotor_msgs/package.bash'
[0.873s] INFO:colcon.colcon_core.shell:Creating package script '/home/suxin/English_Path/test111/autonomous_navigation_environment_ego/install/quadrotor_msgs/share/quadrotor_msgs/package.zsh'
[0.873s] Level 1:colcon.colcon_core.environment:create_file_with_runtime_dependencies(/home/suxin/English_Path/test111/autonomous_navigation_environment_ego/install/quadrotor_msgs/share/colcon-core/packages/quadrotor_msgs)
[0.874s] Level 1:colcon.colcon_core.environment:create_environment_scripts_only(terrain_analysis)
[0.874s] Level 1:colcon.colcon_core.environment:checking '/home/suxin/English_Path/test111/autonomous_navigation_environment_ego/install/terrain_analysis' for CMake module files
[0.875s] Level 1:colcon.colcon_core.environment:checking '/home/suxin/English_Path/test111/autonomous_navigation_environment_ego/install/terrain_analysis' for CMake config files
[0.875s] Level 1:colcon.colcon_core.shell:create_environment_hook('terrain_analysis', 'cmake_prefix_path')
[0.875s] INFO:colcon.colcon_core.shell:Creating environment hook '/home/suxin/English_Path/test111/autonomous_navigation_environment_ego/install/terrain_analysis/share/terrain_analysis/hook/cmake_prefix_path.ps1'
[0.875s] INFO:colcon.colcon_core.shell:Creating environment descriptor '/home/suxin/English_Path/test111/autonomous_navigation_environment_ego/install/terrain_analysis/share/terrain_analysis/hook/cmake_prefix_path.dsv'
[0.876s] INFO:colcon.colcon_core.shell:Creating environment hook '/home/suxin/English_Path/test111/autonomous_navigation_environment_ego/install/terrain_analysis/share/terrain_analysis/hook/cmake_prefix_path.sh'
[0.876s] Level 1:colcon.colcon_core.environment:checking '/home/suxin/English_Path/test111/autonomous_navigation_environment_ego/install/terrain_analysis/lib'
[0.876s] Level 1:colcon.colcon_core.environment:checking '/home/suxin/English_Path/test111/autonomous_navigation_environment_ego/install/terrain_analysis/bin'
[0.876s] Level 1:colcon.colcon_core.environment:checking '/home/suxin/English_Path/test111/autonomous_navigation_environment_ego/install/terrain_analysis/lib/pkgconfig/terrain_analysis.pc'
[0.876s] Level 1:colcon.colcon_core.environment:checking '/home/suxin/English_Path/test111/autonomous_navigation_environment_ego/install/terrain_analysis/lib/python3.8/site-packages'
[0.876s] Level 1:colcon.colcon_core.environment:checking '/home/suxin/English_Path/test111/autonomous_navigation_environment_ego/install/terrain_analysis/bin'
[0.877s] INFO:colcon.colcon_core.shell:Creating package script '/home/suxin/English_Path/test111/autonomous_navigation_environment_ego/install/terrain_analysis/share/terrain_analysis/package.ps1'
[0.877s] INFO:colcon.colcon_core.shell:Creating package descriptor '/home/suxin/English_Path/test111/autonomous_navigation_environment_ego/install/terrain_analysis/share/terrain_analysis/package.dsv'
[0.877s] INFO:colcon.colcon_core.shell:Creating package script '/home/suxin/English_Path/test111/autonomous_navigation_environment_ego/install/terrain_analysis/share/terrain_analysis/package.sh'
[0.878s] INFO:colcon.colcon_core.shell:Creating package script '/home/suxin/English_Path/test111/autonomous_navigation_environment_ego/install/terrain_analysis/share/terrain_analysis/package.bash'
[0.878s] INFO:colcon.colcon_core.shell:Creating package script '/home/suxin/English_Path/test111/autonomous_navigation_environment_ego/install/terrain_analysis/share/terrain_analysis/package.zsh'
[0.878s] Level 1:colcon.colcon_core.environment:create_file_with_runtime_dependencies(/home/suxin/English_Path/test111/autonomous_navigation_environment_ego/install/terrain_analysis/share/colcon-core/packages/terrain_analysis)
[0.879s] Level 1:colcon.colcon_core.environment:create_environment_scripts_only(vehicle_simulator)
[0.879s] Level 1:colcon.colcon_core.environment:checking '/home/suxin/English_Path/test111/autonomous_navigation_environment_ego/install/vehicle_simulator' for CMake module files
[0.880s] Level 1:colcon.colcon_core.environment:checking '/home/suxin/English_Path/test111/autonomous_navigation_environment_ego/install/vehicle_simulator' for CMake config files
[0.880s] Level 1:colcon.colcon_core.shell:create_environment_hook('vehicle_simulator', 'cmake_prefix_path')
[0.880s] INFO:colcon.colcon_core.shell:Creating environment hook '/home/suxin/English_Path/test111/autonomous_navigation_environment_ego/install/vehicle_simulator/share/vehicle_simulator/hook/cmake_prefix_path.ps1'
[0.880s] INFO:colcon.colcon_core.shell:Creating environment descriptor '/home/suxin/English_Path/test111/autonomous_navigation_environment_ego/install/vehicle_simulator/share/vehicle_simulator/hook/cmake_prefix_path.dsv'
[0.881s] INFO:colcon.colcon_core.shell:Creating environment hook '/home/suxin/English_Path/test111/autonomous_navigation_environment_ego/install/vehicle_simulator/share/vehicle_simulator/hook/cmake_prefix_path.sh'
[0.881s] Level 1:colcon.colcon_core.environment:checking '/home/suxin/English_Path/test111/autonomous_navigation_environment_ego/install/vehicle_simulator/lib'
[0.881s] Level 1:colcon.colcon_core.environment:checking '/home/suxin/English_Path/test111/autonomous_navigation_environment_ego/install/vehicle_simulator/bin'
[0.881s] Level 1:colcon.colcon_core.environment:checking '/home/suxin/English_Path/test111/autonomous_navigation_environment_ego/install/vehicle_simulator/lib/pkgconfig/vehicle_simulator.pc'
[0.881s] Level 1:colcon.colcon_core.environment:checking '/home/suxin/English_Path/test111/autonomous_navigation_environment_ego/install/vehicle_simulator/lib/python3.8/site-packages'
[0.881s] Level 1:colcon.colcon_core.environment:checking '/home/suxin/English_Path/test111/autonomous_navigation_environment_ego/install/vehicle_simulator/bin'
[0.882s] INFO:colcon.colcon_core.shell:Creating package script '/home/suxin/English_Path/test111/autonomous_navigation_environment_ego/install/vehicle_simulator/share/vehicle_simulator/package.ps1'
[0.882s] INFO:colcon.colcon_core.shell:Creating package descriptor '/home/suxin/English_Path/test111/autonomous_navigation_environment_ego/install/vehicle_simulator/share/vehicle_simulator/package.dsv'
[0.882s] INFO:colcon.colcon_core.shell:Creating package script '/home/suxin/English_Path/test111/autonomous_navigation_environment_ego/install/vehicle_simulator/share/vehicle_simulator/package.sh'
[0.883s] INFO:colcon.colcon_core.shell:Creating package script '/home/suxin/English_Path/test111/autonomous_navigation_environment_ego/install/vehicle_simulator/share/vehicle_simulator/package.bash'
[0.883s] INFO:colcon.colcon_core.shell:Creating package script '/home/suxin/English_Path/test111/autonomous_navigation_environment_ego/install/vehicle_simulator/share/vehicle_simulator/package.zsh'
[0.883s] Level 1:colcon.colcon_core.environment:create_file_with_runtime_dependencies(/home/suxin/English_Path/test111/autonomous_navigation_environment_ego/install/vehicle_simulator/share/colcon-core/packages/vehicle_simulator)
[0.884s] INFO:colcon.colcon_ros.task.ament_cmake.build:Building ROS package in '/home/suxin/English_Path/test111/autonomous_navigation_environment_ego/src/ego_planner_ros2/src/uav_simulator/local_sensing' with build type 'ament_cmake'
[0.884s] INFO:colcon.colcon_cmake.task.cmake.build:Building CMake package in '/home/suxin/English_Path/test111/autonomous_navigation_environment_ego/src/ego_planner_ros2/src/uav_simulator/local_sensing'
[0.884s] INFO:colcon.colcon_core.shell:Skip shell extension 'powershell' for command environment: Not usable outside of PowerShell
[0.884s] DEBUG:colcon.colcon_core.shell:Skip shell extension 'dsv' for command environment
[0.888s] INFO:colcon.colcon_ros.task.ament_cmake.build:Building ROS package in '/home/suxin/English_Path/test111/autonomous_navigation_environment_ego/src/ego_planner_ros2/src/planner/new' with build type 'ament_cmake'
[0.889s] INFO:colcon.colcon_cmake.task.cmake.build:Building CMake package in '/home/suxin/English_Path/test111/autonomous_navigation_environment_ego/src/ego_planner_ros2/src/planner/new'
[0.889s] INFO:colcon.colcon_core.shell:Skip shell extension 'powershell' for command environment: Not usable outside of PowerShell
[0.889s] DEBUG:colcon.colcon_core.shell:Skip shell extension 'dsv' for command environment
[0.893s] INFO:colcon.colcon_ros.task.ament_cmake.build:Building ROS package in '/home/suxin/English_Path/test111/autonomous_navigation_environment_ego/src/ego_planner_ros2/src/uav_simulator/Utils/odom_visualization' with build type 'ament_cmake'
[0.893s] INFO:colcon.colcon_cmake.task.cmake.build:Building CMake package in '/home/suxin/English_Path/test111/autonomous_navigation_environment_ego/src/ego_planner_ros2/src/uav_simulator/Utils/odom_visualization'
[0.894s] INFO:colcon.colcon_core.shell:Skip shell extension 'powershell' for command environment: Not usable outside of PowerShell
[0.894s] DEBUG:colcon.colcon_core.shell:Skip shell extension 'dsv' for command environment
[0.897s] INFO:colcon.colcon_ros.task.ament_cmake.build:Building ROS package in '/home/suxin/English_Path/test111/autonomous_navigation_environment_ego/src/ego_planner_ros2/src/uav_simulator/fake_drone' with build type 'ament_cmake'
[0.898s] INFO:colcon.colcon_cmake.task.cmake.build:Building CMake package in '/home/suxin/English_Path/test111/autonomous_navigation_environment_ego/src/ego_planner_ros2/src/uav_simulator/fake_drone'
[0.898s] INFO:colcon.colcon_core.shell:Skip shell extension 'powershell' for command environment: Not usable outside of PowerShell
[0.898s] DEBUG:colcon.colcon_core.shell:Skip shell extension 'dsv' for command environment
[0.905s] DEBUG:colcon.colcon_core.event_handler.log_command:Invoking command in '/home/suxin/English_Path/test111/autonomous_navigation_environment_ego/build/visualization_tools_py': PYTHONPATH=/home/suxin/English_Path/test111/autonomous_navigation_environment_ego/build/visualization_tools_py/prefix_override:/usr/lib/python3/dist-packages/colcon_core/task/python/colcon_distutils_commands:/home/suxin/English_Path/test111/autonomous_navigation_environment_ego/install/visualization_tools_py/lib/python3.8/site-packages:${PYTHONPATH} /usr/bin/python3 -W ignore:setup.py install is deprecated setup.py develop --editable --build-directory /home/suxin/English_Path/test111/autonomous_navigation_environment_ego/build/visualization_tools_py/build --no-deps symlink_data
[0.906s] Level 1:colcon.colcon_core.environment:create_environment_scripts_only(traj_utils)
[0.906s] Level 1:colcon.colcon_core.environment:checking '/home/suxin/English_Path/test111/autonomous_navigation_environment_ego/install/traj_utils' for CMake module files
[0.907s] Level 1:colcon.colcon_core.environment:checking '/home/suxin/English_Path/test111/autonomous_navigation_environment_ego/install/traj_utils' for CMake config files
[0.907s] Level 1:colcon.colcon_core.shell:create_environment_hook('traj_utils', 'cmake_prefix_path')
[0.908s] INFO:colcon.colcon_core.shell:Creating environment hook '/home/suxin/English_Path/test111/autonomous_navigation_environment_ego/install/traj_utils/share/traj_utils/hook/cmake_prefix_path.ps1'
[0.908s] INFO:colcon.colcon_core.shell:Creating environment descriptor '/home/suxin/English_Path/test111/autonomous_navigation_environment_ego/install/traj_utils/share/traj_utils/hook/cmake_prefix_path.dsv'
[0.908s] INFO:colcon.colcon_core.shell:Creating environment hook '/home/suxin/English_Path/test111/autonomous_navigation_environment_ego/install/traj_utils/share/traj_utils/hook/cmake_prefix_path.sh'
[0.909s] Level 1:colcon.colcon_core.environment:checking '/home/suxin/English_Path/test111/autonomous_navigation_environment_ego/install/traj_utils/lib'
[0.909s] Level 1:colcon.colcon_core.shell:create_environment_hook('traj_utils', 'ld_library_path_lib')
[0.909s] INFO:colcon.colcon_core.shell:Creating environment hook '/home/suxin/English_Path/test111/autonomous_navigation_environment_ego/install/traj_utils/share/traj_utils/hook/ld_library_path_lib.ps1'
[0.909s] INFO:colcon.colcon_core.shell:Creating environment descriptor '/home/suxin/English_Path/test111/autonomous_navigation_environment_ego/install/traj_utils/share/traj_utils/hook/ld_library_path_lib.dsv'
[0.910s] INFO:colcon.colcon_core.shell:Creating environment hook '/home/suxin/English_Path/test111/autonomous_navigation_environment_ego/install/traj_utils/share/traj_utils/hook/ld_library_path_lib.sh'
[0.910s] Level 1:colcon.colcon_core.environment:checking '/home/suxin/English_Path/test111/autonomous_navigation_environment_ego/install/traj_utils/bin'
[0.910s] Level 1:colcon.colcon_core.environment:checking '/home/suxin/English_Path/test111/autonomous_navigation_environment_ego/install/traj_utils/lib/pkgconfig/traj_utils.pc'
[0.910s] Level 1:colcon.colcon_core.environment:checking '/home/suxin/English_Path/test111/autonomous_navigation_environment_ego/install/traj_utils/lib/python3.8/site-packages'
[0.910s] Level 1:colcon.colcon_core.shell:create_environment_hook('traj_utils', 'pythonpath')
[0.911s] INFO:colcon.colcon_core.shell:Creating environment hook '/home/suxin/English_Path/test111/autonomous_navigation_environment_ego/install/traj_utils/share/traj_utils/hook/pythonpath.ps1'
[0.911s] INFO:colcon.colcon_core.shell:Creating environment descriptor '/home/suxin/English_Path/test111/autonomous_navigation_environment_ego/install/traj_utils/share/traj_utils/hook/pythonpath.dsv'
[0.911s] INFO:colcon.colcon_core.shell:Creating environment hook '/home/suxin/English_Path/test111/autonomous_navigation_environment_ego/install/traj_utils/share/traj_utils/hook/pythonpath.sh'
[0.912s] Level 1:colcon.colcon_core.environment:checking '/home/suxin/English_Path/test111/autonomous_navigation_environment_ego/install/traj_utils/bin'
[0.912s] INFO:colcon.colcon_core.shell:Creating package script '/home/suxin/English_Path/test111/autonomous_navigation_environment_ego/install/traj_utils/share/traj_utils/package.ps1'
[0.912s] INFO:colcon.colcon_core.shell:Creating package descriptor '/home/suxin/English_Path/test111/autonomous_navigation_environment_ego/install/traj_utils/share/traj_utils/package.dsv'
[0.913s] INFO:colcon.colcon_core.shell:Creating package script '/home/suxin/English_Path/test111/autonomous_navigation_environment_ego/install/traj_utils/share/traj_utils/package.sh'
[0.913s] INFO:colcon.colcon_core.shell:Creating package script '/home/suxin/English_Path/test111/autonomous_navigation_environment_ego/install/traj_utils/share/traj_utils/package.bash'
[0.913s] INFO:colcon.colcon_core.shell:Creating package script '/home/suxin/English_Path/test111/autonomous_navigation_environment_ego/install/traj_utils/share/traj_utils/package.zsh'
[0.914s] Level 1:colcon.colcon_core.environment:create_file_with_runtime_dependencies(/home/suxin/English_Path/test111/autonomous_navigation_environment_ego/install/traj_utils/share/colcon-core/packages/traj_utils)
[0.915s] Level 1:colcon.colcon_core.environment:create_environment_scripts_only(visualization_tools)
[0.915s] Level 1:colcon.colcon_core.environment:checking '/home/suxin/English_Path/test111/autonomous_navigation_environment_ego/install/visualization_tools' for CMake module files
[0.916s] Level 1:colcon.colcon_core.environment:checking '/home/suxin/English_Path/test111/autonomous_navigation_environment_ego/install/visualization_tools' for CMake config files
[0.916s] Level 1:colcon.colcon_core.shell:create_environment_hook('visualization_tools', 'cmake_prefix_path')
[0.916s] INFO:colcon.colcon_core.shell:Creating environment hook '/home/suxin/English_Path/test111/autonomous_navigation_environment_ego/install/visualization_tools/share/visualization_tools/hook/cmake_prefix_path.ps1'
[0.916s] INFO:colcon.colcon_core.shell:Creating environment descriptor '/home/suxin/English_Path/test111/autonomous_navigation_environment_ego/install/visualization_tools/share/visualization_tools/hook/cmake_prefix_path.dsv'
[0.917s] INFO:colcon.colcon_core.shell:Creating environment hook '/home/suxin/English_Path/test111/autonomous_navigation_environment_ego/install/visualization_tools/share/visualization_tools/hook/cmake_prefix_path.sh'
[0.917s] Level 1:colcon.colcon_core.environment:checking '/home/suxin/English_Path/test111/autonomous_navigation_environment_ego/install/visualization_tools/lib'
[0.917s] Level 1:colcon.colcon_core.environment:checking '/home/suxin/English_Path/test111/autonomous_navigation_environment_ego/install/visualization_tools/bin'
[0.917s] Level 1:colcon.colcon_core.environment:checking '/home/suxin/English_Path/test111/autonomous_navigation_environment_ego/install/visualization_tools/lib/pkgconfig/visualization_tools.pc'
[0.917s] Level 1:colcon.colcon_core.environment:checking '/home/suxin/English_Path/test111/autonomous_navigation_environment_ego/install/visualization_tools/lib/python3.8/site-packages'
[0.917s] Level 1:colcon.colcon_core.environment:checking '/home/suxin/English_Path/test111/autonomous_navigation_environment_ego/install/visualization_tools/bin'
[0.918s] INFO:colcon.colcon_core.shell:Creating package script '/home/suxin/English_Path/test111/autonomous_navigation_environment_ego/install/visualization_tools/share/visualization_tools/package.ps1'
[0.918s] INFO:colcon.colcon_core.shell:Creating package descriptor '/home/suxin/English_Path/test111/autonomous_navigation_environment_ego/install/visualization_tools/share/visualization_tools/package.dsv'
[0.919s] INFO:colcon.colcon_core.shell:Creating package script '/home/suxin/English_Path/test111/autonomous_navigation_environment_ego/install/visualization_tools/share/visualization_tools/package.sh'
[0.919s] INFO:colcon.colcon_core.shell:Creating package script '/home/suxin/English_Path/test111/autonomous_navigation_environment_ego/install/visualization_tools/share/visualization_tools/package.bash'
[0.919s] INFO:colcon.colcon_core.shell:Creating package script '/home/suxin/English_Path/test111/autonomous_navigation_environment_ego/install/visualization_tools/share/visualization_tools/package.zsh'
[0.919s] Level 1:colcon.colcon_core.environment:create_file_with_runtime_dependencies(/home/suxin/English_Path/test111/autonomous_navigation_environment_ego/install/visualization_tools/share/colcon-core/packages/visualization_tools)
[0.920s] Level 1:colcon.colcon_core.shell:create_environment_hook('path_searching', 'ros_package_path')
[0.920s] INFO:colcon.colcon_core.shell:Creating environment hook '/home/suxin/English_Path/test111/autonomous_navigation_environment_ego/install/path_searching/share/path_searching/hook/ros_package_path.ps1'
[0.920s] INFO:colcon.colcon_core.shell:Creating environment descriptor '/home/suxin/English_Path/test111/autonomous_navigation_environment_ego/install/path_searching/share/path_searching/hook/ros_package_path.dsv'
[0.921s] INFO:colcon.colcon_core.shell:Creating environment hook '/home/suxin/English_Path/test111/autonomous_navigation_environment_ego/install/path_searching/share/path_searching/hook/ros_package_path.sh'
[0.921s] Level 1:colcon.colcon_core.shell:create_environment_hook('path_searching', 'pkg_config_path')
[0.921s] INFO:colcon.colcon_core.shell:Creating environment hook '/home/suxin/English_Path/test111/autonomous_navigation_environment_ego/install/path_searching/share/path_searching/hook/pkg_config_path.ps1'
[0.922s] INFO:colcon.colcon_core.shell:Creating environment descriptor '/home/suxin/English_Path/test111/autonomous_navigation_environment_ego/install/path_searching/share/path_searching/hook/pkg_config_path.dsv'
[0.922s] INFO:colcon.colcon_core.shell:Creating environment hook '/home/suxin/English_Path/test111/autonomous_navigation_environment_ego/install/path_searching/share/path_searching/hook/pkg_config_path.sh'
[0.924s] Level 1:colcon.colcon_core.shell:create_environment_hook('path_searching', 'pkg_config_path_multiarch')
[0.925s] INFO:colcon.colcon_core.shell:Creating environment hook '/home/suxin/English_Path/test111/autonomous_navigation_environment_ego/install/path_searching/share/path_searching/hook/pkg_config_path_multiarch.ps1'
[0.925s] INFO:colcon.colcon_core.shell:Creating environment descriptor '/home/suxin/English_Path/test111/autonomous_navigation_environment_ego/install/path_searching/share/path_searching/hook/pkg_config_path_multiarch.dsv'
[0.925s] INFO:colcon.colcon_core.shell:Creating environment hook '/home/suxin/English_Path/test111/autonomous_navigation_environment_ego/install/path_searching/share/path_searching/hook/pkg_config_path_multiarch.sh'
[0.926s] Level 1:colcon.colcon_core.environment:create_environment_scripts_only(path_searching)
[0.927s] Level 1:colcon.colcon_core.environment:checking '/home/suxin/English_Path/test111/autonomous_navigation_environment_ego/install/path_searching' for CMake module files
[0.927s] Level 1:colcon.colcon_core.environment:checking '/home/suxin/English_Path/test111/autonomous_navigation_environment_ego/install/path_searching' for CMake config files
[0.927s] Level 1:colcon.colcon_core.shell:create_environment_hook('path_searching', 'cmake_prefix_path')
[0.927s] INFO:colcon.colcon_core.shell:Creating environment hook '/home/suxin/English_Path/test111/autonomous_navigation_environment_ego/install/path_searching/share/path_searching/hook/cmake_prefix_path.ps1'
[0.928s] INFO:colcon.colcon_core.shell:Creating environment descriptor '/home/suxin/English_Path/test111/autonomous_navigation_environment_ego/install/path_searching/share/path_searching/hook/cmake_prefix_path.dsv'
[0.928s] INFO:colcon.colcon_core.shell:Creating environment hook '/home/suxin/English_Path/test111/autonomous_navigation_environment_ego/install/path_searching/share/path_searching/hook/cmake_prefix_path.sh'
[0.928s] Level 1:colcon.colcon_core.environment:checking '/home/suxin/English_Path/test111/autonomous_navigation_environment_ego/install/path_searching/lib'
[0.928s] Level 1:colcon.colcon_core.environment:checking '/home/suxin/English_Path/test111/autonomous_navigation_environment_ego/install/path_searching/bin'
[0.928s] Level 1:colcon.colcon_core.environment:checking '/home/suxin/English_Path/test111/autonomous_navigation_environment_ego/install/path_searching/lib/pkgconfig/path_searching.pc'
[0.929s] Level 1:colcon.colcon_core.environment:checking '/home/suxin/English_Path/test111/autonomous_navigation_environment_ego/install/path_searching/lib/python3.8/site-packages'
[0.929s] Level 1:colcon.colcon_core.environment:checking '/home/suxin/English_Path/test111/autonomous_navigation_environment_ego/install/path_searching/bin'
[0.929s] INFO:colcon.colcon_core.shell:Creating package script '/home/suxin/English_Path/test111/autonomous_navigation_environment_ego/install/path_searching/share/path_searching/package.ps1'
[0.930s] INFO:colcon.colcon_core.shell:Creating package descriptor '/home/suxin/English_Path/test111/autonomous_navigation_environment_ego/install/path_searching/share/path_searching/package.dsv'
[0.930s] INFO:colcon.colcon_core.shell:Creating package script '/home/suxin/English_Path/test111/autonomous_navigation_environment_ego/install/path_searching/share/path_searching/package.sh'
[0.931s] INFO:colcon.colcon_core.shell:Creating package script '/home/suxin/English_Path/test111/autonomous_navigation_environment_ego/install/path_searching/share/path_searching/package.bash'
[0.931s] INFO:colcon.colcon_core.shell:Creating package script '/home/suxin/English_Path/test111/autonomous_navigation_environment_ego/install/path_searching/share/path_searching/package.zsh'
[0.931s] Level 1:colcon.colcon_core.environment:create_file_with_runtime_dependencies(/home/suxin/English_Path/test111/autonomous_navigation_environment_ego/install/path_searching/share/colcon-core/packages/path_searching)
[0.932s] INFO:colcon.colcon_ros.task.ament_cmake.build:Building ROS package in '/home/suxin/English_Path/test111/autonomous_navigation_environment_ego/src/ego_planner_ros2/src/planner/bridge_test' with build type 'ament_cmake'
[0.932s] INFO:colcon.colcon_cmake.task.cmake.build:Building CMake package in '/home/suxin/English_Path/test111/autonomous_navigation_environment_ego/src/ego_planner_ros2/src/planner/bridge_test'
[0.932s] INFO:colcon.colcon_core.shell:Skip shell extension 'powershell' for command environment: Not usable outside of PowerShell
[0.932s] DEBUG:colcon.colcon_core.shell:Skip shell extension 'dsv' for command environment
[0.942s] DEBUG:colcon.colcon_core.event_handler.log_command:Invoking command in '/home/suxin/English_Path/test111/autonomous_navigation_environment_ego/build/turtlebot3_gazebo': AMENT_PREFIX_PATH=/home/suxin/English_Path/test111/autonomous_navigation_environment_ego/install/turtlebot3_description:${AMENT_PREFIX_PATH} CMAKE_PREFIX_PATH=/home/suxin/English_Path/test111/autonomous_navigation_environment_ego/install/turtlebot3_description:/opt/ros/foxy /usr/bin/cmake --build /home/suxin/English_Path/test111/autonomous_navigation_environment_ego/build/turtlebot3_gazebo -- -j20 -l20
[0.942s] INFO:colcon.colcon_ros.task.ament_cmake.build:Building ROS package in '/home/suxin/English_Path/test111/autonomous_navigation_environment_ego/src/ego_planner_ros2/src/planner/plan_manage' with build type 'ament_cmake'
[0.942s] INFO:colcon.colcon_cmake.task.cmake.build:Building CMake package in '/home/suxin/English_Path/test111/autonomous_navigation_environment_ego/src/ego_planner_ros2/src/planner/plan_manage'
[0.942s] INFO:colcon.colcon_core.shell:Skip shell extension 'powershell' for command environment: Not usable outside of PowerShell
[0.943s] DEBUG:colcon.colcon_core.shell:Skip shell extension 'dsv' for command environment
[0.953s] DEBUG:colcon.colcon_core.event_handler.log_command:Invoking command in '/home/suxin/English_Path/test111/autonomous_navigation_environment_ego/build/local_sensing_node': AMENT_PREFIX_PATH=/home/suxin/English_Path/test111/autonomous_navigation_environment_ego/install/quadrotor_msgs:${AMENT_PREFIX_PATH} CMAKE_PREFIX_PATH=/home/suxin/English_Path/test111/autonomous_navigation_environment_ego/install/quadrotor_msgs:/opt/ros/foxy LD_LIBRARY_PATH=/home/suxin/English_Path/test111/autonomous_navigation_environment_ego/install/quadrotor_msgs/lib:${LD_LIBRARY_PATH} PYTHONPATH=/home/suxin/English_Path/test111/autonomous_navigation_environment_ego/install/quadrotor_msgs/lib/python3.8/site-packages:${PYTHONPATH} /usr/bin/cmake --build /home/suxin/English_Path/test111/autonomous_navigation_environment_ego/build/local_sensing_node -- -j20 -l20
[0.957s] DEBUG:colcon.colcon_core.event_handler.log_command:Invoking command in '/home/suxin/English_Path/test111/autonomous_navigation_environment_ego/build/new': AMENT_PREFIX_PATH=/home/suxin/English_Path/test111/autonomous_navigation_environment_ego/install/quadrotor_msgs:${AMENT_PREFIX_PATH} CMAKE_PREFIX_PATH=/home/suxin/English_Path/test111/autonomous_navigation_environment_ego/install/quadrotor_msgs:/opt/ros/foxy LD_LIBRARY_PATH=/home/suxin/English_Path/test111/autonomous_navigation_environment_ego/install/quadrotor_msgs/lib:${LD_LIBRARY_PATH} PYTHONPATH=/home/suxin/English_Path/test111/autonomous_navigation_environment_ego/install/quadrotor_msgs/lib/python3.8/site-packages:${PYTHONPATH} /usr/bin/cmake --build /home/suxin/English_Path/test111/autonomous_navigation_environment_ego/build/new -- -j20 -l20
[0.960s] DEBUG:colcon.colcon_core.event_handler.log_command:Invoking command in '/home/suxin/English_Path/test111/autonomous_navigation_environment_ego/build/odom_visualization': AMENT_PREFIX_PATH=/home/suxin/English_Path/test111/autonomous_navigation_environment_ego/install/quadrotor_msgs:${AMENT_PREFIX_PATH} CMAKE_PREFIX_PATH=/home/suxin/English_Path/test111/autonomous_navigation_environment_ego/install/quadrotor_msgs:/opt/ros/foxy LD_LIBRARY_PATH=/home/suxin/English_Path/test111/autonomous_navigation_environment_ego/install/quadrotor_msgs/lib:${LD_LIBRARY_PATH} PYTHONPATH=/home/suxin/English_Path/test111/autonomous_navigation_environment_ego/install/quadrotor_msgs/lib/python3.8/site-packages:${PYTHONPATH} /usr/bin/cmake --build /home/suxin/English_Path/test111/autonomous_navigation_environment_ego/build/odom_visualization -- -j20 -l20
[0.964s] DEBUG:colcon.colcon_core.event_handler.log_command:Invoking command in '/home/suxin/English_Path/test111/autonomous_navigation_environment_ego/build/poscmd_2_odom': AMENT_PREFIX_PATH=/home/suxin/English_Path/test111/autonomous_navigation_environment_ego/install/quadrotor_msgs:${AMENT_PREFIX_PATH} CMAKE_PREFIX_PATH=/home/suxin/English_Path/test111/autonomous_navigation_environment_ego/install/quadrotor_msgs:/opt/ros/foxy LD_LIBRARY_PATH=/home/suxin/English_Path/test111/autonomous_navigation_environment_ego/install/quadrotor_msgs/lib:${LD_LIBRARY_PATH} PYTHONPATH=/home/suxin/English_Path/test111/autonomous_navigation_environment_ego/install/quadrotor_msgs/lib/python3.8/site-packages:${PYTHONPATH} /usr/bin/cmake --build /home/suxin/English_Path/test111/autonomous_navigation_environment_ego/build/poscmd_2_odom -- -j20 -l20
[0.972s] DEBUG:colcon.colcon_core.event_handler.log_command:Invoking command in '/home/suxin/English_Path/test111/autonomous_navigation_environment_ego/build/bridge_test': AMENT_PREFIX_PATH=/home/suxin/English_Path/test111/autonomous_navigation_environment_ego/install/traj_utils:/home/suxin/English_Path/test111/autonomous_navigation_environment_ego/install/quadrotor_msgs:${AMENT_PREFIX_PATH} CMAKE_PREFIX_PATH=/home/suxin/English_Path/test111/autonomous_navigation_environment_ego/install/traj_utils:/home/suxin/English_Path/test111/autonomous_navigation_environment_ego/install/quadrotor_msgs:/opt/ros/foxy LD_LIBRARY_PATH=/home/suxin/English_Path/test111/autonomous_navigation_environment_ego/install/traj_utils/lib:/home/suxin/English_Path/test111/autonomous_navigation_environment_ego/install/quadrotor_msgs/lib:${LD_LIBRARY_PATH} PYTHONPATH=/home/suxin/English_Path/test111/autonomous_navigation_environment_ego/install/traj_utils/lib/python3.8/site-packages:/home/suxin/English_Path/test111/autonomous_navigation_environment_ego/install/quadrotor_msgs/lib/python3.8/site-packages:${PYTHONPATH} /usr/bin/cmake --build /home/suxin/English_Path/test111/autonomous_navigation_environment_ego/build/bridge_test -- -j20 -l20
[0.977s] DEBUG:colcon.colcon_core.event_handler.log_command:Invoking command in '/home/suxin/English_Path/test111/autonomous_navigation_environment_ego/build/ego_planner': AMENT_PREFIX_PATH=/home/suxin/English_Path/test111/autonomous_navigation_environment_ego/install/traj_utils_so:/home/suxin/English_Path/test111/autonomous_navigation_environment_ego/install/traj_utils:/home/suxin/English_Path/test111/autonomous_navigation_environment_ego/install/quadrotor_msgs:/home/suxin/English_Path/test111/autonomous_navigation_environment_ego/install/plan_env:/home/suxin/English_Path/test111/autonomous_navigation_environment_ego/install/bspline_opt:${AMENT_PREFIX_PATH} CMAKE_PREFIX_PATH=/home/suxin/English_Path/test111/autonomous_navigation_environment_ego/install/traj_utils_so:/home/suxin/English_Path/test111/autonomous_navigation_environment_ego/install/traj_utils:/home/suxin/English_Path/test111/autonomous_navigation_environment_ego/install/quadrotor_msgs:/home/suxin/English_Path/test111/autonomous_navigation_environment_ego/install/plan_env:/opt/ros/foxy:/home/suxin/English_Path/test111/autonomous_navigation_environment_ego/install/path_searching:/home/suxin/English_Path/test111/autonomous_navigation_environment_ego/install/bspline_opt LD_LIBRARY_PATH=/home/suxin/English_Path/test111/autonomous_navigation_environment_ego/install/traj_utils/lib:/home/suxin/English_Path/test111/autonomous_navigation_environment_ego/install/quadrotor_msgs/lib:${LD_LIBRARY_PATH} PKG_CONFIG_PATH=/home/suxin/English_Path/test111/autonomous_navigation_environment_ego/install/path_searching/lib/x86_64-linux-gnu/pkgconfig:/home/suxin/English_Path/test111/autonomous_navigation_environment_ego/install/path_searching/lib/pkgconfig PYTHONPATH=/home/suxin/English_Path/test111/autonomous_navigation_environment_ego/install/traj_utils/lib/python3.8/site-packages:/home/suxin/English_Path/test111/autonomous_navigation_environment_ego/install/quadrotor_msgs/lib/python3.8/site-packages:${PYTHONPATH} ROS_PACKAGE_PATH=/home/suxin/English_Path/test111/autonomous_navigation_environment_ego/install/path_searching/share /usr/bin/cmake --build /home/suxin/English_Path/test111/autonomous_navigation_environment_ego/build/ego_planner -- -j20 -l20
[1.007s] DEBUG:colcon.colcon_core.event_handler.log_command:Invoked command in '/home/suxin/English_Path/test111/autonomous_navigation_environment_ego/build/odom_visualization' returned '0': AMENT_PREFIX_PATH=/home/suxin/English_Path/test111/autonomous_navigation_environment_ego/install/quadrotor_msgs:${AMENT_PREFIX_PATH} CMAKE_PREFIX_PATH=/home/suxin/English_Path/test111/autonomous_navigation_environment_ego/install/quadrotor_msgs:/opt/ros/foxy LD_LIBRARY_PATH=/home/suxin/English_Path/test111/autonomous_navigation_environment_ego/install/quadrotor_msgs/lib:${LD_LIBRARY_PATH} PYTHONPATH=/home/suxin/English_Path/test111/autonomous_navigation_environment_ego/install/quadrotor_msgs/lib/python3.8/site-packages:${PYTHONPATH} /usr/bin/cmake --build /home/suxin/English_Path/test111/autonomous_navigation_environment_ego/build/odom_visualization -- -j20 -l20
[1.011s] DEBUG:colcon.colcon_core.event_handler.log_command:Invoked command in '/home/suxin/English_Path/test111/autonomous_navigation_environment_ego/build/local_sensing_node' returned '0': AMENT_PREFIX_PATH=/home/suxin/English_Path/test111/autonomous_navigation_environment_ego/install/quadrotor_msgs:${AMENT_PREFIX_PATH} CMAKE_PREFIX_PATH=/home/suxin/English_Path/test111/autonomous_navigation_environment_ego/install/quadrotor_msgs:/opt/ros/foxy LD_LIBRARY_PATH=/home/suxin/English_Path/test111/autonomous_navigation_environment_ego/install/quadrotor_msgs/lib:${LD_LIBRARY_PATH} PYTHONPATH=/home/suxin/English_Path/test111/autonomous_navigation_environment_ego/install/quadrotor_msgs/lib/python3.8/site-packages:${PYTHONPATH} /usr/bin/cmake --build /home/suxin/English_Path/test111/autonomous_navigation_environment_ego/build/local_sensing_node -- -j20 -l20
[1.015s] DEBUG:colcon.colcon_core.event_handler.log_command:Invoked command in '/home/suxin/English_Path/test111/autonomous_navigation_environment_ego/build/turtlebot3_gazebo' returned '0': AMENT_PREFIX_PATH=/home/suxin/English_Path/test111/autonomous_navigation_environment_ego/install/turtlebot3_description:${AMENT_PREFIX_PATH} CMAKE_PREFIX_PATH=/home/suxin/English_Path/test111/autonomous_navigation_environment_ego/install/turtlebot3_description:/opt/ros/foxy /usr/bin/cmake --build /home/suxin/English_Path/test111/autonomous_navigation_environment_ego/build/turtlebot3_gazebo -- -j20 -l20
[1.019s] DEBUG:colcon.colcon_core.event_handler.log_command:Invoked command in '/home/suxin/English_Path/test111/autonomous_navigation_environment_ego/build/new' returned '0': AMENT_PREFIX_PATH=/home/suxin/English_Path/test111/autonomous_navigation_environment_ego/install/quadrotor_msgs:${AMENT_PREFIX_PATH} CMAKE_PREFIX_PATH=/home/suxin/English_Path/test111/autonomous_navigation_environment_ego/install/quadrotor_msgs:/opt/ros/foxy LD_LIBRARY_PATH=/home/suxin/English_Path/test111/autonomous_navigation_environment_ego/install/quadrotor_msgs/lib:${LD_LIBRARY_PATH} PYTHONPATH=/home/suxin/English_Path/test111/autonomous_navigation_environment_ego/install/quadrotor_msgs/lib/python3.8/site-packages:${PYTHONPATH} /usr/bin/cmake --build /home/suxin/English_Path/test111/autonomous_navigation_environment_ego/build/new -- -j20 -l20
[1.023s] DEBUG:colcon.colcon_core.event_handler.log_command:Invoked command in '/home/suxin/English_Path/test111/autonomous_navigation_environment_ego/build/poscmd_2_odom' returned '0': AMENT_PREFIX_PATH=/home/suxin/English_Path/test111/autonomous_navigation_environment_ego/install/quadrotor_msgs:${AMENT_PREFIX_PATH} CMAKE_PREFIX_PATH=/home/suxin/English_Path/test111/autonomous_navigation_environment_ego/install/quadrotor_msgs:/opt/ros/foxy LD_LIBRARY_PATH=/home/suxin/English_Path/test111/autonomous_navigation_environment_ego/install/quadrotor_msgs/lib:${LD_LIBRARY_PATH} PYTHONPATH=/home/suxin/English_Path/test111/autonomous_navigation_environment_ego/install/quadrotor_msgs/lib/python3.8/site-packages:${PYTHONPATH} /usr/bin/cmake --build /home/suxin/English_Path/test111/autonomous_navigation_environment_ego/build/poscmd_2_odom -- -j20 -l20
[1.028s] DEBUG:colcon.colcon_core.event_handler.log_command:Invoking command in '/home/suxin/English_Path/test111/autonomous_navigation_environment_ego/build/odom_visualization': AMENT_PREFIX_PATH=/home/suxin/English_Path/test111/autonomous_navigation_environment_ego/install/quadrotor_msgs:${AMENT_PREFIX_PATH} CMAKE_PREFIX_PATH=/home/suxin/English_Path/test111/autonomous_navigation_environment_ego/install/quadrotor_msgs:/opt/ros/foxy LD_LIBRARY_PATH=/home/suxin/English_Path/test111/autonomous_navigation_environment_ego/install/quadrotor_msgs/lib:${LD_LIBRARY_PATH} PYTHONPATH=/home/suxin/English_Path/test111/autonomous_navigation_environment_ego/install/quadrotor_msgs/lib/python3.8/site-packages:${PYTHONPATH} /usr/bin/cmake --install /home/suxin/English_Path/test111/autonomous_navigation_environment_ego/build/odom_visualization
[1.033s] DEBUG:colcon.colcon_core.event_handler.log_command:Invoking command in '/home/suxin/English_Path/test111/autonomous_navigation_environment_ego/build/local_sensing_node': AMENT_PREFIX_PATH=/home/suxin/English_Path/test111/autonomous_navigation_environment_ego/install/quadrotor_msgs:${AMENT_PREFIX_PATH} CMAKE_PREFIX_PATH=/home/suxin/English_Path/test111/autonomous_navigation_environment_ego/install/quadrotor_msgs:/opt/ros/foxy LD_LIBRARY_PATH=/home/suxin/English_Path/test111/autonomous_navigation_environment_ego/install/quadrotor_msgs/lib:${LD_LIBRARY_PATH} PYTHONPATH=/home/suxin/English_Path/test111/autonomous_navigation_environment_ego/install/quadrotor_msgs/lib/python3.8/site-packages:${PYTHONPATH} /usr/bin/cmake --install /home/suxin/English_Path/test111/autonomous_navigation_environment_ego/build/local_sensing_node
[1.040s] DEBUG:colcon.colcon_core.event_handler.log_command:Invoking command in '/home/suxin/English_Path/test111/autonomous_navigation_environment_ego/build/turtlebot3_gazebo': AMENT_PREFIX_PATH=/home/suxin/English_Path/test111/autonomous_navigation_environment_ego/install/turtlebot3_description:${AMENT_PREFIX_PATH} CMAKE_PREFIX_PATH=/home/suxin/English_Path/test111/autonomous_navigation_environment_ego/install/turtlebot3_description:/opt/ros/foxy /usr/bin/cmake --install /home/suxin/English_Path/test111/autonomous_navigation_environment_ego/build/turtlebot3_gazebo
[1.048s] DEBUG:colcon.colcon_core.event_handler.log_command:Invoking command in '/home/suxin/English_Path/test111/autonomous_navigation_environment_ego/build/new': AMENT_PREFIX_PATH=/home/suxin/English_Path/test111/autonomous_navigation_environment_ego/install/quadrotor_msgs:${AMENT_PREFIX_PATH} CMAKE_PREFIX_PATH=/home/suxin/English_Path/test111/autonomous_navigation_environment_ego/install/quadrotor_msgs:/opt/ros/foxy LD_LIBRARY_PATH=/home/suxin/English_Path/test111/autonomous_navigation_environment_ego/install/quadrotor_msgs/lib:${LD_LIBRARY_PATH} PYTHONPATH=/home/suxin/English_Path/test111/autonomous_navigation_environment_ego/install/quadrotor_msgs/lib/python3.8/site-packages:${PYTHONPATH} /usr/bin/cmake --install /home/suxin/English_Path/test111/autonomous_navigation_environment_ego/build/new
[1.050s] DEBUG:colcon.colcon_core.event_handler.log_command:Invoked command in '/home/suxin/English_Path/test111/autonomous_navigation_environment_ego/build/bridge_test' returned '0': AMENT_PREFIX_PATH=/home/suxin/English_Path/test111/autonomous_navigation_environment_ego/install/traj_utils:/home/suxin/English_Path/test111/autonomous_navigation_environment_ego/install/quadrotor_msgs:${AMENT_PREFIX_PATH} CMAKE_PREFIX_PATH=/home/suxin/English_Path/test111/autonomous_navigation_environment_ego/install/traj_utils:/home/suxin/English_Path/test111/autonomous_navigation_environment_ego/install/quadrotor_msgs:/opt/ros/foxy LD_LIBRARY_PATH=/home/suxin/English_Path/test111/autonomous_navigation_environment_ego/install/traj_utils/lib:/home/suxin/English_Path/test111/autonomous_navigation_environment_ego/install/quadrotor_msgs/lib:${LD_LIBRARY_PATH} PYTHONPATH=/home/suxin/English_Path/test111/autonomous_navigation_environment_ego/install/traj_utils/lib/python3.8/site-packages:/home/suxin/English_Path/test111/autonomous_navigation_environment_ego/install/quadrotor_msgs/lib/python3.8/site-packages:${PYTHONPATH} /usr/bin/cmake --build /home/suxin/English_Path/test111/autonomous_navigation_environment_ego/build/bridge_test -- -j20 -l20
[1.053s] Level 1:colcon.colcon_core.environment:create_environment_scripts_only(odom_visualization)
[1.054s] Level 1:colcon.colcon_core.environment:checking '/home/suxin/English_Path/test111/autonomous_navigation_environment_ego/install/odom_visualization' for CMake module files
[1.056s] Level 1:colcon.colcon_core.environment:checking '/home/suxin/English_Path/test111/autonomous_navigation_environment_ego/install/odom_visualization' for CMake config files
[1.056s] DEBUG:colcon.colcon_core.event_handler.log_command:Invoking command in '/home/suxin/English_Path/test111/autonomous_navigation_environment_ego/build/poscmd_2_odom': AMENT_PREFIX_PATH=/home/suxin/English_Path/test111/autonomous_navigation_environment_ego/install/quadrotor_msgs:${AMENT_PREFIX_PATH} CMAKE_PREFIX_PATH=/home/suxin/English_Path/test111/autonomous_navigation_environment_ego/install/quadrotor_msgs:/opt/ros/foxy LD_LIBRARY_PATH=/home/suxin/English_Path/test111/autonomous_navigation_environment_ego/install/quadrotor_msgs/lib:${LD_LIBRARY_PATH} PYTHONPATH=/home/suxin/English_Path/test111/autonomous_navigation_environment_ego/install/quadrotor_msgs/lib/python3.8/site-packages:${PYTHONPATH} /usr/bin/cmake --install /home/suxin/English_Path/test111/autonomous_navigation_environment_ego/build/poscmd_2_odom
[1.058s] DEBUG:colcon.colcon_core.event_handler.log_command:Invoked command in '/home/suxin/English_Path/test111/autonomous_navigation_environment_ego/build/ego_planner' returned '0': AMENT_PREFIX_PATH=/home/suxin/English_Path/test111/autonomous_navigation_environment_ego/install/traj_utils_so:/home/suxin/English_Path/test111/autonomous_navigation_environment_ego/install/traj_utils:/home/suxin/English_Path/test111/autonomous_navigation_environment_ego/install/quadrotor_msgs:/home/suxin/English_Path/test111/autonomous_navigation_environment_ego/install/plan_env:/home/suxin/English_Path/test111/autonomous_navigation_environment_ego/install/bspline_opt:${AMENT_PREFIX_PATH} CMAKE_PREFIX_PATH=/home/suxin/English_Path/test111/autonomous_navigation_environment_ego/install/traj_utils_so:/home/suxin/English_Path/test111/autonomous_navigation_environment_ego/install/traj_utils:/home/suxin/English_Path/test111/autonomous_navigation_environment_ego/install/quadrotor_msgs:/home/suxin/English_Path/test111/autonomous_navigation_environment_ego/install/plan_env:/opt/ros/foxy:/home/suxin/English_Path/test111/autonomous_navigation_environment_ego/install/path_searching:/home/suxin/English_Path/test111/autonomous_navigation_environment_ego/install/bspline_opt LD_LIBRARY_PATH=/home/suxin/English_Path/test111/autonomous_navigation_environment_ego/install/traj_utils/lib:/home/suxin/English_Path/test111/autonomous_navigation_environment_ego/install/quadrotor_msgs/lib:${LD_LIBRARY_PATH} PKG_CONFIG_PATH=/home/suxin/English_Path/test111/autonomous_navigation_environment_ego/install/path_searching/lib/x86_64-linux-gnu/pkgconfig:/home/suxin/English_Path/test111/autonomous_navigation_environment_ego/install/path_searching/lib/pkgconfig PYTHONPATH=/home/suxin/English_Path/test111/autonomous_navigation_environment_ego/install/traj_utils/lib/python3.8/site-packages:/home/suxin/English_Path/test111/autonomous_navigation_environment_ego/install/quadrotor_msgs/lib/python3.8/site-packages:${PYTHONPATH} ROS_PACKAGE_PATH=/home/suxin/English_Path/test111/autonomous_navigation_environment_ego/install/path_searching/share /usr/bin/cmake --build /home/suxin/English_Path/test111/autonomous_navigation_environment_ego/build/ego_planner -- -j20 -l20
[1.059s] DEBUG:colcon.colcon_core.event_handler.log_command:Invoked command in '/home/suxin/English_Path/test111/autonomous_navigation_environment_ego/build/odom_visualization' returned '0': AMENT_PREFIX_PATH=/home/suxin/English_Path/test111/autonomous_navigation_environment_ego/install/quadrotor_msgs:${AMENT_PREFIX_PATH} CMAKE_PREFIX_PATH=/home/suxin/English_Path/test111/autonomous_navigation_environment_ego/install/quadrotor_msgs:/opt/ros/foxy LD_LIBRARY_PATH=/home/suxin/English_Path/test111/autonomous_navigation_environment_ego/install/quadrotor_msgs/lib:${LD_LIBRARY_PATH} PYTHONPATH=/home/suxin/English_Path/test111/autonomous_navigation_environment_ego/install/quadrotor_msgs/lib/python3.8/site-packages:${PYTHONPATH} /usr/bin/cmake --install /home/suxin/English_Path/test111/autonomous_navigation_environment_ego/build/odom_visualization
[1.064s] Level 1:colcon.colcon_core.shell:create_environment_hook('odom_visualization', 'cmake_prefix_path')
[1.064s] INFO:colcon.colcon_core.shell:Creating environment hook '/home/suxin/English_Path/test111/autonomous_navigation_environment_ego/install/odom_visualization/share/odom_visualization/hook/cmake_prefix_path.ps1'
[1.066s] INFO:colcon.colcon_core.shell:Creating environment descriptor '/home/suxin/English_Path/test111/autonomous_navigation_environment_ego/install/odom_visualization/share/odom_visualization/hook/cmake_prefix_path.dsv'
[1.066s] INFO:colcon.colcon_core.shell:Creating environment hook '/home/suxin/English_Path/test111/autonomous_navigation_environment_ego/install/odom_visualization/share/odom_visualization/hook/cmake_prefix_path.sh'
[1.067s] Level 1:colcon.colcon_core.environment:checking '/home/suxin/English_Path/test111/autonomous_navigation_environment_ego/install/odom_visualization/lib'
[1.067s] Level 1:colcon.colcon_core.environment:checking '/home/suxin/English_Path/test111/autonomous_navigation_environment_ego/install/odom_visualization/bin'
[1.067s] Level 1:colcon.colcon_core.environment:checking '/home/suxin/English_Path/test111/autonomous_navigation_environment_ego/install/odom_visualization/lib/pkgconfig/odom_visualization.pc'
[1.068s] Level 1:colcon.colcon_core.environment:checking '/home/suxin/English_Path/test111/autonomous_navigation_environment_ego/install/odom_visualization/lib/python3.8/site-packages'
[1.068s] Level 1:colcon.colcon_core.environment:checking '/home/suxin/English_Path/test111/autonomous_navigation_environment_ego/install/odom_visualization/bin'
[1.068s] INFO:colcon.colcon_core.shell:Creating package script '/home/suxin/English_Path/test111/autonomous_navigation_environment_ego/install/odom_visualization/share/odom_visualization/package.ps1'
[1.069s] INFO:colcon.colcon_core.shell:Creating package descriptor '/home/suxin/English_Path/test111/autonomous_navigation_environment_ego/install/odom_visualization/share/odom_visualization/package.dsv'
[1.069s] INFO:colcon.colcon_core.shell:Creating package script '/home/suxin/English_Path/test111/autonomous_navigation_environment_ego/install/odom_visualization/share/odom_visualization/package.sh'
[1.070s] INFO:colcon.colcon_core.shell:Creating package script '/home/suxin/English_Path/test111/autonomous_navigation_environment_ego/install/odom_visualization/share/odom_visualization/package.bash'
[1.070s] INFO:colcon.colcon_core.shell:Creating package script '/home/suxin/English_Path/test111/autonomous_navigation_environment_ego/install/odom_visualization/share/odom_visualization/package.zsh'
[1.071s] Level 1:colcon.colcon_core.environment:create_file_with_runtime_dependencies(/home/suxin/English_Path/test111/autonomous_navigation_environment_ego/install/odom_visualization/share/colcon-core/packages/odom_visualization)
[1.076s] Level 1:colcon.colcon_core.environment:create_environment_scripts_only(local_sensing_node)
[1.076s] Level 1:colcon.colcon_core.environment:checking '/home/suxin/English_Path/test111/autonomous_navigation_environment_ego/install/local_sensing_node' for CMake module files
[1.077s] DEBUG:colcon.colcon_core.event_handler.log_command:Invoked command in '/home/suxin/English_Path/test111/autonomous_navigation_environment_ego/build/local_sensing_node' returned '0': AMENT_PREFIX_PATH=/home/suxin/English_Path/test111/autonomous_navigation_environment_ego/install/quadrotor_msgs:${AMENT_PREFIX_PATH} CMAKE_PREFIX_PATH=/home/suxin/English_Path/test111/autonomous_navigation_environment_ego/install/quadrotor_msgs:/opt/ros/foxy LD_LIBRARY_PATH=/home/suxin/English_Path/test111/autonomous_navigation_environment_ego/install/quadrotor_msgs/lib:${LD_LIBRARY_PATH} PYTHONPATH=/home/suxin/English_Path/test111/autonomous_navigation_environment_ego/install/quadrotor_msgs/lib/python3.8/site-packages:${PYTHONPATH} /usr/bin/cmake --install /home/suxin/English_Path/test111/autonomous_navigation_environment_ego/build/local_sensing_node
[1.078s] Level 1:colcon.colcon_core.environment:checking '/home/suxin/English_Path/test111/autonomous_navigation_environment_ego/install/local_sensing_node' for CMake config files
[1.079s] Level 1:colcon.colcon_core.shell:create_environment_hook('local_sensing_node', 'cmake_prefix_path')
[1.079s] INFO:colcon.colcon_core.shell:Creating environment hook '/home/suxin/English_Path/test111/autonomous_navigation_environment_ego/install/local_sensing_node/share/local_sensing_node/hook/cmake_prefix_path.ps1'
[1.080s] INFO:colcon.colcon_core.shell:Creating environment descriptor '/home/suxin/English_Path/test111/autonomous_navigation_environment_ego/install/local_sensing_node/share/local_sensing_node/hook/cmake_prefix_path.dsv'
[1.080s] INFO:colcon.colcon_core.shell:Creating environment hook '/home/suxin/English_Path/test111/autonomous_navigation_environment_ego/install/local_sensing_node/share/local_sensing_node/hook/cmake_prefix_path.sh'
[1.081s] Level 1:colcon.colcon_core.environment:checking '/home/suxin/English_Path/test111/autonomous_navigation_environment_ego/install/local_sensing_node/lib'
[1.081s] Level 1:colcon.colcon_core.environment:checking '/home/suxin/English_Path/test111/autonomous_navigation_environment_ego/install/local_sensing_node/bin'
[1.082s] Level 1:colcon.colcon_core.environment:checking '/home/suxin/English_Path/test111/autonomous_navigation_environment_ego/install/local_sensing_node/lib/pkgconfig/local_sensing_node.pc'
[1.082s] Level 1:colcon.colcon_core.environment:checking '/home/suxin/English_Path/test111/autonomous_navigation_environment_ego/install/local_sensing_node/lib/python3.8/site-packages'
[1.082s] Level 1:colcon.colcon_core.environment:checking '/home/suxin/English_Path/test111/autonomous_navigation_environment_ego/install/local_sensing_node/bin'
[1.082s] INFO:colcon.colcon_core.shell:Creating package script '/home/suxin/English_Path/test111/autonomous_navigation_environment_ego/install/local_sensing_node/share/local_sensing_node/package.ps1'
[1.083s] INFO:colcon.colcon_core.shell:Creating package descriptor '/home/suxin/English_Path/test111/autonomous_navigation_environment_ego/install/local_sensing_node/share/local_sensing_node/package.dsv'
[1.084s] INFO:colcon.colcon_core.shell:Creating package script '/home/suxin/English_Path/test111/autonomous_navigation_environment_ego/install/local_sensing_node/share/local_sensing_node/package.sh'
[1.085s] INFO:colcon.colcon_core.shell:Creating package script '/home/suxin/English_Path/test111/autonomous_navigation_environment_ego/install/local_sensing_node/share/local_sensing_node/package.bash'
[1.085s] INFO:colcon.colcon_core.shell:Creating package script '/home/suxin/English_Path/test111/autonomous_navigation_environment_ego/install/local_sensing_node/share/local_sensing_node/package.zsh'
[1.086s] Level 1:colcon.colcon_core.environment:create_file_with_runtime_dependencies(/home/suxin/English_Path/test111/autonomous_navigation_environment_ego/install/local_sensing_node/share/colcon-core/packages/local_sensing_node)
[1.091s] Level 1:colcon.colcon_core.environment:create_environment_scripts_only(new)
[1.091s] Level 1:colcon.colcon_core.environment:checking '/home/suxin/English_Path/test111/autonomous_navigation_environment_ego/install/new' for CMake module files
[1.092s] DEBUG:colcon.colcon_core.event_handler.log_command:Invoked command in '/home/suxin/English_Path/test111/autonomous_navigation_environment_ego/build/new' returned '0': AMENT_PREFIX_PATH=/home/suxin/English_Path/test111/autonomous_navigation_environment_ego/install/quadrotor_msgs:${AMENT_PREFIX_PATH} CMAKE_PREFIX_PATH=/home/suxin/English_Path/test111/autonomous_navigation_environment_ego/install/quadrotor_msgs:/opt/ros/foxy LD_LIBRARY_PATH=/home/suxin/English_Path/test111/autonomous_navigation_environment_ego/install/quadrotor_msgs/lib:${LD_LIBRARY_PATH} PYTHONPATH=/home/suxin/English_Path/test111/autonomous_navigation_environment_ego/install/quadrotor_msgs/lib/python3.8/site-packages:${PYTHONPATH} /usr/bin/cmake --install /home/suxin/English_Path/test111/autonomous_navigation_environment_ego/build/new
[1.093s] Level 1:colcon.colcon_core.environment:checking '/home/suxin/English_Path/test111/autonomous_navigation_environment_ego/install/new' for CMake config files
[1.093s] Level 1:colcon.colcon_core.shell:create_environment_hook('new', 'cmake_prefix_path')
[1.093s] INFO:colcon.colcon_core.shell:Creating environment hook '/home/suxin/English_Path/test111/autonomous_navigation_environment_ego/install/new/share/new/hook/cmake_prefix_path.ps1'
[1.094s] INFO:colcon.colcon_core.shell:Creating environment descriptor '/home/suxin/English_Path/test111/autonomous_navigation_environment_ego/install/new/share/new/hook/cmake_prefix_path.dsv'
[1.095s] INFO:colcon.colcon_core.shell:Creating environment hook '/home/suxin/English_Path/test111/autonomous_navigation_environment_ego/install/new/share/new/hook/cmake_prefix_path.sh'
[1.096s] Level 1:colcon.colcon_core.environment:checking '/home/suxin/English_Path/test111/autonomous_navigation_environment_ego/install/new/lib'
[1.096s] Level 1:colcon.colcon_core.environment:checking '/home/suxin/English_Path/test111/autonomous_navigation_environment_ego/install/new/bin'
[1.096s] Level 1:colcon.colcon_core.environment:checking '/home/suxin/English_Path/test111/autonomous_navigation_environment_ego/install/new/lib/pkgconfig/new.pc'
[1.096s] Level 1:colcon.colcon_core.environment:checking '/home/suxin/English_Path/test111/autonomous_navigation_environment_ego/install/new/lib/python3.8/site-packages'
[1.097s] Level 1:colcon.colcon_core.environment:checking '/home/suxin/English_Path/test111/autonomous_navigation_environment_ego/install/new/bin'
[1.097s] INFO:colcon.colcon_core.shell:Creating package script '/home/suxin/English_Path/test111/autonomous_navigation_environment_ego/install/new/share/new/package.ps1'
[1.098s] INFO:colcon.colcon_core.shell:Creating package descriptor '/home/suxin/English_Path/test111/autonomous_navigation_environment_ego/install/new/share/new/package.dsv'
[1.099s] INFO:colcon.colcon_core.shell:Creating package script '/home/suxin/English_Path/test111/autonomous_navigation_environment_ego/install/new/share/new/package.sh'
[1.100s] INFO:colcon.colcon_core.shell:Creating package script '/home/suxin/English_Path/test111/autonomous_navigation_environment_ego/install/new/share/new/package.bash'
[1.100s] INFO:colcon.colcon_core.shell:Creating package script '/home/suxin/English_Path/test111/autonomous_navigation_environment_ego/install/new/share/new/package.zsh'
[1.101s] Level 1:colcon.colcon_core.environment:create_file_with_runtime_dependencies(/home/suxin/English_Path/test111/autonomous_navigation_environment_ego/install/new/share/colcon-core/packages/new)
[1.103s] Level 1:colcon.colcon_core.environment:create_environment_scripts_only(poscmd_2_odom)
[1.104s] Level 1:colcon.colcon_core.environment:checking '/home/suxin/English_Path/test111/autonomous_navigation_environment_ego/install/poscmd_2_odom' for CMake module files
[1.105s] DEBUG:colcon.colcon_core.event_handler.log_command:Invoked command in '/home/suxin/English_Path/test111/autonomous_navigation_environment_ego/build/poscmd_2_odom' returned '0': AMENT_PREFIX_PATH=/home/suxin/English_Path/test111/autonomous_navigation_environment_ego/install/quadrotor_msgs:${AMENT_PREFIX_PATH} CMAKE_PREFIX_PATH=/home/suxin/English_Path/test111/autonomous_navigation_environment_ego/install/quadrotor_msgs:/opt/ros/foxy LD_LIBRARY_PATH=/home/suxin/English_Path/test111/autonomous_navigation_environment_ego/install/quadrotor_msgs/lib:${LD_LIBRARY_PATH} PYTHONPATH=/home/suxin/English_Path/test111/autonomous_navigation_environment_ego/install/quadrotor_msgs/lib/python3.8/site-packages:${PYTHONPATH} /usr/bin/cmake --install /home/suxin/English_Path/test111/autonomous_navigation_environment_ego/build/poscmd_2_odom
[1.105s] Level 1:colcon.colcon_core.environment:checking '/home/suxin/English_Path/test111/autonomous_navigation_environment_ego/install/poscmd_2_odom' for CMake config files
[1.106s] Level 1:colcon.colcon_core.shell:create_environment_hook('poscmd_2_odom', 'cmake_prefix_path')
[1.106s] INFO:colcon.colcon_core.shell:Creating environment hook '/home/suxin/English_Path/test111/autonomous_navigation_environment_ego/install/poscmd_2_odom/share/poscmd_2_odom/hook/cmake_prefix_path.ps1'
[1.106s] INFO:colcon.colcon_core.shell:Creating environment descriptor '/home/suxin/English_Path/test111/autonomous_navigation_environment_ego/install/poscmd_2_odom/share/poscmd_2_odom/hook/cmake_prefix_path.dsv'
[1.107s] INFO:colcon.colcon_core.shell:Creating environment hook '/home/suxin/English_Path/test111/autonomous_navigation_environment_ego/install/poscmd_2_odom/share/poscmd_2_odom/hook/cmake_prefix_path.sh'
[1.107s] Level 1:colcon.colcon_core.environment:checking '/home/suxin/English_Path/test111/autonomous_navigation_environment_ego/install/poscmd_2_odom/lib'
[1.107s] Level 1:colcon.colcon_core.environment:checking '/home/suxin/English_Path/test111/autonomous_navigation_environment_ego/install/poscmd_2_odom/bin'
[1.107s] Level 1:colcon.colcon_core.environment:checking '/home/suxin/English_Path/test111/autonomous_navigation_environment_ego/install/poscmd_2_odom/lib/pkgconfig/poscmd_2_odom.pc'
[1.108s] Level 1:colcon.colcon_core.environment:checking '/home/suxin/English_Path/test111/autonomous_navigation_environment_ego/install/poscmd_2_odom/lib/python3.8/site-packages'
[1.108s] Level 1:colcon.colcon_core.environment:checking '/home/suxin/English_Path/test111/autonomous_navigation_environment_ego/install/poscmd_2_odom/bin'
[1.108s] INFO:colcon.colcon_core.shell:Creating package script '/home/suxin/English_Path/test111/autonomous_navigation_environment_ego/install/poscmd_2_odom/share/poscmd_2_odom/package.ps1'
[1.108s] INFO:colcon.colcon_core.shell:Creating package descriptor '/home/suxin/English_Path/test111/autonomous_navigation_environment_ego/install/poscmd_2_odom/share/poscmd_2_odom/package.dsv'
[1.109s] INFO:colcon.colcon_core.shell:Creating package script '/home/suxin/English_Path/test111/autonomous_navigation_environment_ego/install/poscmd_2_odom/share/poscmd_2_odom/package.sh'
[1.109s] INFO:colcon.colcon_core.shell:Creating package script '/home/suxin/English_Path/test111/autonomous_navigation_environment_ego/install/poscmd_2_odom/share/poscmd_2_odom/package.bash'
[1.110s] INFO:colcon.colcon_core.shell:Creating package script '/home/suxin/English_Path/test111/autonomous_navigation_environment_ego/install/poscmd_2_odom/share/poscmd_2_odom/package.zsh'
[1.110s] Level 1:colcon.colcon_core.environment:create_file_with_runtime_dependencies(/home/suxin/English_Path/test111/autonomous_navigation_environment_ego/install/poscmd_2_odom/share/colcon-core/packages/poscmd_2_odom)
[1.116s] DEBUG:colcon.colcon_core.event_handler.log_command:Invoking command in '/home/suxin/English_Path/test111/autonomous_navigation_environment_ego/build/bridge_test': AMENT_PREFIX_PATH=/home/suxin/English_Path/test111/autonomous_navigation_environment_ego/install/traj_utils:/home/suxin/English_Path/test111/autonomous_navigation_environment_ego/install/quadrotor_msgs:${AMENT_PREFIX_PATH} CMAKE_PREFIX_PATH=/home/suxin/English_Path/test111/autonomous_navigation_environment_ego/install/traj_utils:/home/suxin/English_Path/test111/autonomous_navigation_environment_ego/install/quadrotor_msgs:/opt/ros/foxy LD_LIBRARY_PATH=/home/suxin/English_Path/test111/autonomous_navigation_environment_ego/install/traj_utils/lib:/home/suxin/English_Path/test111/autonomous_navigation_environment_ego/install/quadrotor_msgs/lib:${LD_LIBRARY_PATH} PYTHONPATH=/home/suxin/English_Path/test111/autonomous_navigation_environment_ego/install/traj_utils/lib/python3.8/site-packages:/home/suxin/English_Path/test111/autonomous_navigation_environment_ego/install/quadrotor_msgs/lib/python3.8/site-packages:${PYTHONPATH} /usr/bin/cmake --install /home/suxin/English_Path/test111/autonomous_navigation_environment_ego/build/bridge_test
[1.119s] DEBUG:colcon.colcon_core.event_handler.log_command:Invoking command in '/home/suxin/English_Path/test111/autonomous_navigation_environment_ego/build/ego_planner': AMENT_PREFIX_PATH=/home/suxin/English_Path/test111/autonomous_navigation_environment_ego/install/traj_utils_so:/home/suxin/English_Path/test111/autonomous_navigation_environment_ego/install/traj_utils:/home/suxin/English_Path/test111/autonomous_navigation_environment_ego/install/quadrotor_msgs:/home/suxin/English_Path/test111/autonomous_navigation_environment_ego/install/plan_env:/home/suxin/English_Path/test111/autonomous_navigation_environment_ego/install/bspline_opt:${AMENT_PREFIX_PATH} CMAKE_PREFIX_PATH=/home/suxin/English_Path/test111/autonomous_navigation_environment_ego/install/traj_utils_so:/home/suxin/English_Path/test111/autonomous_navigation_environment_ego/install/traj_utils:/home/suxin/English_Path/test111/autonomous_navigation_environment_ego/install/quadrotor_msgs:/home/suxin/English_Path/test111/autonomous_navigation_environment_ego/install/plan_env:/opt/ros/foxy:/home/suxin/English_Path/test111/autonomous_navigation_environment_ego/install/path_searching:/home/suxin/English_Path/test111/autonomous_navigation_environment_ego/install/bspline_opt LD_LIBRARY_PATH=/home/suxin/English_Path/test111/autonomous_navigation_environment_ego/install/traj_utils/lib:/home/suxin/English_Path/test111/autonomous_navigation_environment_ego/install/quadrotor_msgs/lib:${LD_LIBRARY_PATH} PKG_CONFIG_PATH=/home/suxin/English_Path/test111/autonomous_navigation_environment_ego/install/path_searching/lib/x86_64-linux-gnu/pkgconfig:/home/suxin/English_Path/test111/autonomous_navigation_environment_ego/install/path_searching/lib/pkgconfig PYTHONPATH=/home/suxin/English_Path/test111/autonomous_navigation_environment_ego/install/traj_utils/lib/python3.8/site-packages:/home/suxin/English_Path/test111/autonomous_navigation_environment_ego/install/quadrotor_msgs/lib/python3.8/site-packages:${PYTHONPATH} ROS_PACKAGE_PATH=/home/suxin/English_Path/test111/autonomous_navigation_environment_ego/install/path_searching/share /usr/bin/cmake --install /home/suxin/English_Path/test111/autonomous_navigation_environment_ego/build/ego_planner
[1.120s] Level 1:colcon.colcon_core.environment:create_environment_scripts_only(odom_visualization)
[1.121s] Level 1:colcon.colcon_core.environment:checking '/home/suxin/English_Path/test111/autonomous_navigation_environment_ego/install/odom_visualization' for CMake module files
[1.122s] Level 1:colcon.colcon_core.environment:checking '/home/suxin/English_Path/test111/autonomous_navigation_environment_ego/install/odom_visualization' for CMake config files
[1.122s] Level 1:colcon.colcon_core.shell:create_environment_hook('odom_visualization', 'cmake_prefix_path')
[1.122s] INFO:colcon.colcon_core.shell:Creating environment hook '/home/suxin/English_Path/test111/autonomous_navigation_environment_ego/install/odom_visualization/share/odom_visualization/hook/cmake_prefix_path.ps1'
[1.122s] INFO:colcon.colcon_core.shell:Creating environment descriptor '/home/suxin/English_Path/test111/autonomous_navigation_environment_ego/install/odom_visualization/share/odom_visualization/hook/cmake_prefix_path.dsv'
[1.123s] INFO:colcon.colcon_core.shell:Creating environment hook '/home/suxin/English_Path/test111/autonomous_navigation_environment_ego/install/odom_visualization/share/odom_visualization/hook/cmake_prefix_path.sh'
[1.123s] Level 1:colcon.colcon_core.environment:checking '/home/suxin/English_Path/test111/autonomous_navigation_environment_ego/install/odom_visualization/lib'
[1.123s] Level 1:colcon.colcon_core.environment:checking '/home/suxin/English_Path/test111/autonomous_navigation_environment_ego/install/odom_visualization/bin'
[1.123s] Level 1:colcon.colcon_core.environment:checking '/home/suxin/English_Path/test111/autonomous_navigation_environment_ego/install/odom_visualization/lib/pkgconfig/odom_visualization.pc'
[1.124s] Level 1:colcon.colcon_core.environment:checking '/home/suxin/English_Path/test111/autonomous_navigation_environment_ego/install/odom_visualization/lib/python3.8/site-packages'
[1.124s] Level 1:colcon.colcon_core.environment:checking '/home/suxin/English_Path/test111/autonomous_navigation_environment_ego/install/odom_visualization/bin'
[1.124s] INFO:colcon.colcon_core.shell:Creating package script '/home/suxin/English_Path/test111/autonomous_navigation_environment_ego/install/odom_visualization/share/odom_visualization/package.ps1'
[1.125s] INFO:colcon.colcon_core.shell:Creating package descriptor '/home/suxin/English_Path/test111/autonomous_navigation_environment_ego/install/odom_visualization/share/odom_visualization/package.dsv'
[1.125s] INFO:colcon.colcon_core.shell:Creating package script '/home/suxin/English_Path/test111/autonomous_navigation_environment_ego/install/odom_visualization/share/odom_visualization/package.sh'
[1.125s] INFO:colcon.colcon_core.shell:Creating package script '/home/suxin/English_Path/test111/autonomous_navigation_environment_ego/install/odom_visualization/share/odom_visualization/package.bash'
[1.126s] INFO:colcon.colcon_core.shell:Creating package script '/home/suxin/English_Path/test111/autonomous_navigation_environment_ego/install/odom_visualization/share/odom_visualization/package.zsh'
[1.126s] Level 1:colcon.colcon_core.environment:create_file_with_runtime_dependencies(/home/suxin/English_Path/test111/autonomous_navigation_environment_ego/install/odom_visualization/share/colcon-core/packages/odom_visualization)
[1.127s] Level 1:colcon.colcon_core.environment:create_environment_scripts_only(turtlebot3_gazebo)
[1.128s] Level 1:colcon.colcon_core.environment:checking '/home/suxin/English_Path/test111/autonomous_navigation_environment_ego/install/turtlebot3_gazebo' for CMake module files
[1.130s] DEBUG:colcon.colcon_core.event_handler.log_command:Invoked command in '/home/suxin/English_Path/test111/autonomous_navigation_environment_ego/build/turtlebot3_gazebo' returned '0': AMENT_PREFIX_PATH=/home/suxin/English_Path/test111/autonomous_navigation_environment_ego/install/turtlebot3_description:${AMENT_PREFIX_PATH} CMAKE_PREFIX_PATH=/home/suxin/English_Path/test111/autonomous_navigation_environment_ego/install/turtlebot3_description:/opt/ros/foxy /usr/bin/cmake --install /home/suxin/English_Path/test111/autonomous_navigation_environment_ego/build/turtlebot3_gazebo
[1.133s] Level 1:colcon.colcon_core.environment:checking '/home/suxin/English_Path/test111/autonomous_navigation_environment_ego/install/turtlebot3_gazebo' for CMake config files
[1.134s] Level 1:colcon.colcon_core.shell:create_environment_hook('turtlebot3_gazebo', 'cmake_prefix_path')
[1.134s] INFO:colcon.colcon_core.shell:Creating environment hook '/home/suxin/English_Path/test111/autonomous_navigation_environment_ego/install/turtlebot3_gazebo/share/turtlebot3_gazebo/hook/cmake_prefix_path.ps1'
[1.135s] INFO:colcon.colcon_core.shell:Creating environment descriptor '/home/suxin/English_Path/test111/autonomous_navigation_environment_ego/install/turtlebot3_gazebo/share/turtlebot3_gazebo/hook/cmake_prefix_path.dsv'
[1.135s] INFO:colcon.colcon_core.shell:Creating environment hook '/home/suxin/English_Path/test111/autonomous_navigation_environment_ego/install/turtlebot3_gazebo/share/turtlebot3_gazebo/hook/cmake_prefix_path.sh'
[1.135s] Level 1:colcon.colcon_core.environment:checking '/home/suxin/English_Path/test111/autonomous_navigation_environment_ego/install/turtlebot3_gazebo/lib'
[1.135s] Level 1:colcon.colcon_core.environment:checking '/home/suxin/English_Path/test111/autonomous_navigation_environment_ego/install/turtlebot3_gazebo/bin'
[1.135s] Level 1:colcon.colcon_core.environment:checking '/home/suxin/English_Path/test111/autonomous_navigation_environment_ego/install/turtlebot3_gazebo/lib/pkgconfig/turtlebot3_gazebo.pc'
[1.136s] Level 1:colcon.colcon_core.environment:checking '/home/suxin/English_Path/test111/autonomous_navigation_environment_ego/install/turtlebot3_gazebo/lib/python3.8/site-packages'
[1.136s] Level 1:colcon.colcon_core.environment:checking '/home/suxin/English_Path/test111/autonomous_navigation_environment_ego/install/turtlebot3_gazebo/bin'
[1.136s] INFO:colcon.colcon_core.shell:Creating package script '/home/suxin/English_Path/test111/autonomous_navigation_environment_ego/install/turtlebot3_gazebo/share/turtlebot3_gazebo/package.ps1'
[1.136s] INFO:colcon.colcon_core.shell:Creating package descriptor '/home/suxin/English_Path/test111/autonomous_navigation_environment_ego/install/turtlebot3_gazebo/share/turtlebot3_gazebo/package.dsv'
[1.137s] INFO:colcon.colcon_core.shell:Creating package script '/home/suxin/English_Path/test111/autonomous_navigation_environment_ego/install/turtlebot3_gazebo/share/turtlebot3_gazebo/package.sh'
[1.137s] INFO:colcon.colcon_core.shell:Creating package script '/home/suxin/English_Path/test111/autonomous_navigation_environment_ego/install/turtlebot3_gazebo/share/turtlebot3_gazebo/package.bash'
[1.137s] INFO:colcon.colcon_core.shell:Creating package script '/home/suxin/English_Path/test111/autonomous_navigation_environment_ego/install/turtlebot3_gazebo/share/turtlebot3_gazebo/package.zsh'
[1.138s] Level 1:colcon.colcon_core.environment:create_file_with_runtime_dependencies(/home/suxin/English_Path/test111/autonomous_navigation_environment_ego/install/turtlebot3_gazebo/share/colcon-core/packages/turtlebot3_gazebo)
[1.141s] Level 1:colcon.colcon_core.environment:create_environment_scripts_only(local_sensing_node)
[1.141s] Level 1:colcon.colcon_core.environment:checking '/home/suxin/English_Path/test111/autonomous_navigation_environment_ego/install/local_sensing_node' for CMake module files
[1.142s] Level 1:colcon.colcon_core.environment:checking '/home/suxin/English_Path/test111/autonomous_navigation_environment_ego/install/local_sensing_node' for CMake config files
[1.142s] Level 1:colcon.colcon_core.shell:create_environment_hook('local_sensing_node', 'cmake_prefix_path')
[1.142s] INFO:colcon.colcon_core.shell:Creating environment hook '/home/suxin/English_Path/test111/autonomous_navigation_environment_ego/install/local_sensing_node/share/local_sensing_node/hook/cmake_prefix_path.ps1'
[1.143s] INFO:colcon.colcon_core.shell:Creating environment descriptor '/home/suxin/English_Path/test111/autonomous_navigation_environment_ego/install/local_sensing_node/share/local_sensing_node/hook/cmake_prefix_path.dsv'
[1.143s] INFO:colcon.colcon_core.shell:Creating environment hook '/home/suxin/English_Path/test111/autonomous_navigation_environment_ego/install/local_sensing_node/share/local_sensing_node/hook/cmake_prefix_path.sh'
[1.143s] Level 1:colcon.colcon_core.environment:checking '/home/suxin/English_Path/test111/autonomous_navigation_environment_ego/install/local_sensing_node/lib'
[1.144s] Level 1:colcon.colcon_core.environment:checking '/home/suxin/English_Path/test111/autonomous_navigation_environment_ego/install/local_sensing_node/bin'
[1.144s] Level 1:colcon.colcon_core.environment:checking '/home/suxin/English_Path/test111/autonomous_navigation_environment_ego/install/local_sensing_node/lib/pkgconfig/local_sensing_node.pc'
[1.144s] Level 1:colcon.colcon_core.environment:checking '/home/suxin/English_Path/test111/autonomous_navigation_environment_ego/install/local_sensing_node/lib/python3.8/site-packages'
[1.144s] Level 1:colcon.colcon_core.environment:checking '/home/suxin/English_Path/test111/autonomous_navigation_environment_ego/install/local_sensing_node/bin'
[1.144s] INFO:colcon.colcon_core.shell:Creating package script '/home/suxin/English_Path/test111/autonomous_navigation_environment_ego/install/local_sensing_node/share/local_sensing_node/package.ps1'
[1.145s] INFO:colcon.colcon_core.shell:Creating package descriptor '/home/suxin/English_Path/test111/autonomous_navigation_environment_ego/install/local_sensing_node/share/local_sensing_node/package.dsv'
[1.145s] INFO:colcon.colcon_core.shell:Creating package script '/home/suxin/English_Path/test111/autonomous_navigation_environment_ego/install/local_sensing_node/share/local_sensing_node/package.sh'
[1.145s] INFO:colcon.colcon_core.shell:Creating package script '/home/suxin/English_Path/test111/autonomous_navigation_environment_ego/install/local_sensing_node/share/local_sensing_node/package.bash'
[1.146s] INFO:colcon.colcon_core.shell:Creating package script '/home/suxin/English_Path/test111/autonomous_navigation_environment_ego/install/local_sensing_node/share/local_sensing_node/package.zsh'
[1.147s] Level 1:colcon.colcon_core.environment:create_file_with_runtime_dependencies(/home/suxin/English_Path/test111/autonomous_navigation_environment_ego/install/local_sensing_node/share/colcon-core/packages/local_sensing_node)
[1.148s] Level 1:colcon.colcon_core.environment:create_environment_scripts_only(new)
[1.148s] Level 1:colcon.colcon_core.environment:checking '/home/suxin/English_Path/test111/autonomous_navigation_environment_ego/install/new' for CMake module files
[1.149s] Level 1:colcon.colcon_core.environment:checking '/home/suxin/English_Path/test111/autonomous_navigation_environment_ego/install/new' for CMake config files
[1.149s] Level 1:colcon.colcon_core.shell:create_environment_hook('new', 'cmake_prefix_path')
[1.149s] INFO:colcon.colcon_core.shell:Creating environment hook '/home/suxin/English_Path/test111/autonomous_navigation_environment_ego/install/new/share/new/hook/cmake_prefix_path.ps1'
[1.150s] INFO:colcon.colcon_core.shell:Creating environment descriptor '/home/suxin/English_Path/test111/autonomous_navigation_environment_ego/install/new/share/new/hook/cmake_prefix_path.dsv'
[1.150s] INFO:colcon.colcon_core.shell:Creating environment hook '/home/suxin/English_Path/test111/autonomous_navigation_environment_ego/install/new/share/new/hook/cmake_prefix_path.sh'
[1.150s] Level 1:colcon.colcon_core.environment:checking '/home/suxin/English_Path/test111/autonomous_navigation_environment_ego/install/new/lib'
[1.151s] Level 1:colcon.colcon_core.environment:checking '/home/suxin/English_Path/test111/autonomous_navigation_environment_ego/install/new/bin'
[1.151s] Level 1:colcon.colcon_core.environment:checking '/home/suxin/English_Path/test111/autonomous_navigation_environment_ego/install/new/lib/pkgconfig/new.pc'
[1.151s] Level 1:colcon.colcon_core.environment:checking '/home/suxin/English_Path/test111/autonomous_navigation_environment_ego/install/new/lib/python3.8/site-packages'
[1.151s] Level 1:colcon.colcon_core.environment:checking '/home/suxin/English_Path/test111/autonomous_navigation_environment_ego/install/new/bin'
[1.151s] INFO:colcon.colcon_core.shell:Creating package script '/home/suxin/English_Path/test111/autonomous_navigation_environment_ego/install/new/share/new/package.ps1'
[1.152s] INFO:colcon.colcon_core.shell:Creating package descriptor '/home/suxin/English_Path/test111/autonomous_navigation_environment_ego/install/new/share/new/package.dsv'
[1.152s] INFO:colcon.colcon_core.shell:Creating package script '/home/suxin/English_Path/test111/autonomous_navigation_environment_ego/install/new/share/new/package.sh'
[1.152s] INFO:colcon.colcon_core.shell:Creating package script '/home/suxin/English_Path/test111/autonomous_navigation_environment_ego/install/new/share/new/package.bash'
[1.153s] INFO:colcon.colcon_core.shell:Creating package script '/home/suxin/English_Path/test111/autonomous_navigation_environment_ego/install/new/share/new/package.zsh'
[1.153s] Level 1:colcon.colcon_core.environment:create_file_with_runtime_dependencies(/home/suxin/English_Path/test111/autonomous_navigation_environment_ego/install/new/share/colcon-core/packages/new)
[1.154s] Level 1:colcon.colcon_core.environment:create_environment_scripts_only(poscmd_2_odom)
[1.154s] Level 1:colcon.colcon_core.environment:checking '/home/suxin/English_Path/test111/autonomous_navigation_environment_ego/install/poscmd_2_odom' for CMake module files
[1.155s] Level 1:colcon.colcon_core.environment:checking '/home/suxin/English_Path/test111/autonomous_navigation_environment_ego/install/poscmd_2_odom' for CMake config files
[1.156s] Level 1:colcon.colcon_core.shell:create_environment_hook('poscmd_2_odom', 'cmake_prefix_path')
[1.156s] INFO:colcon.colcon_core.shell:Creating environment hook '/home/suxin/English_Path/test111/autonomous_navigation_environment_ego/install/poscmd_2_odom/share/poscmd_2_odom/hook/cmake_prefix_path.ps1'
[1.156s] INFO:colcon.colcon_core.shell:Creating environment descriptor '/home/suxin/English_Path/test111/autonomous_navigation_environment_ego/install/poscmd_2_odom/share/poscmd_2_odom/hook/cmake_prefix_path.dsv'
[1.156s] INFO:colcon.colcon_core.shell:Creating environment hook '/home/suxin/English_Path/test111/autonomous_navigation_environment_ego/install/poscmd_2_odom/share/poscmd_2_odom/hook/cmake_prefix_path.sh'
[1.157s] Level 1:colcon.colcon_core.environment:checking '/home/suxin/English_Path/test111/autonomous_navigation_environment_ego/install/poscmd_2_odom/lib'
[1.157s] Level 1:colcon.colcon_core.environment:checking '/home/suxin/English_Path/test111/autonomous_navigation_environment_ego/install/poscmd_2_odom/bin'
[1.157s] Level 1:colcon.colcon_core.environment:checking '/home/suxin/English_Path/test111/autonomous_navigation_environment_ego/install/poscmd_2_odom/lib/pkgconfig/poscmd_2_odom.pc'
[1.157s] Level 1:colcon.colcon_core.environment:checking '/home/suxin/English_Path/test111/autonomous_navigation_environment_ego/install/poscmd_2_odom/lib/python3.8/site-packages'
[1.157s] Level 1:colcon.colcon_core.environment:checking '/home/suxin/English_Path/test111/autonomous_navigation_environment_ego/install/poscmd_2_odom/bin'
[1.158s] INFO:colcon.colcon_core.shell:Creating package script '/home/suxin/English_Path/test111/autonomous_navigation_environment_ego/install/poscmd_2_odom/share/poscmd_2_odom/package.ps1'
[1.158s] INFO:colcon.colcon_core.shell:Creating package descriptor '/home/suxin/English_Path/test111/autonomous_navigation_environment_ego/install/poscmd_2_odom/share/poscmd_2_odom/package.dsv'
[1.158s] INFO:colcon.colcon_core.shell:Creating package script '/home/suxin/English_Path/test111/autonomous_navigation_environment_ego/install/poscmd_2_odom/share/poscmd_2_odom/package.sh'
[1.159s] INFO:colcon.colcon_core.shell:Creating package script '/home/suxin/English_Path/test111/autonomous_navigation_environment_ego/install/poscmd_2_odom/share/poscmd_2_odom/package.bash'
[1.159s] INFO:colcon.colcon_core.shell:Creating package script '/home/suxin/English_Path/test111/autonomous_navigation_environment_ego/install/poscmd_2_odom/share/poscmd_2_odom/package.zsh'
[1.159s] Level 1:colcon.colcon_core.environment:create_file_with_runtime_dependencies(/home/suxin/English_Path/test111/autonomous_navigation_environment_ego/install/poscmd_2_odom/share/colcon-core/packages/poscmd_2_odom)
[1.160s] Level 1:colcon.colcon_core.environment:create_environment_scripts_only(bridge_test)
[1.160s] Level 1:colcon.colcon_core.environment:checking '/home/suxin/English_Path/test111/autonomous_navigation_environment_ego/install/bridge_test' for CMake module files
[1.161s] DEBUG:colcon.colcon_core.event_handler.log_command:Invoked command in '/home/suxin/English_Path/test111/autonomous_navigation_environment_ego/build/bridge_test' returned '0': AMENT_PREFIX_PATH=/home/suxin/English_Path/test111/autonomous_navigation_environment_ego/install/traj_utils:/home/suxin/English_Path/test111/autonomous_navigation_environment_ego/install/quadrotor_msgs:${AMENT_PREFIX_PATH} CMAKE_PREFIX_PATH=/home/suxin/English_Path/test111/autonomous_navigation_environment_ego/install/traj_utils:/home/suxin/English_Path/test111/autonomous_navigation_environment_ego/install/quadrotor_msgs:/opt/ros/foxy LD_LIBRARY_PATH=/home/suxin/English_Path/test111/autonomous_navigation_environment_ego/install/traj_utils/lib:/home/suxin/English_Path/test111/autonomous_navigation_environment_ego/install/quadrotor_msgs/lib:${LD_LIBRARY_PATH} PYTHONPATH=/home/suxin/English_Path/test111/autonomous_navigation_environment_ego/install/traj_utils/lib/python3.8/site-packages:/home/suxin/English_Path/test111/autonomous_navigation_environment_ego/install/quadrotor_msgs/lib/python3.8/site-packages:${PYTHONPATH} /usr/bin/cmake --install /home/suxin/English_Path/test111/autonomous_navigation_environment_ego/build/bridge_test
[1.161s] Level 1:colcon.colcon_core.environment:checking '/home/suxin/English_Path/test111/autonomous_navigation_environment_ego/install/bridge_test' for CMake config files
[1.162s] Level 1:colcon.colcon_core.shell:create_environment_hook('bridge_test', 'cmake_prefix_path')
[1.162s] INFO:colcon.colcon_core.shell:Creating environment hook '/home/suxin/English_Path/test111/autonomous_navigation_environment_ego/install/bridge_test/share/bridge_test/hook/cmake_prefix_path.ps1'
[1.162s] INFO:colcon.colcon_core.shell:Creating environment descriptor '/home/suxin/English_Path/test111/autonomous_navigation_environment_ego/install/bridge_test/share/bridge_test/hook/cmake_prefix_path.dsv'
[1.162s] INFO:colcon.colcon_core.shell:Creating environment hook '/home/suxin/English_Path/test111/autonomous_navigation_environment_ego/install/bridge_test/share/bridge_test/hook/cmake_prefix_path.sh'
[1.163s] Level 1:colcon.colcon_core.environment:checking '/home/suxin/English_Path/test111/autonomous_navigation_environment_ego/install/bridge_test/lib'
[1.163s] Level 1:colcon.colcon_core.environment:checking '/home/suxin/English_Path/test111/autonomous_navigation_environment_ego/install/bridge_test/bin'
[1.163s] Level 1:colcon.colcon_core.environment:checking '/home/suxin/English_Path/test111/autonomous_navigation_environment_ego/install/bridge_test/lib/pkgconfig/bridge_test.pc'
[1.163s] Level 1:colcon.colcon_core.environment:checking '/home/suxin/English_Path/test111/autonomous_navigation_environment_ego/install/bridge_test/lib/python3.8/site-packages'
[1.163s] Level 1:colcon.colcon_core.environment:checking '/home/suxin/English_Path/test111/autonomous_navigation_environment_ego/install/bridge_test/bin'
[1.163s] INFO:colcon.colcon_core.shell:Creating package script '/home/suxin/English_Path/test111/autonomous_navigation_environment_ego/install/bridge_test/share/bridge_test/package.ps1'
[1.164s] INFO:colcon.colcon_core.shell:Creating package descriptor '/home/suxin/English_Path/test111/autonomous_navigation_environment_ego/install/bridge_test/share/bridge_test/package.dsv'
[1.164s] INFO:colcon.colcon_core.shell:Creating package script '/home/suxin/English_Path/test111/autonomous_navigation_environment_ego/install/bridge_test/share/bridge_test/package.sh'
[1.164s] INFO:colcon.colcon_core.shell:Creating package script '/home/suxin/English_Path/test111/autonomous_navigation_environment_ego/install/bridge_test/share/bridge_test/package.bash'
[1.165s] INFO:colcon.colcon_core.shell:Creating package script '/home/suxin/English_Path/test111/autonomous_navigation_environment_ego/install/bridge_test/share/bridge_test/package.zsh'
[1.165s] Level 1:colcon.colcon_core.environment:create_file_with_runtime_dependencies(/home/suxin/English_Path/test111/autonomous_navigation_environment_ego/install/bridge_test/share/colcon-core/packages/bridge_test)
[1.167s] Level 1:colcon.colcon_core.environment:create_environment_scripts_only(ego_planner)
[1.168s] Level 1:colcon.colcon_core.environment:checking '/home/suxin/English_Path/test111/autonomous_navigation_environment_ego/install/ego_planner' for CMake module files
[1.169s] DEBUG:colcon.colcon_core.event_handler.log_command:Invoked command in '/home/suxin/English_Path/test111/autonomous_navigation_environment_ego/build/ego_planner' returned '0': AMENT_PREFIX_PATH=/home/suxin/English_Path/test111/autonomous_navigation_environment_ego/install/traj_utils_so:/home/suxin/English_Path/test111/autonomous_navigation_environment_ego/install/traj_utils:/home/suxin/English_Path/test111/autonomous_navigation_environment_ego/install/quadrotor_msgs:/home/suxin/English_Path/test111/autonomous_navigation_environment_ego/install/plan_env:/home/suxin/English_Path/test111/autonomous_navigation_environment_ego/install/bspline_opt:${AMENT_PREFIX_PATH} CMAKE_PREFIX_PATH=/home/suxin/English_Path/test111/autonomous_navigation_environment_ego/install/traj_utils_so:/home/suxin/English_Path/test111/autonomous_navigation_environment_ego/install/traj_utils:/home/suxin/English_Path/test111/autonomous_navigation_environment_ego/install/quadrotor_msgs:/home/suxin/English_Path/test111/autonomous_navigation_environment_ego/install/plan_env:/opt/ros/foxy:/home/suxin/English_Path/test111/autonomous_navigation_environment_ego/install/path_searching:/home/suxin/English_Path/test111/autonomous_navigation_environment_ego/install/bspline_opt LD_LIBRARY_PATH=/home/suxin/English_Path/test111/autonomous_navigation_environment_ego/install/traj_utils/lib:/home/suxin/English_Path/test111/autonomous_navigation_environment_ego/install/quadrotor_msgs/lib:${LD_LIBRARY_PATH} PKG_CONFIG_PATH=/home/suxin/English_Path/test111/autonomous_navigation_environment_ego/install/path_searching/lib/x86_64-linux-gnu/pkgconfig:/home/suxin/English_Path/test111/autonomous_navigation_environment_ego/install/path_searching/lib/pkgconfig PYTHONPATH=/home/suxin/English_Path/test111/autonomous_navigation_environment_ego/install/traj_utils/lib/python3.8/site-packages:/home/suxin/English_Path/test111/autonomous_navigation_environment_ego/install/quadrotor_msgs/lib/python3.8/site-packages:${PYTHONPATH} ROS_PACKAGE_PATH=/home/suxin/English_Path/test111/autonomous_navigation_environment_ego/install/path_searching/share /usr/bin/cmake --install /home/suxin/English_Path/test111/autonomous_navigation_environment_ego/build/ego_planner
[1.169s] Level 1:colcon.colcon_core.environment:checking '/home/suxin/English_Path/test111/autonomous_navigation_environment_ego/install/ego_planner' for CMake config files
[1.169s] Level 1:colcon.colcon_core.shell:create_environment_hook('ego_planner', 'cmake_prefix_path')
[1.169s] INFO:colcon.colcon_core.shell:Creating environment hook '/home/suxin/English_Path/test111/autonomous_navigation_environment_ego/install/ego_planner/share/ego_planner/hook/cmake_prefix_path.ps1'
[1.170s] INFO:colcon.colcon_core.shell:Creating environment descriptor '/home/suxin/English_Path/test111/autonomous_navigation_environment_ego/install/ego_planner/share/ego_planner/hook/cmake_prefix_path.dsv'
[1.170s] INFO:colcon.colcon_core.shell:Creating environment hook '/home/suxin/English_Path/test111/autonomous_navigation_environment_ego/install/ego_planner/share/ego_planner/hook/cmake_prefix_path.sh'
[1.171s] Level 1:colcon.colcon_core.environment:checking '/home/suxin/English_Path/test111/autonomous_navigation_environment_ego/install/ego_planner/lib'
[1.171s] Level 1:colcon.colcon_core.environment:checking '/home/suxin/English_Path/test111/autonomous_navigation_environment_ego/install/ego_planner/bin'
[1.171s] Level 1:colcon.colcon_core.environment:checking '/home/suxin/English_Path/test111/autonomous_navigation_environment_ego/install/ego_planner/lib/pkgconfig/ego_planner.pc'
[1.171s] Level 1:colcon.colcon_core.environment:checking '/home/suxin/English_Path/test111/autonomous_navigation_environment_ego/install/ego_planner/lib/python3.8/site-packages'
[1.171s] Level 1:colcon.colcon_core.environment:checking '/home/suxin/English_Path/test111/autonomous_navigation_environment_ego/install/ego_planner/bin'
[1.171s] INFO:colcon.colcon_core.shell:Creating package script '/home/suxin/English_Path/test111/autonomous_navigation_environment_ego/install/ego_planner/share/ego_planner/package.ps1'
[1.172s] INFO:colcon.colcon_core.shell:Creating package descriptor '/home/suxin/English_Path/test111/autonomous_navigation_environment_ego/install/ego_planner/share/ego_planner/package.dsv'
[1.172s] INFO:colcon.colcon_core.shell:Creating package script '/home/suxin/English_Path/test111/autonomous_navigation_environment_ego/install/ego_planner/share/ego_planner/package.sh'
[1.172s] INFO:colcon.colcon_core.shell:Creating package script '/home/suxin/English_Path/test111/autonomous_navigation_environment_ego/install/ego_planner/share/ego_planner/package.bash'
[1.173s] INFO:colcon.colcon_core.shell:Creating package script '/home/suxin/English_Path/test111/autonomous_navigation_environment_ego/install/ego_planner/share/ego_planner/package.zsh'
[1.173s] Level 1:colcon.colcon_core.environment:create_file_with_runtime_dependencies(/home/suxin/English_Path/test111/autonomous_navigation_environment_ego/install/ego_planner/share/colcon-core/packages/ego_planner)
[1.177s] Level 1:colcon.colcon_core.environment:create_environment_scripts_only(turtlebot3_gazebo)
[1.177s] Level 1:colcon.colcon_core.environment:checking '/home/suxin/English_Path/test111/autonomous_navigation_environment_ego/install/turtlebot3_gazebo' for CMake module files
[1.177s] Level 1:colcon.colcon_core.environment:checking '/home/suxin/English_Path/test111/autonomous_navigation_environment_ego/install/turtlebot3_gazebo' for CMake config files
[1.178s] Level 1:colcon.colcon_core.shell:create_environment_hook('turtlebot3_gazebo', 'cmake_prefix_path')
[1.178s] INFO:colcon.colcon_core.shell:Creating environment hook '/home/suxin/English_Path/test111/autonomous_navigation_environment_ego/install/turtlebot3_gazebo/share/turtlebot3_gazebo/hook/cmake_prefix_path.ps1'
[1.178s] INFO:colcon.colcon_core.shell:Creating environment descriptor '/home/suxin/English_Path/test111/autonomous_navigation_environment_ego/install/turtlebot3_gazebo/share/turtlebot3_gazebo/hook/cmake_prefix_path.dsv'
[1.178s] INFO:colcon.colcon_core.shell:Creating environment hook '/home/suxin/English_Path/test111/autonomous_navigation_environment_ego/install/turtlebot3_gazebo/share/turtlebot3_gazebo/hook/cmake_prefix_path.sh'
[1.179s] Level 1:colcon.colcon_core.environment:checking '/home/suxin/English_Path/test111/autonomous_navigation_environment_ego/install/turtlebot3_gazebo/lib'
[1.179s] Level 1:colcon.colcon_core.environment:checking '/home/suxin/English_Path/test111/autonomous_navigation_environment_ego/install/turtlebot3_gazebo/bin'
[1.179s] Level 1:colcon.colcon_core.environment:checking '/home/suxin/English_Path/test111/autonomous_navigation_environment_ego/install/turtlebot3_gazebo/lib/pkgconfig/turtlebot3_gazebo.pc'
[1.179s] Level 1:colcon.colcon_core.environment:checking '/home/suxin/English_Path/test111/autonomous_navigation_environment_ego/install/turtlebot3_gazebo/lib/python3.8/site-packages'
[1.179s] Level 1:colcon.colcon_core.environment:checking '/home/suxin/English_Path/test111/autonomous_navigation_environment_ego/install/turtlebot3_gazebo/bin'
[1.180s] INFO:colcon.colcon_core.shell:Creating package script '/home/suxin/English_Path/test111/autonomous_navigation_environment_ego/install/turtlebot3_gazebo/share/turtlebot3_gazebo/package.ps1'
[1.180s] INFO:colcon.colcon_core.shell:Creating package descriptor '/home/suxin/English_Path/test111/autonomous_navigation_environment_ego/install/turtlebot3_gazebo/share/turtlebot3_gazebo/package.dsv'
[1.181s] INFO:colcon.colcon_core.shell:Creating package script '/home/suxin/English_Path/test111/autonomous_navigation_environment_ego/install/turtlebot3_gazebo/share/turtlebot3_gazebo/package.sh'
[1.181s] INFO:colcon.colcon_core.shell:Creating package script '/home/suxin/English_Path/test111/autonomous_navigation_environment_ego/install/turtlebot3_gazebo/share/turtlebot3_gazebo/package.bash'
[1.181s] INFO:colcon.colcon_core.shell:Creating package script '/home/suxin/English_Path/test111/autonomous_navigation_environment_ego/install/turtlebot3_gazebo/share/turtlebot3_gazebo/package.zsh'
[1.182s] Level 1:colcon.colcon_core.environment:create_file_with_runtime_dependencies(/home/suxin/English_Path/test111/autonomous_navigation_environment_ego/install/turtlebot3_gazebo/share/colcon-core/packages/turtlebot3_gazebo)
[1.183s] INFO:colcon.colcon_ros.task.ament_cmake.build:Building ROS package in '/home/suxin/English_Path/test111/autonomous_navigation_environment_ego/src/simulation_gazebo_model/launch_files/turtlebot3_simulations' with build type 'ament_cmake'
[1.183s] INFO:colcon.colcon_cmake.task.cmake.build:Building CMake package in '/home/suxin/English_Path/test111/autonomous_navigation_environment_ego/src/simulation_gazebo_model/launch_files/turtlebot3_simulations'
[1.183s] INFO:colcon.colcon_core.shell:Skip shell extension 'powershell' for command environment: Not usable outside of PowerShell
[1.183s] DEBUG:colcon.colcon_core.shell:Skip shell extension 'dsv' for command environment
[1.187s] Level 1:colcon.colcon_core.shell:create_environment_hook('visualization_tools_py', 'pythonpath_develop')
[1.188s] INFO:colcon.colcon_core.shell:Creating environment hook '/home/suxin/English_Path/test111/autonomous_navigation_environment_ego/build/visualization_tools_py/share/visualization_tools_py/hook/pythonpath_develop.ps1'
[1.188s] DEBUG:colcon.colcon_core.event_handler.log_command:Invoked command in '/home/suxin/English_Path/test111/autonomous_navigation_environment_ego/build/visualization_tools_py' returned '0': PYTHONPATH=/home/suxin/English_Path/test111/autonomous_navigation_environment_ego/build/visualization_tools_py/prefix_override:/usr/lib/python3/dist-packages/colcon_core/task/python/colcon_distutils_commands:/home/suxin/English_Path/test111/autonomous_navigation_environment_ego/install/visualization_tools_py/lib/python3.8/site-packages:${PYTHONPATH} /usr/bin/python3 -W ignore:setup.py install is deprecated setup.py develop --editable --build-directory /home/suxin/English_Path/test111/autonomous_navigation_environment_ego/build/visualization_tools_py/build --no-deps symlink_data
[1.189s] INFO:colcon.colcon_core.shell:Creating environment descriptor '/home/suxin/English_Path/test111/autonomous_navigation_environment_ego/build/visualization_tools_py/share/visualization_tools_py/hook/pythonpath_develop.dsv'
[1.189s] INFO:colcon.colcon_core.shell:Creating environment hook '/home/suxin/English_Path/test111/autonomous_navigation_environment_ego/build/visualization_tools_py/share/visualization_tools_py/hook/pythonpath_develop.sh'
[1.189s] Level 1:colcon.colcon_core.environment:checking '/home/suxin/English_Path/test111/autonomous_navigation_environment_ego/install/visualization_tools_py' for CMake module files
[1.190s] Level 1:colcon.colcon_core.environment:checking '/home/suxin/English_Path/test111/autonomous_navigation_environment_ego/install/visualization_tools_py' for CMake config files
[1.190s] Level 1:colcon.colcon_core.environment:checking '/home/suxin/English_Path/test111/autonomous_navigation_environment_ego/install/visualization_tools_py/lib'
[1.191s] Level 1:colcon.colcon_core.environment:checking '/home/suxin/English_Path/test111/autonomous_navigation_environment_ego/install/visualization_tools_py/bin'
[1.191s] Level 1:colcon.colcon_core.environment:checking '/home/suxin/English_Path/test111/autonomous_navigation_environment_ego/install/visualization_tools_py/lib/pkgconfig/visualization_tools_py.pc'
[1.191s] Level 1:colcon.colcon_core.environment:checking '/home/suxin/English_Path/test111/autonomous_navigation_environment_ego/install/visualization_tools_py/lib/python3.8/site-packages'
[1.191s] Level 1:colcon.colcon_core.shell:create_environment_hook('visualization_tools_py', 'pythonpath')
[1.191s] INFO:colcon.colcon_core.shell:Creating environment hook '/home/suxin/English_Path/test111/autonomous_navigation_environment_ego/install/visualization_tools_py/share/visualization_tools_py/hook/pythonpath.ps1'
[1.191s] INFO:colcon.colcon_core.shell:Creating environment descriptor '/home/suxin/English_Path/test111/autonomous_navigation_environment_ego/install/visualization_tools_py/share/visualization_tools_py/hook/pythonpath.dsv'
[1.192s] INFO:colcon.colcon_core.shell:Creating environment hook '/home/suxin/English_Path/test111/autonomous_navigation_environment_ego/install/visualization_tools_py/share/visualization_tools_py/hook/pythonpath.sh'
[1.192s] Level 1:colcon.colcon_core.environment:checking '/home/suxin/English_Path/test111/autonomous_navigation_environment_ego/install/visualization_tools_py/bin'
[1.192s] Level 1:colcon.colcon_core.environment:create_environment_scripts_only(visualization_tools_py)
[1.192s] INFO:colcon.colcon_core.shell:Creating package script '/home/suxin/English_Path/test111/autonomous_navigation_environment_ego/install/visualization_tools_py/share/visualization_tools_py/package.ps1'
[1.193s] INFO:colcon.colcon_core.shell:Creating package descriptor '/home/suxin/English_Path/test111/autonomous_navigation_environment_ego/install/visualization_tools_py/share/visualization_tools_py/package.dsv'
[1.193s] INFO:colcon.colcon_core.shell:Creating package script '/home/suxin/English_Path/test111/autonomous_navigation_environment_ego/install/visualization_tools_py/share/visualization_tools_py/package.sh'
[1.194s] INFO:colcon.colcon_core.shell:Creating package script '/home/suxin/English_Path/test111/autonomous_navigation_environment_ego/install/visualization_tools_py/share/visualization_tools_py/package.bash'
[1.194s] INFO:colcon.colcon_core.shell:Creating package script '/home/suxin/English_Path/test111/autonomous_navigation_environment_ego/install/visualization_tools_py/share/visualization_tools_py/package.zsh'
[1.194s] Level 1:colcon.colcon_core.environment:create_file_with_runtime_dependencies(/home/suxin/English_Path/test111/autonomous_navigation_environment_ego/install/visualization_tools_py/share/colcon-core/packages/visualization_tools_py)
[1.196s] Level 1:colcon.colcon_core.environment:create_environment_scripts_only(bridge_test)
[1.196s] Level 1:colcon.colcon_core.environment:checking '/home/suxin/English_Path/test111/autonomous_navigation_environment_ego/install/bridge_test' for CMake module files
[1.196s] Level 1:colcon.colcon_core.environment:checking '/home/suxin/English_Path/test111/autonomous_navigation_environment_ego/install/bridge_test' for CMake config files
[1.197s] Level 1:colcon.colcon_core.shell:create_environment_hook('bridge_test', 'cmake_prefix_path')
[1.197s] INFO:colcon.colcon_core.shell:Creating environment hook '/home/suxin/English_Path/test111/autonomous_navigation_environment_ego/install/bridge_test/share/bridge_test/hook/cmake_prefix_path.ps1'
[1.197s] INFO:colcon.colcon_core.shell:Creating environment descriptor '/home/suxin/English_Path/test111/autonomous_navigation_environment_ego/install/bridge_test/share/bridge_test/hook/cmake_prefix_path.dsv'
[1.197s] INFO:colcon.colcon_core.shell:Creating environment hook '/home/suxin/English_Path/test111/autonomous_navigation_environment_ego/install/bridge_test/share/bridge_test/hook/cmake_prefix_path.sh'
[1.198s] Level 1:colcon.colcon_core.environment:checking '/home/suxin/English_Path/test111/autonomous_navigation_environment_ego/install/bridge_test/lib'
[1.198s] Level 1:colcon.colcon_core.environment:checking '/home/suxin/English_Path/test111/autonomous_navigation_environment_ego/install/bridge_test/bin'
[1.198s] Level 1:colcon.colcon_core.environment:checking '/home/suxin/English_Path/test111/autonomous_navigation_environment_ego/install/bridge_test/lib/pkgconfig/bridge_test.pc'
[1.198s] Level 1:colcon.colcon_core.environment:checking '/home/suxin/English_Path/test111/autonomous_navigation_environment_ego/install/bridge_test/lib/python3.8/site-packages'
[1.198s] Level 1:colcon.colcon_core.environment:checking '/home/suxin/English_Path/test111/autonomous_navigation_environment_ego/install/bridge_test/bin'
[1.198s] INFO:colcon.colcon_core.shell:Creating package script '/home/suxin/English_Path/test111/autonomous_navigation_environment_ego/install/bridge_test/share/bridge_test/package.ps1'
[1.199s] INFO:colcon.colcon_core.shell:Creating package descriptor '/home/suxin/English_Path/test111/autonomous_navigation_environment_ego/install/bridge_test/share/bridge_test/package.dsv'
[1.199s] INFO:colcon.colcon_core.shell:Creating package script '/home/suxin/English_Path/test111/autonomous_navigation_environment_ego/install/bridge_test/share/bridge_test/package.sh'
[1.199s] INFO:colcon.colcon_core.shell:Creating package script '/home/suxin/English_Path/test111/autonomous_navigation_environment_ego/install/bridge_test/share/bridge_test/package.bash'
[1.200s] INFO:colcon.colcon_core.shell:Creating package script '/home/suxin/English_Path/test111/autonomous_navigation_environment_ego/install/bridge_test/share/bridge_test/package.zsh'
[1.200s] Level 1:colcon.colcon_core.environment:create_file_with_runtime_dependencies(/home/suxin/English_Path/test111/autonomous_navigation_environment_ego/install/bridge_test/share/colcon-core/packages/bridge_test)
[1.201s] Level 1:colcon.colcon_core.environment:create_environment_scripts_only(ego_planner)
[1.201s] Level 1:colcon.colcon_core.environment:checking '/home/suxin/English_Path/test111/autonomous_navigation_environment_ego/install/ego_planner' for CMake module files
[1.202s] Level 1:colcon.colcon_core.environment:checking '/home/suxin/English_Path/test111/autonomous_navigation_environment_ego/install/ego_planner' for CMake config files
[1.202s] Level 1:colcon.colcon_core.shell:create_environment_hook('ego_planner', 'cmake_prefix_path')
[1.202s] INFO:colcon.colcon_core.shell:Creating environment hook '/home/suxin/English_Path/test111/autonomous_navigation_environment_ego/install/ego_planner/share/ego_planner/hook/cmake_prefix_path.ps1'
[1.203s] INFO:colcon.colcon_core.shell:Creating environment descriptor '/home/suxin/English_Path/test111/autonomous_navigation_environment_ego/install/ego_planner/share/ego_planner/hook/cmake_prefix_path.dsv'
[1.203s] INFO:colcon.colcon_core.shell:Creating environment hook '/home/suxin/English_Path/test111/autonomous_navigation_environment_ego/install/ego_planner/share/ego_planner/hook/cmake_prefix_path.sh'
[1.203s] Level 1:colcon.colcon_core.environment:checking '/home/suxin/English_Path/test111/autonomous_navigation_environment_ego/install/ego_planner/lib'
[1.203s] Level 1:colcon.colcon_core.environment:checking '/home/suxin/English_Path/test111/autonomous_navigation_environment_ego/install/ego_planner/bin'
[1.203s] Level 1:colcon.colcon_core.environment:checking '/home/suxin/English_Path/test111/autonomous_navigation_environment_ego/install/ego_planner/lib/pkgconfig/ego_planner.pc'
[1.204s] Level 1:colcon.colcon_core.environment:checking '/home/suxin/English_Path/test111/autonomous_navigation_environment_ego/install/ego_planner/lib/python3.8/site-packages'
[1.204s] Level 1:colcon.colcon_core.environment:checking '/home/suxin/English_Path/test111/autonomous_navigation_environment_ego/install/ego_planner/bin'
[1.204s] INFO:colcon.colcon_core.shell:Creating package script '/home/suxin/English_Path/test111/autonomous_navigation_environment_ego/install/ego_planner/share/ego_planner/package.ps1'
[1.204s] INFO:colcon.colcon_core.shell:Creating package descriptor '/home/suxin/English_Path/test111/autonomous_navigation_environment_ego/install/ego_planner/share/ego_planner/package.dsv'
[1.205s] INFO:colcon.colcon_core.shell:Creating package script '/home/suxin/English_Path/test111/autonomous_navigation_environment_ego/install/ego_planner/share/ego_planner/package.sh'
[1.205s] INFO:colcon.colcon_core.shell:Creating package script '/home/suxin/English_Path/test111/autonomous_navigation_environment_ego/install/ego_planner/share/ego_planner/package.bash'
[1.205s] INFO:colcon.colcon_core.shell:Creating package script '/home/suxin/English_Path/test111/autonomous_navigation_environment_ego/install/ego_planner/share/ego_planner/package.zsh'
[1.206s] Level 1:colcon.colcon_core.environment:create_file_with_runtime_dependencies(/home/suxin/English_Path/test111/autonomous_navigation_environment_ego/install/ego_planner/share/colcon-core/packages/ego_planner)
[1.210s] DEBUG:colcon.colcon_core.event_handler.log_command:Invoking command in '/home/suxin/English_Path/test111/autonomous_navigation_environment_ego/build/turtlebot3_simulations': AMENT_PREFIX_PATH=/home/suxin/English_Path/test111/autonomous_navigation_environment_ego/install/turtlebot3_gazebo:/home/suxin/English_Path/test111/autonomous_navigation_environment_ego/install/turtlebot3_fake_node:/home/suxin/English_Path/test111/autonomous_navigation_environment_ego/install/turtlebot3_description:${AMENT_PREFIX_PATH} CMAKE_PREFIX_PATH=/home/suxin/English_Path/test111/autonomous_navigation_environment_ego/install/turtlebot3_gazebo:/home/suxin/English_Path/test111/autonomous_navigation_environment_ego/install/turtlebot3_fake_node:/home/suxin/English_Path/test111/autonomous_navigation_environment_ego/install/turtlebot3_description:/opt/ros/foxy /usr/bin/cmake --build /home/suxin/English_Path/test111/autonomous_navigation_environment_ego/build/turtlebot3_simulations -- -j20 -l20
[1.231s] DEBUG:colcon.colcon_core.event_handler.log_command:Invoked command in '/home/suxin/English_Path/test111/autonomous_navigation_environment_ego/build/turtlebot3_simulations' returned '0': AMENT_PREFIX_PATH=/home/suxin/English_Path/test111/autonomous_navigation_environment_ego/install/turtlebot3_gazebo:/home/suxin/English_Path/test111/autonomous_navigation_environment_ego/install/turtlebot3_fake_node:/home/suxin/English_Path/test111/autonomous_navigation_environment_ego/install/turtlebot3_description:${AMENT_PREFIX_PATH} CMAKE_PREFIX_PATH=/home/suxin/English_Path/test111/autonomous_navigation_environment_ego/install/turtlebot3_gazebo:/home/suxin/English_Path/test111/autonomous_navigation_environment_ego/install/turtlebot3_fake_node:/home/suxin/English_Path/test111/autonomous_navigation_environment_ego/install/turtlebot3_description:/opt/ros/foxy /usr/bin/cmake --build /home/suxin/English_Path/test111/autonomous_navigation_environment_ego/build/turtlebot3_simulations -- -j20 -l20
[1.245s] DEBUG:colcon.colcon_core.event_handler.log_command:Invoking command in '/home/suxin/English_Path/test111/autonomous_navigation_environment_ego/build/turtlebot3_simulations': AMENT_PREFIX_PATH=/home/suxin/English_Path/test111/autonomous_navigation_environment_ego/install/turtlebot3_gazebo:/home/suxin/English_Path/test111/autonomous_navigation_environment_ego/install/turtlebot3_fake_node:/home/suxin/English_Path/test111/autonomous_navigation_environment_ego/install/turtlebot3_description:${AMENT_PREFIX_PATH} CMAKE_PREFIX_PATH=/home/suxin/English_Path/test111/autonomous_navigation_environment_ego/install/turtlebot3_gazebo:/home/suxin/English_Path/test111/autonomous_navigation_environment_ego/install/turtlebot3_fake_node:/home/suxin/English_Path/test111/autonomous_navigation_environment_ego/install/turtlebot3_description:/opt/ros/foxy /usr/bin/cmake --install /home/suxin/English_Path/test111/autonomous_navigation_environment_ego/build/turtlebot3_simulations
[1.257s] Level 1:colcon.colcon_core.environment:create_environment_scripts_only(turtlebot3_simulations)
[1.257s] Level 1:colcon.colcon_core.environment:checking '/home/suxin/English_Path/test111/autonomous_navigation_environment_ego/install/turtlebot3_simulations' for CMake module files
[1.258s] DEBUG:colcon.colcon_core.event_handler.log_command:Invoked command in '/home/suxin/English_Path/test111/autonomous_navigation_environment_ego/build/turtlebot3_simulations' returned '0': AMENT_PREFIX_PATH=/home/suxin/English_Path/test111/autonomous_navigation_environment_ego/install/turtlebot3_gazebo:/home/suxin/English_Path/test111/autonomous_navigation_environment_ego/install/turtlebot3_fake_node:/home/suxin/English_Path/test111/autonomous_navigation_environment_ego/install/turtlebot3_description:${AMENT_PREFIX_PATH} CMAKE_PREFIX_PATH=/home/suxin/English_Path/test111/autonomous_navigation_environment_ego/install/turtlebot3_gazebo:/home/suxin/English_Path/test111/autonomous_navigation_environment_ego/install/turtlebot3_fake_node:/home/suxin/English_Path/test111/autonomous_navigation_environment_ego/install/turtlebot3_description:/opt/ros/foxy /usr/bin/cmake --install /home/suxin/English_Path/test111/autonomous_navigation_environment_ego/build/turtlebot3_simulations
[1.258s] Level 1:colcon.colcon_core.environment:checking '/home/suxin/English_Path/test111/autonomous_navigation_environment_ego/install/turtlebot3_simulations' for CMake config files
[1.258s] Level 1:colcon.colcon_core.shell:create_environment_hook('turtlebot3_simulations', 'cmake_prefix_path')
[1.258s] INFO:colcon.colcon_core.shell:Creating environment hook '/home/suxin/English_Path/test111/autonomous_navigation_environment_ego/install/turtlebot3_simulations/share/turtlebot3_simulations/hook/cmake_prefix_path.ps1'
[1.259s] INFO:colcon.colcon_core.shell:Creating environment descriptor '/home/suxin/English_Path/test111/autonomous_navigation_environment_ego/install/turtlebot3_simulations/share/turtlebot3_simulations/hook/cmake_prefix_path.dsv'
[1.259s] INFO:colcon.colcon_core.shell:Creating environment hook '/home/suxin/English_Path/test111/autonomous_navigation_environment_ego/install/turtlebot3_simulations/share/turtlebot3_simulations/hook/cmake_prefix_path.sh'
[1.260s] Level 1:colcon.colcon_core.environment:checking '/home/suxin/English_Path/test111/autonomous_navigation_environment_ego/install/turtlebot3_simulations/bin'
[1.260s] Level 1:colcon.colcon_core.environment:checking '/home/suxin/English_Path/test111/autonomous_navigation_environment_ego/install/turtlebot3_simulations/lib/pkgconfig/turtlebot3_simulations.pc'
[1.260s] Level 1:colcon.colcon_core.environment:checking '/home/suxin/English_Path/test111/autonomous_navigation_environment_ego/install/turtlebot3_simulations/lib/python3.8/site-packages'
[1.260s] Level 1:colcon.colcon_core.environment:checking '/home/suxin/English_Path/test111/autonomous_navigation_environment_ego/install/turtlebot3_simulations/bin'
[1.260s] INFO:colcon.colcon_core.shell:Creating package script '/home/suxin/English_Path/test111/autonomous_navigation_environment_ego/install/turtlebot3_simulations/share/turtlebot3_simulations/package.ps1'
[1.261s] INFO:colcon.colcon_core.shell:Creating package descriptor '/home/suxin/English_Path/test111/autonomous_navigation_environment_ego/install/turtlebot3_simulations/share/turtlebot3_simulations/package.dsv'
[1.261s] INFO:colcon.colcon_core.shell:Creating package script '/home/suxin/English_Path/test111/autonomous_navigation_environment_ego/install/turtlebot3_simulations/share/turtlebot3_simulations/package.sh'
[1.262s] INFO:colcon.colcon_core.shell:Creating package script '/home/suxin/English_Path/test111/autonomous_navigation_environment_ego/install/turtlebot3_simulations/share/turtlebot3_simulations/package.bash'
[1.262s] INFO:colcon.colcon_core.shell:Creating package script '/home/suxin/English_Path/test111/autonomous_navigation_environment_ego/install/turtlebot3_simulations/share/turtlebot3_simulations/package.zsh'
[1.262s] Level 1:colcon.colcon_core.environment:create_file_with_runtime_dependencies(/home/suxin/English_Path/test111/autonomous_navigation_environment_ego/install/turtlebot3_simulations/share/colcon-core/packages/turtlebot3_simulations)
[1.275s] Level 1:colcon.colcon_core.environment:create_environment_scripts_only(turtlebot3_simulations)
[1.275s] Level 1:colcon.colcon_core.environment:checking '/home/suxin/English_Path/test111/autonomous_navigation_environment_ego/install/turtlebot3_simulations' for CMake module files
[1.276s] Level 1:colcon.colcon_core.environment:checking '/home/suxin/English_Path/test111/autonomous_navigation_environment_ego/install/turtlebot3_simulations' for CMake config files
[1.276s] Level 1:colcon.colcon_core.shell:create_environment_hook('turtlebot3_simulations', 'cmake_prefix_path')
[1.276s] INFO:colcon.colcon_core.shell:Creating environment hook '/home/suxin/English_Path/test111/autonomous_navigation_environment_ego/install/turtlebot3_simulations/share/turtlebot3_simulations/hook/cmake_prefix_path.ps1'
[1.277s] INFO:colcon.colcon_core.shell:Creating environment descriptor '/home/suxin/English_Path/test111/autonomous_navigation_environment_ego/install/turtlebot3_simulations/share/turtlebot3_simulations/hook/cmake_prefix_path.dsv'
[1.277s] INFO:colcon.colcon_core.shell:Creating environment hook '/home/suxin/English_Path/test111/autonomous_navigation_environment_ego/install/turtlebot3_simulations/share/turtlebot3_simulations/hook/cmake_prefix_path.sh'
[1.278s] Level 1:colcon.colcon_core.environment:checking '/home/suxin/English_Path/test111/autonomous_navigation_environment_ego/install/turtlebot3_simulations/bin'
[1.278s] Level 1:colcon.colcon_core.environment:checking '/home/suxin/English_Path/test111/autonomous_navigation_environment_ego/install/turtlebot3_simulations/lib/pkgconfig/turtlebot3_simulations.pc'
[1.278s] Level 1:colcon.colcon_core.environment:checking '/home/suxin/English_Path/test111/autonomous_navigation_environment_ego/install/turtlebot3_simulations/lib/python3.8/site-packages'
[1.278s] Level 1:colcon.colcon_core.environment:checking '/home/suxin/English_Path/test111/autonomous_navigation_environment_ego/install/turtlebot3_simulations/bin'
[1.278s] INFO:colcon.colcon_core.shell:Creating package script '/home/suxin/English_Path/test111/autonomous_navigation_environment_ego/install/turtlebot3_simulations/share/turtlebot3_simulations/package.ps1'
[1.279s] INFO:colcon.colcon_core.shell:Creating package descriptor '/home/suxin/English_Path/test111/autonomous_navigation_environment_ego/install/turtlebot3_simulations/share/turtlebot3_simulations/package.dsv'
[1.279s] INFO:colcon.colcon_core.shell:Creating package script '/home/suxin/English_Path/test111/autonomous_navigation_environment_ego/install/turtlebot3_simulations/share/turtlebot3_simulations/package.sh'
[1.280s] INFO:colcon.colcon_core.shell:Creating package script '/home/suxin/English_Path/test111/autonomous_navigation_environment_ego/install/turtlebot3_simulations/share/turtlebot3_simulations/package.bash'
[1.280s] INFO:colcon.colcon_core.shell:Creating package script '/home/suxin/English_Path/test111/autonomous_navigation_environment_ego/install/turtlebot3_simulations/share/turtlebot3_simulations/package.zsh'
[1.280s] Level 1:colcon.colcon_core.environment:create_file_with_runtime_dependencies(/home/suxin/English_Path/test111/autonomous_navigation_environment_ego/install/turtlebot3_simulations/share/colcon-core/packages/turtlebot3_simulations)
[1.280s] DEBUG:colcon.colcon_parallel_executor.executor.parallel:closing loop
[1.281s] DEBUG:colcon.colcon_parallel_executor.executor.parallel:loop closed
[1.281s] DEBUG:colcon.colcon_parallel_executor.executor.parallel:run_until_complete finished with '0'
[1.281s] DEBUG:colcon.colcon_core.event_reactor:joining thread
[1.286s] INFO:colcon.colcon_core.plugin_system:Skipping extension 'colcon_notification.desktop_notification.terminal_notifier': Not used on non-Darwin systems
[1.286s] INFO:colcon.colcon_core.plugin_system:Skipping extension 'colcon_notification.desktop_notification.win32': Not used on non-Windows systems
[1.286s] INFO:colcon.colcon_notification.desktop_notification:Sending desktop notification using 'notify2'
[1.314s] DEBUG:colcon.colcon_core.event_reactor:joined thread
[1.314s] INFO:colcon.colcon_core.shell:Creating prefix script '/home/suxin/English_Path/test111/autonomous_navigation_environment_ego/install/local_setup.ps1'
[1.315s] INFO:colcon.colcon_core.shell:Creating prefix util module '/home/suxin/English_Path/test111/autonomous_navigation_environment_ego/install/_local_setup_util_ps1.py'
[1.317s] INFO:colcon.colcon_core.shell:Creating prefix chain script '/home/suxin/English_Path/test111/autonomous_navigation_environment_ego/install/setup.ps1'
[1.318s] INFO:colcon.colcon_core.shell:Creating prefix script '/home/suxin/English_Path/test111/autonomous_navigation_environment_ego/install/local_setup.sh'
[1.319s] INFO:colcon.colcon_core.shell:Creating prefix util module '/home/suxin/English_Path/test111/autonomous_navigation_environment_ego/install/_local_setup_util_sh.py'
[1.320s] INFO:colcon.colcon_core.shell:Creating prefix chain script '/home/suxin/English_Path/test111/autonomous_navigation_environment_ego/install/setup.sh'
[1.320s] INFO:colcon.colcon_core.shell:Creating prefix script '/home/suxin/English_Path/test111/autonomous_navigation_environment_ego/install/local_setup.bash'
[1.321s] INFO:colcon.colcon_core.shell:Creating prefix chain script '/home/suxin/English_Path/test111/autonomous_navigation_environment_ego/install/setup.bash'
[1.322s] INFO:colcon.colcon_core.shell:Creating prefix script '/home/suxin/English_Path/test111/autonomous_navigation_environment_ego/install/local_setup.zsh'
[1.322s] INFO:colcon.colcon_core.shell:Creating prefix chain script '/home/suxin/English_Path/test111/autonomous_navigation_environment_ego/install/setup.zsh'
