[0.112s] DEBUG:colcon:Command line arguments: ['/usr/bin/colcon', 'build', '--symlink-install']
[0.112s] DEBUG:colcon:Parsed command line arguments: Namespace(allow_overriding=[], ament_cmake_args=None, base_paths=['.'], build_base='build', catkin_cmake_args=None, catkin_skip_building_tests=False, cmake_args=None, cmake_clean_cache=False, cmake_clean_first=False, cmake_force_configure=False, cmake_target=None, cmake_target_skip_unavailable=False, continue_on_error=False, event_handlers=None, executor='parallel', ignore_user_meta=False, install_base='install', log_base=None, log_level=None, main=<bound method BuildVerb.main of <colcon_core.verb.build.BuildVerb object at 0x7ff1b8fc5310>>, merge_install=False, metas=['./colcon.meta'], packages_above=None, packages_above_and_dependencies=None, packages_above_depth=None, packages_end=None, packages_ignore=None, packages_ignore_regex=None, packages_select=None, packages_select_build_failed=False, packages_select_by_dep=None, packages_select_regex=None, packages_select_test_failures=False, packages_skip=None, packages_skip_build_finished=False, packages_skip_by_dep=None, packages_skip_regex=None, packages_skip_test_passed=False, packages_skip_up_to=None, packages_start=None, packages_up_to=None, packages_up_to_regex=None, parallel_workers=20, paths=None, symlink_install=True, test_result_base=None, verb_extension=<colcon_core.verb.build.BuildVerb object at 0x7ff1b8fc5310>, verb_name='build', verb_parser=<colcon_defaults.argument_parser.defaults.DefaultArgumentsDecorator object at 0x7ff1b8fd3040>)
[0.187s] Level 1:colcon.colcon_core.package_discovery:discover_packages(colcon_meta) check parameters
[0.188s] Level 1:colcon.colcon_core.package_discovery:discover_packages(recursive) check parameters
[0.188s] Level 1:colcon.colcon_core.package_discovery:discover_packages(ignore) check parameters
[0.188s] Level 1:colcon.colcon_core.package_discovery:discover_packages(path) check parameters
[0.188s] Level 1:colcon.colcon_core.package_discovery:discover_packages(colcon_meta) discover
[0.188s] Level 1:colcon.colcon_core.package_discovery:discover_packages(recursive) discover
[0.188s] INFO:colcon.colcon_core.package_discovery:Crawling recursively for packages in '/home/suxin/English_Path/test111/autonomous_navigation_environment_ego'
[0.188s] Level 1:colcon.colcon_core.package_identification:_identify(.) by extensions ['ignore', 'ignore_ament_install']
[0.188s] Level 1:colcon.colcon_core.package_identification:_identify(.) by extension 'ignore'
[0.188s] Level 1:colcon.colcon_core.package_identification:_identify(.) by extension 'ignore_ament_install'
[0.188s] Level 1:colcon.colcon_core.package_identification:_identify(.) by extensions ['colcon_pkg']
[0.188s] Level 1:colcon.colcon_core.package_identification:_identify(.) by extension 'colcon_pkg'
[0.188s] Level 1:colcon.colcon_core.package_identification:_identify(.) by extensions ['colcon_meta']
[0.188s] Level 1:colcon.colcon_core.package_identification:_identify(.) by extension 'colcon_meta'
[0.188s] Level 1:colcon.colcon_core.package_identification:_identify(.) by extensions ['ros']
[0.188s] Level 1:colcon.colcon_core.package_identification:_identify(.) by extension 'ros'
[0.194s] Level 1:colcon.colcon_core.package_identification:_identify(.) by extensions ['cmake', 'python']
[0.194s] Level 1:colcon.colcon_core.package_identification:_identify(.) by extension 'cmake'
[0.194s] Level 1:colcon.colcon_core.package_identification:_identify(.) by extension 'python'
[0.194s] Level 1:colcon.colcon_core.package_identification:_identify(.) by extensions ['python_setup_py']
[0.194s] Level 1:colcon.colcon_core.package_identification:_identify(.) by extension 'python_setup_py'
[0.194s] Level 1:colcon.colcon_core.package_identification:_identify(build) by extensions ['ignore', 'ignore_ament_install']
[0.194s] Level 1:colcon.colcon_core.package_identification:_identify(build) by extension 'ignore'
[0.194s] Level 1:colcon.colcon_core.package_identification:_identify(build) ignored
[0.194s] Level 1:colcon.colcon_core.package_identification:_identify(install) by extensions ['ignore', 'ignore_ament_install']
[0.194s] Level 1:colcon.colcon_core.package_identification:_identify(install) by extension 'ignore'
[0.194s] Level 1:colcon.colcon_core.package_identification:_identify(install) ignored
[0.194s] Level 1:colcon.colcon_core.package_identification:_identify(log) by extensions ['ignore', 'ignore_ament_install']
[0.194s] Level 1:colcon.colcon_core.package_identification:_identify(log) by extension 'ignore'
[0.194s] Level 1:colcon.colcon_core.package_identification:_identify(log) ignored
[0.194s] Level 1:colcon.colcon_core.package_identification:_identify(src) by extensions ['ignore', 'ignore_ament_install']
[0.194s] Level 1:colcon.colcon_core.package_identification:_identify(src) by extension 'ignore'
[0.194s] Level 1:colcon.colcon_core.package_identification:_identify(src) by extension 'ignore_ament_install'
[0.194s] Level 1:colcon.colcon_core.package_identification:_identify(src) by extensions ['colcon_pkg']
[0.194s] Level 1:colcon.colcon_core.package_identification:_identify(src) by extension 'colcon_pkg'
[0.194s] Level 1:colcon.colcon_core.package_identification:_identify(src) by extensions ['colcon_meta']
[0.194s] Level 1:colcon.colcon_core.package_identification:_identify(src) by extension 'colcon_meta'
[0.194s] Level 1:colcon.colcon_core.package_identification:_identify(src) by extensions ['ros']
[0.194s] Level 1:colcon.colcon_core.package_identification:_identify(src) by extension 'ros'
[0.194s] Level 1:colcon.colcon_core.package_identification:_identify(src) by extensions ['cmake', 'python']
[0.194s] Level 1:colcon.colcon_core.package_identification:_identify(src) by extension 'cmake'
[0.194s] Level 1:colcon.colcon_core.package_identification:_identify(src) by extension 'python'
[0.195s] Level 1:colcon.colcon_core.package_identification:_identify(src) by extensions ['python_setup_py']
[0.195s] Level 1:colcon.colcon_core.package_identification:_identify(src) by extension 'python_setup_py'
[0.195s] Level 1:colcon.colcon_core.package_identification:_identify(src/ego_planner_ros2) by extensions ['ignore', 'ignore_ament_install']
[0.195s] Level 1:colcon.colcon_core.package_identification:_identify(src/ego_planner_ros2) by extension 'ignore'
[0.195s] Level 1:colcon.colcon_core.package_identification:_identify(src/ego_planner_ros2) by extension 'ignore_ament_install'
[0.195s] Level 1:colcon.colcon_core.package_identification:_identify(src/ego_planner_ros2) by extensions ['colcon_pkg']
[0.195s] Level 1:colcon.colcon_core.package_identification:_identify(src/ego_planner_ros2) by extension 'colcon_pkg'
[0.195s] Level 1:colcon.colcon_core.package_identification:_identify(src/ego_planner_ros2) by extensions ['colcon_meta']
[0.195s] Level 1:colcon.colcon_core.package_identification:_identify(src/ego_planner_ros2) by extension 'colcon_meta'
[0.195s] Level 1:colcon.colcon_core.package_identification:_identify(src/ego_planner_ros2) by extensions ['ros']
[0.195s] Level 1:colcon.colcon_core.package_identification:_identify(src/ego_planner_ros2) by extension 'ros'
[0.195s] Level 1:colcon.colcon_core.package_identification:_identify(src/ego_planner_ros2) by extensions ['cmake', 'python']
[0.195s] Level 1:colcon.colcon_core.package_identification:_identify(src/ego_planner_ros2) by extension 'cmake'
[0.195s] Level 1:colcon.colcon_core.package_identification:_identify(src/ego_planner_ros2) by extension 'python'
[0.195s] Level 1:colcon.colcon_core.package_identification:_identify(src/ego_planner_ros2) by extensions ['python_setup_py']
[0.195s] Level 1:colcon.colcon_core.package_identification:_identify(src/ego_planner_ros2) by extension 'python_setup_py'
[0.195s] Level 1:colcon.colcon_core.package_identification:_identify(src/ego_planner_ros2/src) by extensions ['ignore', 'ignore_ament_install']
[0.195s] Level 1:colcon.colcon_core.package_identification:_identify(src/ego_planner_ros2/src) by extension 'ignore'
[0.195s] Level 1:colcon.colcon_core.package_identification:_identify(src/ego_planner_ros2/src) by extension 'ignore_ament_install'
[0.195s] Level 1:colcon.colcon_core.package_identification:_identify(src/ego_planner_ros2/src) by extensions ['colcon_pkg']
[0.195s] Level 1:colcon.colcon_core.package_identification:_identify(src/ego_planner_ros2/src) by extension 'colcon_pkg'
[0.195s] Level 1:colcon.colcon_core.package_identification:_identify(src/ego_planner_ros2/src) by extensions ['colcon_meta']
[0.195s] Level 1:colcon.colcon_core.package_identification:_identify(src/ego_planner_ros2/src) by extension 'colcon_meta'
[0.195s] Level 1:colcon.colcon_core.package_identification:_identify(src/ego_planner_ros2/src) by extensions ['ros']
[0.195s] Level 1:colcon.colcon_core.package_identification:_identify(src/ego_planner_ros2/src) by extension 'ros'
[0.195s] Level 1:colcon.colcon_core.package_identification:_identify(src/ego_planner_ros2/src) by extensions ['cmake', 'python']
[0.195s] Level 1:colcon.colcon_core.package_identification:_identify(src/ego_planner_ros2/src) by extension 'cmake'
[0.195s] Level 1:colcon.colcon_core.package_identification:_identify(src/ego_planner_ros2/src) by extension 'python'
[0.195s] Level 1:colcon.colcon_core.package_identification:_identify(src/ego_planner_ros2/src) by extensions ['python_setup_py']
[0.195s] Level 1:colcon.colcon_core.package_identification:_identify(src/ego_planner_ros2/src) by extension 'python_setup_py'
[0.195s] Level 1:colcon.colcon_core.package_identification:_identify(src/ego_planner_ros2/src/planner) by extensions ['ignore', 'ignore_ament_install']
[0.195s] Level 1:colcon.colcon_core.package_identification:_identify(src/ego_planner_ros2/src/planner) by extension 'ignore'
[0.195s] Level 1:colcon.colcon_core.package_identification:_identify(src/ego_planner_ros2/src/planner) by extension 'ignore_ament_install'
[0.195s] Level 1:colcon.colcon_core.package_identification:_identify(src/ego_planner_ros2/src/planner) by extensions ['colcon_pkg']
[0.195s] Level 1:colcon.colcon_core.package_identification:_identify(src/ego_planner_ros2/src/planner) by extension 'colcon_pkg'
[0.195s] Level 1:colcon.colcon_core.package_identification:_identify(src/ego_planner_ros2/src/planner) by extensions ['colcon_meta']
[0.195s] Level 1:colcon.colcon_core.package_identification:_identify(src/ego_planner_ros2/src/planner) by extension 'colcon_meta'
[0.195s] Level 1:colcon.colcon_core.package_identification:_identify(src/ego_planner_ros2/src/planner) by extensions ['ros']
[0.195s] Level 1:colcon.colcon_core.package_identification:_identify(src/ego_planner_ros2/src/planner) by extension 'ros'
[0.195s] Level 1:colcon.colcon_core.package_identification:_identify(src/ego_planner_ros2/src/planner) by extensions ['cmake', 'python']
[0.195s] Level 1:colcon.colcon_core.package_identification:_identify(src/ego_planner_ros2/src/planner) by extension 'cmake'
[0.195s] Level 1:colcon.colcon_core.package_identification:_identify(src/ego_planner_ros2/src/planner) by extension 'python'
[0.195s] Level 1:colcon.colcon_core.package_identification:_identify(src/ego_planner_ros2/src/planner) by extensions ['python_setup_py']
[0.195s] Level 1:colcon.colcon_core.package_identification:_identify(src/ego_planner_ros2/src/planner) by extension 'python_setup_py'
[0.196s] Level 1:colcon.colcon_core.package_identification:_identify(src/ego_planner_ros2/src/planner/bridge_test) by extensions ['ignore', 'ignore_ament_install']
[0.196s] Level 1:colcon.colcon_core.package_identification:_identify(src/ego_planner_ros2/src/planner/bridge_test) by extension 'ignore'
[0.196s] Level 1:colcon.colcon_core.package_identification:_identify(src/ego_planner_ros2/src/planner/bridge_test) by extension 'ignore_ament_install'
[0.196s] Level 1:colcon.colcon_core.package_identification:_identify(src/ego_planner_ros2/src/planner/bridge_test) by extensions ['colcon_pkg']
[0.196s] Level 1:colcon.colcon_core.package_identification:_identify(src/ego_planner_ros2/src/planner/bridge_test) by extension 'colcon_pkg'
[0.196s] Level 1:colcon.colcon_core.package_identification:_identify(src/ego_planner_ros2/src/planner/bridge_test) by extensions ['colcon_meta']
[0.196s] Level 1:colcon.colcon_core.package_identification:_identify(src/ego_planner_ros2/src/planner/bridge_test) by extension 'colcon_meta'
[0.196s] Level 1:colcon.colcon_core.package_identification:_identify(src/ego_planner_ros2/src/planner/bridge_test) by extensions ['ros']
[0.196s] Level 1:colcon.colcon_core.package_identification:_identify(src/ego_planner_ros2/src/planner/bridge_test) by extension 'ros'
[0.197s] DEBUG:colcon.colcon_core.package_identification:Package 'src/ego_planner_ros2/src/planner/bridge_test' with type 'ros.ament_cmake' and name 'bridge_test'
[0.197s] Level 1:colcon.colcon_core.package_identification:_identify(src/ego_planner_ros2/src/planner/bspline_opt) by extensions ['ignore', 'ignore_ament_install']
[0.197s] Level 1:colcon.colcon_core.package_identification:_identify(src/ego_planner_ros2/src/planner/bspline_opt) by extension 'ignore'
[0.197s] Level 1:colcon.colcon_core.package_identification:_identify(src/ego_planner_ros2/src/planner/bspline_opt) by extension 'ignore_ament_install'
[0.197s] Level 1:colcon.colcon_core.package_identification:_identify(src/ego_planner_ros2/src/planner/bspline_opt) by extensions ['colcon_pkg']
[0.197s] Level 1:colcon.colcon_core.package_identification:_identify(src/ego_planner_ros2/src/planner/bspline_opt) by extension 'colcon_pkg'
[0.197s] Level 1:colcon.colcon_core.package_identification:_identify(src/ego_planner_ros2/src/planner/bspline_opt) by extensions ['colcon_meta']
[0.197s] Level 1:colcon.colcon_core.package_identification:_identify(src/ego_planner_ros2/src/planner/bspline_opt) by extension 'colcon_meta'
[0.197s] Level 1:colcon.colcon_core.package_identification:_identify(src/ego_planner_ros2/src/planner/bspline_opt) by extensions ['ros']
[0.197s] Level 1:colcon.colcon_core.package_identification:_identify(src/ego_planner_ros2/src/planner/bspline_opt) by extension 'ros'
[0.198s] DEBUG:colcon.colcon_core.package_identification:Package 'src/ego_planner_ros2/src/planner/bspline_opt' with type 'ros.ament_cmake' and name 'bspline_opt'
[0.198s] Level 1:colcon.colcon_core.package_identification:_identify(src/ego_planner_ros2/src/planner/new) by extensions ['ignore', 'ignore_ament_install']
[0.198s] Level 1:colcon.colcon_core.package_identification:_identify(src/ego_planner_ros2/src/planner/new) by extension 'ignore'
[0.198s] Level 1:colcon.colcon_core.package_identification:_identify(src/ego_planner_ros2/src/planner/new) by extension 'ignore_ament_install'
[0.198s] Level 1:colcon.colcon_core.package_identification:_identify(src/ego_planner_ros2/src/planner/new) by extensions ['colcon_pkg']
[0.198s] Level 1:colcon.colcon_core.package_identification:_identify(src/ego_planner_ros2/src/planner/new) by extension 'colcon_pkg'
[0.198s] Level 1:colcon.colcon_core.package_identification:_identify(src/ego_planner_ros2/src/planner/new) by extensions ['colcon_meta']
[0.198s] Level 1:colcon.colcon_core.package_identification:_identify(src/ego_planner_ros2/src/planner/new) by extension 'colcon_meta'
[0.198s] Level 1:colcon.colcon_core.package_identification:_identify(src/ego_planner_ros2/src/planner/new) by extensions ['ros']
[0.198s] Level 1:colcon.colcon_core.package_identification:_identify(src/ego_planner_ros2/src/planner/new) by extension 'ros'
[0.198s] DEBUG:colcon.colcon_core.package_identification:Package 'src/ego_planner_ros2/src/planner/new' with type 'ros.ament_cmake' and name 'new'
[0.198s] Level 1:colcon.colcon_core.package_identification:_identify(src/ego_planner_ros2/src/planner/path_searching) by extensions ['ignore', 'ignore_ament_install']
[0.198s] Level 1:colcon.colcon_core.package_identification:_identify(src/ego_planner_ros2/src/planner/path_searching) by extension 'ignore'
[0.198s] Level 1:colcon.colcon_core.package_identification:_identify(src/ego_planner_ros2/src/planner/path_searching) by extension 'ignore_ament_install'
[0.198s] Level 1:colcon.colcon_core.package_identification:_identify(src/ego_planner_ros2/src/planner/path_searching) by extensions ['colcon_pkg']
[0.199s] Level 1:colcon.colcon_core.package_identification:_identify(src/ego_planner_ros2/src/planner/path_searching) by extension 'colcon_pkg'
[0.199s] Level 1:colcon.colcon_core.package_identification:_identify(src/ego_planner_ros2/src/planner/path_searching) by extensions ['colcon_meta']
[0.199s] Level 1:colcon.colcon_core.package_identification:_identify(src/ego_planner_ros2/src/planner/path_searching) by extension 'colcon_meta'
[0.199s] Level 1:colcon.colcon_core.package_identification:_identify(src/ego_planner_ros2/src/planner/path_searching) by extensions ['ros']
[0.199s] Level 1:colcon.colcon_core.package_identification:_identify(src/ego_planner_ros2/src/planner/path_searching) by extension 'ros'
[0.199s] DEBUG:colcon.colcon_core.package_identification:Package 'src/ego_planner_ros2/src/planner/path_searching' with type 'ros.catkin' and name 'path_searching'
[0.199s] Level 1:colcon.colcon_core.package_identification:_identify(src/ego_planner_ros2/src/planner/plan_env) by extensions ['ignore', 'ignore_ament_install']
[0.199s] Level 1:colcon.colcon_core.package_identification:_identify(src/ego_planner_ros2/src/planner/plan_env) by extension 'ignore'
[0.199s] Level 1:colcon.colcon_core.package_identification:_identify(src/ego_planner_ros2/src/planner/plan_env) by extension 'ignore_ament_install'
[0.199s] Level 1:colcon.colcon_core.package_identification:_identify(src/ego_planner_ros2/src/planner/plan_env) by extensions ['colcon_pkg']
[0.199s] Level 1:colcon.colcon_core.package_identification:_identify(src/ego_planner_ros2/src/planner/plan_env) by extension 'colcon_pkg'
[0.199s] Level 1:colcon.colcon_core.package_identification:_identify(src/ego_planner_ros2/src/planner/plan_env) by extensions ['colcon_meta']
[0.199s] Level 1:colcon.colcon_core.package_identification:_identify(src/ego_planner_ros2/src/planner/plan_env) by extension 'colcon_meta'
[0.199s] Level 1:colcon.colcon_core.package_identification:_identify(src/ego_planner_ros2/src/planner/plan_env) by extensions ['ros']
[0.199s] Level 1:colcon.colcon_core.package_identification:_identify(src/ego_planner_ros2/src/planner/plan_env) by extension 'ros'
[0.200s] DEBUG:colcon.colcon_core.package_identification:Package 'src/ego_planner_ros2/src/planner/plan_env' with type 'ros.ament_cmake' and name 'plan_env'
[0.200s] Level 1:colcon.colcon_core.package_identification:_identify(src/ego_planner_ros2/src/planner/plan_manage) by extensions ['ignore', 'ignore_ament_install']
[0.200s] Level 1:colcon.colcon_core.package_identification:_identify(src/ego_planner_ros2/src/planner/plan_manage) by extension 'ignore'
[0.200s] Level 1:colcon.colcon_core.package_identification:_identify(src/ego_planner_ros2/src/planner/plan_manage) by extension 'ignore_ament_install'
[0.200s] Level 1:colcon.colcon_core.package_identification:_identify(src/ego_planner_ros2/src/planner/plan_manage) by extensions ['colcon_pkg']
[0.200s] Level 1:colcon.colcon_core.package_identification:_identify(src/ego_planner_ros2/src/planner/plan_manage) by extension 'colcon_pkg'
[0.200s] Level 1:colcon.colcon_core.package_identification:_identify(src/ego_planner_ros2/src/planner/plan_manage) by extensions ['colcon_meta']
[0.200s] Level 1:colcon.colcon_core.package_identification:_identify(src/ego_planner_ros2/src/planner/plan_manage) by extension 'colcon_meta'
[0.200s] Level 1:colcon.colcon_core.package_identification:_identify(src/ego_planner_ros2/src/planner/plan_manage) by extensions ['ros']
[0.200s] Level 1:colcon.colcon_core.package_identification:_identify(src/ego_planner_ros2/src/planner/plan_manage) by extension 'ros'
[0.200s] DEBUG:colcon.colcon_core.package_identification:Package 'src/ego_planner_ros2/src/planner/plan_manage' with type 'ros.ament_cmake' and name 'ego_planner'
[0.200s] Level 1:colcon.colcon_core.package_identification:_identify(src/ego_planner_ros2/src/planner/traj_utils_so) by extensions ['ignore', 'ignore_ament_install']
[0.200s] Level 1:colcon.colcon_core.package_identification:_identify(src/ego_planner_ros2/src/planner/traj_utils_so) by extension 'ignore'
[0.200s] Level 1:colcon.colcon_core.package_identification:_identify(src/ego_planner_ros2/src/planner/traj_utils_so) by extension 'ignore_ament_install'
[0.200s] Level 1:colcon.colcon_core.package_identification:_identify(src/ego_planner_ros2/src/planner/traj_utils_so) by extensions ['colcon_pkg']
[0.200s] Level 1:colcon.colcon_core.package_identification:_identify(src/ego_planner_ros2/src/planner/traj_utils_so) by extension 'colcon_pkg'
[0.200s] Level 1:colcon.colcon_core.package_identification:_identify(src/ego_planner_ros2/src/planner/traj_utils_so) by extensions ['colcon_meta']
[0.200s] Level 1:colcon.colcon_core.package_identification:_identify(src/ego_planner_ros2/src/planner/traj_utils_so) by extension 'colcon_meta'
[0.200s] Level 1:colcon.colcon_core.package_identification:_identify(src/ego_planner_ros2/src/planner/traj_utils_so) by extensions ['ros']
[0.200s] Level 1:colcon.colcon_core.package_identification:_identify(src/ego_planner_ros2/src/planner/traj_utils_so) by extension 'ros'
[0.201s] DEBUG:colcon.colcon_core.package_identification:Package 'src/ego_planner_ros2/src/planner/traj_utils_so' with type 'ros.ament_cmake' and name 'traj_utils_so'
[0.201s] Level 1:colcon.colcon_core.package_identification:_identify(src/ego_planner_ros2/src/planner/traj_utils_z) by extensions ['ignore', 'ignore_ament_install']
[0.201s] Level 1:colcon.colcon_core.package_identification:_identify(src/ego_planner_ros2/src/planner/traj_utils_z) by extension 'ignore'
[0.201s] Level 1:colcon.colcon_core.package_identification:_identify(src/ego_planner_ros2/src/planner/traj_utils_z) by extension 'ignore_ament_install'
[0.201s] Level 1:colcon.colcon_core.package_identification:_identify(src/ego_planner_ros2/src/planner/traj_utils_z) by extensions ['colcon_pkg']
[0.201s] Level 1:colcon.colcon_core.package_identification:_identify(src/ego_planner_ros2/src/planner/traj_utils_z) by extension 'colcon_pkg'
[0.201s] Level 1:colcon.colcon_core.package_identification:_identify(src/ego_planner_ros2/src/planner/traj_utils_z) by extensions ['colcon_meta']
[0.201s] Level 1:colcon.colcon_core.package_identification:_identify(src/ego_planner_ros2/src/planner/traj_utils_z) by extension 'colcon_meta'
[0.201s] Level 1:colcon.colcon_core.package_identification:_identify(src/ego_planner_ros2/src/planner/traj_utils_z) by extensions ['ros']
[0.201s] Level 1:colcon.colcon_core.package_identification:_identify(src/ego_planner_ros2/src/planner/traj_utils_z) by extension 'ros'
[0.202s] DEBUG:colcon.colcon_core.package_identification:Package 'src/ego_planner_ros2/src/planner/traj_utils_z' with type 'ros.ament_cmake' and name 'traj_utils'
[0.202s] Level 1:colcon.colcon_core.package_identification:_identify(src/ego_planner_ros2/src/uav_simulator) by extensions ['ignore', 'ignore_ament_install']
[0.202s] Level 1:colcon.colcon_core.package_identification:_identify(src/ego_planner_ros2/src/uav_simulator) by extension 'ignore'
[0.202s] Level 1:colcon.colcon_core.package_identification:_identify(src/ego_planner_ros2/src/uav_simulator) by extension 'ignore_ament_install'
[0.202s] Level 1:colcon.colcon_core.package_identification:_identify(src/ego_planner_ros2/src/uav_simulator) by extensions ['colcon_pkg']
[0.202s] Level 1:colcon.colcon_core.package_identification:_identify(src/ego_planner_ros2/src/uav_simulator) by extension 'colcon_pkg'
[0.202s] Level 1:colcon.colcon_core.package_identification:_identify(src/ego_planner_ros2/src/uav_simulator) by extensions ['colcon_meta']
[0.202s] Level 1:colcon.colcon_core.package_identification:_identify(src/ego_planner_ros2/src/uav_simulator) by extension 'colcon_meta'
[0.202s] Level 1:colcon.colcon_core.package_identification:_identify(src/ego_planner_ros2/src/uav_simulator) by extensions ['ros']
[0.202s] Level 1:colcon.colcon_core.package_identification:_identify(src/ego_planner_ros2/src/uav_simulator) by extension 'ros'
[0.202s] Level 1:colcon.colcon_core.package_identification:_identify(src/ego_planner_ros2/src/uav_simulator) by extensions ['cmake', 'python']
[0.202s] Level 1:colcon.colcon_core.package_identification:_identify(src/ego_planner_ros2/src/uav_simulator) by extension 'cmake'
[0.202s] Level 1:colcon.colcon_core.package_identification:_identify(src/ego_planner_ros2/src/uav_simulator) by extension 'python'
[0.202s] Level 1:colcon.colcon_core.package_identification:_identify(src/ego_planner_ros2/src/uav_simulator) by extensions ['python_setup_py']
[0.202s] Level 1:colcon.colcon_core.package_identification:_identify(src/ego_planner_ros2/src/uav_simulator) by extension 'python_setup_py'
[0.202s] Level 1:colcon.colcon_core.package_identification:_identify(src/ego_planner_ros2/src/uav_simulator/Utils) by extensions ['ignore', 'ignore_ament_install']
[0.202s] Level 1:colcon.colcon_core.package_identification:_identify(src/ego_planner_ros2/src/uav_simulator/Utils) by extension 'ignore'
[0.202s] Level 1:colcon.colcon_core.package_identification:_identify(src/ego_planner_ros2/src/uav_simulator/Utils) by extension 'ignore_ament_install'
[0.202s] Level 1:colcon.colcon_core.package_identification:_identify(src/ego_planner_ros2/src/uav_simulator/Utils) by extensions ['colcon_pkg']
[0.202s] Level 1:colcon.colcon_core.package_identification:_identify(src/ego_planner_ros2/src/uav_simulator/Utils) by extension 'colcon_pkg'
[0.202s] Level 1:colcon.colcon_core.package_identification:_identify(src/ego_planner_ros2/src/uav_simulator/Utils) by extensions ['colcon_meta']
[0.202s] Level 1:colcon.colcon_core.package_identification:_identify(src/ego_planner_ros2/src/uav_simulator/Utils) by extension 'colcon_meta'
[0.202s] Level 1:colcon.colcon_core.package_identification:_identify(src/ego_planner_ros2/src/uav_simulator/Utils) by extensions ['ros']
[0.202s] Level 1:colcon.colcon_core.package_identification:_identify(src/ego_planner_ros2/src/uav_simulator/Utils) by extension 'ros'
[0.202s] Level 1:colcon.colcon_core.package_identification:_identify(src/ego_planner_ros2/src/uav_simulator/Utils) by extensions ['cmake', 'python']
[0.202s] Level 1:colcon.colcon_core.package_identification:_identify(src/ego_planner_ros2/src/uav_simulator/Utils) by extension 'cmake'
[0.202s] Level 1:colcon.colcon_core.package_identification:_identify(src/ego_planner_ros2/src/uav_simulator/Utils) by extension 'python'
[0.202s] Level 1:colcon.colcon_core.package_identification:_identify(src/ego_planner_ros2/src/uav_simulator/Utils) by extensions ['python_setup_py']
[0.202s] Level 1:colcon.colcon_core.package_identification:_identify(src/ego_planner_ros2/src/uav_simulator/Utils) by extension 'python_setup_py'
[0.202s] Level 1:colcon.colcon_core.package_identification:_identify(src/ego_planner_ros2/src/uav_simulator/Utils/odom_visualization) by extensions ['ignore', 'ignore_ament_install']
[0.202s] Level 1:colcon.colcon_core.package_identification:_identify(src/ego_planner_ros2/src/uav_simulator/Utils/odom_visualization) by extension 'ignore'
[0.202s] Level 1:colcon.colcon_core.package_identification:_identify(src/ego_planner_ros2/src/uav_simulator/Utils/odom_visualization) by extension 'ignore_ament_install'
[0.202s] Level 1:colcon.colcon_core.package_identification:_identify(src/ego_planner_ros2/src/uav_simulator/Utils/odom_visualization) by extensions ['colcon_pkg']
[0.202s] Level 1:colcon.colcon_core.package_identification:_identify(src/ego_planner_ros2/src/uav_simulator/Utils/odom_visualization) by extension 'colcon_pkg'
[0.202s] Level 1:colcon.colcon_core.package_identification:_identify(src/ego_planner_ros2/src/uav_simulator/Utils/odom_visualization) by extensions ['colcon_meta']
[0.202s] Level 1:colcon.colcon_core.package_identification:_identify(src/ego_planner_ros2/src/uav_simulator/Utils/odom_visualization) by extension 'colcon_meta'
[0.202s] Level 1:colcon.colcon_core.package_identification:_identify(src/ego_planner_ros2/src/uav_simulator/Utils/odom_visualization) by extensions ['ros']
[0.202s] Level 1:colcon.colcon_core.package_identification:_identify(src/ego_planner_ros2/src/uav_simulator/Utils/odom_visualization) by extension 'ros'
[0.203s] DEBUG:colcon.colcon_core.package_identification:Package 'src/ego_planner_ros2/src/uav_simulator/Utils/odom_visualization' with type 'ros.ament_cmake' and name 'odom_visualization'
[0.203s] Level 1:colcon.colcon_core.package_identification:_identify(src/ego_planner_ros2/src/uav_simulator/Utils/pose_utils) by extensions ['ignore', 'ignore_ament_install']
[0.203s] Level 1:colcon.colcon_core.package_identification:_identify(src/ego_planner_ros2/src/uav_simulator/Utils/pose_utils) by extension 'ignore'
[0.203s] Level 1:colcon.colcon_core.package_identification:_identify(src/ego_planner_ros2/src/uav_simulator/Utils/pose_utils) by extension 'ignore_ament_install'
[0.203s] Level 1:colcon.colcon_core.package_identification:_identify(src/ego_planner_ros2/src/uav_simulator/Utils/pose_utils) by extensions ['colcon_pkg']
[0.203s] Level 1:colcon.colcon_core.package_identification:_identify(src/ego_planner_ros2/src/uav_simulator/Utils/pose_utils) by extension 'colcon_pkg'
[0.203s] Level 1:colcon.colcon_core.package_identification:_identify(src/ego_planner_ros2/src/uav_simulator/Utils/pose_utils) by extensions ['colcon_meta']
[0.203s] Level 1:colcon.colcon_core.package_identification:_identify(src/ego_planner_ros2/src/uav_simulator/Utils/pose_utils) by extension 'colcon_meta'
[0.203s] Level 1:colcon.colcon_core.package_identification:_identify(src/ego_planner_ros2/src/uav_simulator/Utils/pose_utils) by extensions ['ros']
[0.203s] Level 1:colcon.colcon_core.package_identification:_identify(src/ego_planner_ros2/src/uav_simulator/Utils/pose_utils) by extension 'ros'
[0.203s] DEBUG:colcon.colcon_core.package_identification:Package 'src/ego_planner_ros2/src/uav_simulator/Utils/pose_utils' with type 'ros.ament_cmake' and name 'pose_utils'
[0.203s] Level 1:colcon.colcon_core.package_identification:_identify(src/ego_planner_ros2/src/uav_simulator/Utils/quadrotor_msgs) by extensions ['ignore', 'ignore_ament_install']
[0.203s] Level 1:colcon.colcon_core.package_identification:_identify(src/ego_planner_ros2/src/uav_simulator/Utils/quadrotor_msgs) by extension 'ignore'
[0.203s] Level 1:colcon.colcon_core.package_identification:_identify(src/ego_planner_ros2/src/uav_simulator/Utils/quadrotor_msgs) by extension 'ignore_ament_install'
[0.203s] Level 1:colcon.colcon_core.package_identification:_identify(src/ego_planner_ros2/src/uav_simulator/Utils/quadrotor_msgs) by extensions ['colcon_pkg']
[0.203s] Level 1:colcon.colcon_core.package_identification:_identify(src/ego_planner_ros2/src/uav_simulator/Utils/quadrotor_msgs) by extension 'colcon_pkg'
[0.203s] Level 1:colcon.colcon_core.package_identification:_identify(src/ego_planner_ros2/src/uav_simulator/Utils/quadrotor_msgs) by extensions ['colcon_meta']
[0.203s] Level 1:colcon.colcon_core.package_identification:_identify(src/ego_planner_ros2/src/uav_simulator/Utils/quadrotor_msgs) by extension 'colcon_meta'
[0.203s] Level 1:colcon.colcon_core.package_identification:_identify(src/ego_planner_ros2/src/uav_simulator/Utils/quadrotor_msgs) by extensions ['ros']
[0.203s] Level 1:colcon.colcon_core.package_identification:_identify(src/ego_planner_ros2/src/uav_simulator/Utils/quadrotor_msgs) by extension 'ros'
[0.204s] DEBUG:colcon.colcon_core.package_identification:Package 'src/ego_planner_ros2/src/uav_simulator/Utils/quadrotor_msgs' with type 'ros.ament_cmake' and name 'quadrotor_msgs'
[0.204s] Level 1:colcon.colcon_core.package_identification:_identify(src/ego_planner_ros2/src/uav_simulator/fake_drone) by extensions ['ignore', 'ignore_ament_install']
[0.204s] Level 1:colcon.colcon_core.package_identification:_identify(src/ego_planner_ros2/src/uav_simulator/fake_drone) by extension 'ignore'
[0.204s] Level 1:colcon.colcon_core.package_identification:_identify(src/ego_planner_ros2/src/uav_simulator/fake_drone) by extension 'ignore_ament_install'
[0.204s] Level 1:colcon.colcon_core.package_identification:_identify(src/ego_planner_ros2/src/uav_simulator/fake_drone) by extensions ['colcon_pkg']
[0.204s] Level 1:colcon.colcon_core.package_identification:_identify(src/ego_planner_ros2/src/uav_simulator/fake_drone) by extension 'colcon_pkg'
[0.204s] Level 1:colcon.colcon_core.package_identification:_identify(src/ego_planner_ros2/src/uav_simulator/fake_drone) by extensions ['colcon_meta']
[0.204s] Level 1:colcon.colcon_core.package_identification:_identify(src/ego_planner_ros2/src/uav_simulator/fake_drone) by extension 'colcon_meta'
[0.204s] Level 1:colcon.colcon_core.package_identification:_identify(src/ego_planner_ros2/src/uav_simulator/fake_drone) by extensions ['ros']
[0.204s] Level 1:colcon.colcon_core.package_identification:_identify(src/ego_planner_ros2/src/uav_simulator/fake_drone) by extension 'ros'
[0.204s] DEBUG:colcon.colcon_core.package_identification:Package 'src/ego_planner_ros2/src/uav_simulator/fake_drone' with type 'ros.ament_cmake' and name 'poscmd_2_odom'
[0.204s] Level 1:colcon.colcon_core.package_identification:_identify(src/ego_planner_ros2/src/uav_simulator/local_pcl_map_provider) by extensions ['ignore', 'ignore_ament_install']
[0.204s] Level 1:colcon.colcon_core.package_identification:_identify(src/ego_planner_ros2/src/uav_simulator/local_pcl_map_provider) by extension 'ignore'
[0.204s] Level 1:colcon.colcon_core.package_identification:_identify(src/ego_planner_ros2/src/uav_simulator/local_pcl_map_provider) by extension 'ignore_ament_install'
[0.204s] Level 1:colcon.colcon_core.package_identification:_identify(src/ego_planner_ros2/src/uav_simulator/local_pcl_map_provider) by extensions ['colcon_pkg']
[0.204s] Level 1:colcon.colcon_core.package_identification:_identify(src/ego_planner_ros2/src/uav_simulator/local_pcl_map_provider) by extension 'colcon_pkg'
[0.204s] Level 1:colcon.colcon_core.package_identification:_identify(src/ego_planner_ros2/src/uav_simulator/local_pcl_map_provider) by extensions ['colcon_meta']
[0.204s] Level 1:colcon.colcon_core.package_identification:_identify(src/ego_planner_ros2/src/uav_simulator/local_pcl_map_provider) by extension 'colcon_meta'
[0.205s] Level 1:colcon.colcon_core.package_identification:_identify(src/ego_planner_ros2/src/uav_simulator/local_pcl_map_provider) by extensions ['ros']
[0.205s] Level 1:colcon.colcon_core.package_identification:_identify(src/ego_planner_ros2/src/uav_simulator/local_pcl_map_provider) by extension 'ros'
[0.205s] DEBUG:colcon.colcon_core.package_identification:Package 'src/ego_planner_ros2/src/uav_simulator/local_pcl_map_provider' with type 'ros.ament_cmake' and name 'local_pcl_map_provider'
[0.205s] Level 1:colcon.colcon_core.package_identification:_identify(src/ego_planner_ros2/src/uav_simulator/local_sensing) by extensions ['ignore', 'ignore_ament_install']
[0.205s] Level 1:colcon.colcon_core.package_identification:_identify(src/ego_planner_ros2/src/uav_simulator/local_sensing) by extension 'ignore'
[0.205s] Level 1:colcon.colcon_core.package_identification:_identify(src/ego_planner_ros2/src/uav_simulator/local_sensing) by extension 'ignore_ament_install'
[0.205s] Level 1:colcon.colcon_core.package_identification:_identify(src/ego_planner_ros2/src/uav_simulator/local_sensing) by extensions ['colcon_pkg']
[0.205s] Level 1:colcon.colcon_core.package_identification:_identify(src/ego_planner_ros2/src/uav_simulator/local_sensing) by extension 'colcon_pkg'
[0.205s] Level 1:colcon.colcon_core.package_identification:_identify(src/ego_planner_ros2/src/uav_simulator/local_sensing) by extensions ['colcon_meta']
[0.205s] Level 1:colcon.colcon_core.package_identification:_identify(src/ego_planner_ros2/src/uav_simulator/local_sensing) by extension 'colcon_meta'
[0.205s] Level 1:colcon.colcon_core.package_identification:_identify(src/ego_planner_ros2/src/uav_simulator/local_sensing) by extensions ['ros']
[0.205s] Level 1:colcon.colcon_core.package_identification:_identify(src/ego_planner_ros2/src/uav_simulator/local_sensing) by extension 'ros'
[0.205s] DEBUG:colcon.colcon_core.package_identification:Package 'src/ego_planner_ros2/src/uav_simulator/local_sensing' with type 'ros.ament_cmake' and name 'local_sensing_node'
[0.205s] Level 1:colcon.colcon_core.package_identification:_identify(src/ego_planner_ros2/src/uav_simulator/map_generator) by extensions ['ignore', 'ignore_ament_install']
[0.205s] Level 1:colcon.colcon_core.package_identification:_identify(src/ego_planner_ros2/src/uav_simulator/map_generator) by extension 'ignore'
[0.205s] Level 1:colcon.colcon_core.package_identification:_identify(src/ego_planner_ros2/src/uav_simulator/map_generator) by extension 'ignore_ament_install'
[0.206s] Level 1:colcon.colcon_core.package_identification:_identify(src/ego_planner_ros2/src/uav_simulator/map_generator) by extensions ['colcon_pkg']
[0.206s] Level 1:colcon.colcon_core.package_identification:_identify(src/ego_planner_ros2/src/uav_simulator/map_generator) by extension 'colcon_pkg'
[0.206s] Level 1:colcon.colcon_core.package_identification:_identify(src/ego_planner_ros2/src/uav_simulator/map_generator) by extensions ['colcon_meta']
[0.206s] Level 1:colcon.colcon_core.package_identification:_identify(src/ego_planner_ros2/src/uav_simulator/map_generator) by extension 'colcon_meta'
[0.206s] Level 1:colcon.colcon_core.package_identification:_identify(src/ego_planner_ros2/src/uav_simulator/map_generator) by extensions ['ros']
[0.206s] Level 1:colcon.colcon_core.package_identification:_identify(src/ego_planner_ros2/src/uav_simulator/map_generator) by extension 'ros'
[0.206s] DEBUG:colcon.colcon_core.package_identification:Package 'src/ego_planner_ros2/src/uav_simulator/map_generator' with type 'ros.ament_cmake' and name 'map_generator'
[0.206s] Level 1:colcon.colcon_core.package_identification:_identify(src/local_planner) by extensions ['ignore', 'ignore_ament_install']
[0.206s] Level 1:colcon.colcon_core.package_identification:_identify(src/local_planner) by extension 'ignore'
[0.206s] Level 1:colcon.colcon_core.package_identification:_identify(src/local_planner) by extension 'ignore_ament_install'
[0.206s] Level 1:colcon.colcon_core.package_identification:_identify(src/local_planner) by extensions ['colcon_pkg']
[0.206s] Level 1:colcon.colcon_core.package_identification:_identify(src/local_planner) by extension 'colcon_pkg'
[0.206s] Level 1:colcon.colcon_core.package_identification:_identify(src/local_planner) by extensions ['colcon_meta']
[0.206s] Level 1:colcon.colcon_core.package_identification:_identify(src/local_planner) by extension 'colcon_meta'
[0.206s] Level 1:colcon.colcon_core.package_identification:_identify(src/local_planner) by extensions ['ros']
[0.206s] Level 1:colcon.colcon_core.package_identification:_identify(src/local_planner) by extension 'ros'
[0.206s] DEBUG:colcon.colcon_core.package_identification:Package 'src/local_planner' with type 'ros.ament_cmake' and name 'local_planner'
[0.206s] Level 1:colcon.colcon_core.package_identification:_identify(src/sensor_scan_generation) by extensions ['ignore', 'ignore_ament_install']
[0.206s] Level 1:colcon.colcon_core.package_identification:_identify(src/sensor_scan_generation) by extension 'ignore'
[0.207s] Level 1:colcon.colcon_core.package_identification:_identify(src/sensor_scan_generation) by extension 'ignore_ament_install'
[0.207s] Level 1:colcon.colcon_core.package_identification:_identify(src/sensor_scan_generation) by extensions ['colcon_pkg']
[0.207s] Level 1:colcon.colcon_core.package_identification:_identify(src/sensor_scan_generation) by extension 'colcon_pkg'
[0.207s] Level 1:colcon.colcon_core.package_identification:_identify(src/sensor_scan_generation) by extensions ['colcon_meta']
[0.207s] Level 1:colcon.colcon_core.package_identification:_identify(src/sensor_scan_generation) by extension 'colcon_meta'
[0.207s] Level 1:colcon.colcon_core.package_identification:_identify(src/sensor_scan_generation) by extensions ['ros']
[0.207s] Level 1:colcon.colcon_core.package_identification:_identify(src/sensor_scan_generation) by extension 'ros'
[0.207s] DEBUG:colcon.colcon_core.package_identification:Package 'src/sensor_scan_generation' with type 'ros.ament_cmake' and name 'sensor_scan_generation'
[0.207s] Level 1:colcon.colcon_core.package_identification:_identify(src/simulation_gazebo_model) by extensions ['ignore', 'ignore_ament_install']
[0.207s] Level 1:colcon.colcon_core.package_identification:_identify(src/simulation_gazebo_model) by extension 'ignore'
[0.207s] Level 1:colcon.colcon_core.package_identification:_identify(src/simulation_gazebo_model) by extension 'ignore_ament_install'
[0.207s] Level 1:colcon.colcon_core.package_identification:_identify(src/simulation_gazebo_model) by extensions ['colcon_pkg']
[0.207s] Level 1:colcon.colcon_core.package_identification:_identify(src/simulation_gazebo_model) by extension 'colcon_pkg'
[0.207s] Level 1:colcon.colcon_core.package_identification:_identify(src/simulation_gazebo_model) by extensions ['colcon_meta']
[0.207s] Level 1:colcon.colcon_core.package_identification:_identify(src/simulation_gazebo_model) by extension 'colcon_meta'
[0.207s] Level 1:colcon.colcon_core.package_identification:_identify(src/simulation_gazebo_model) by extensions ['ros']
[0.207s] Level 1:colcon.colcon_core.package_identification:_identify(src/simulation_gazebo_model) by extension 'ros'
[0.207s] Level 1:colcon.colcon_core.package_identification:_identify(src/simulation_gazebo_model) by extensions ['cmake', 'python']
[0.207s] Level 1:colcon.colcon_core.package_identification:_identify(src/simulation_gazebo_model) by extension 'cmake'
[0.207s] Level 1:colcon.colcon_core.package_identification:_identify(src/simulation_gazebo_model) by extension 'python'
[0.207s] Level 1:colcon.colcon_core.package_identification:_identify(src/simulation_gazebo_model) by extensions ['python_setup_py']
[0.207s] Level 1:colcon.colcon_core.package_identification:_identify(src/simulation_gazebo_model) by extension 'python_setup_py'
[0.207s] Level 1:colcon.colcon_core.package_identification:_identify(src/simulation_gazebo_model/launch_files) by extensions ['ignore', 'ignore_ament_install']
[0.207s] Level 1:colcon.colcon_core.package_identification:_identify(src/simulation_gazebo_model/launch_files) by extension 'ignore'
[0.207s] Level 1:colcon.colcon_core.package_identification:_identify(src/simulation_gazebo_model/launch_files) by extension 'ignore_ament_install'
[0.207s] Level 1:colcon.colcon_core.package_identification:_identify(src/simulation_gazebo_model/launch_files) by extensions ['colcon_pkg']
[0.207s] Level 1:colcon.colcon_core.package_identification:_identify(src/simulation_gazebo_model/launch_files) by extension 'colcon_pkg'
[0.207s] Level 1:colcon.colcon_core.package_identification:_identify(src/simulation_gazebo_model/launch_files) by extensions ['colcon_meta']
[0.207s] Level 1:colcon.colcon_core.package_identification:_identify(src/simulation_gazebo_model/launch_files) by extension 'colcon_meta'
[0.207s] Level 1:colcon.colcon_core.package_identification:_identify(src/simulation_gazebo_model/launch_files) by extensions ['ros']
[0.207s] Level 1:colcon.colcon_core.package_identification:_identify(src/simulation_gazebo_model/launch_files) by extension 'ros'
[0.207s] Level 1:colcon.colcon_core.package_identification:_identify(src/simulation_gazebo_model/launch_files) by extensions ['cmake', 'python']
[0.208s] Level 1:colcon.colcon_core.package_identification:_identify(src/simulation_gazebo_model/launch_files) by extension 'cmake'
[0.208s] Level 1:colcon.colcon_core.package_identification:_identify(src/simulation_gazebo_model/launch_files) by extension 'python'
[0.208s] Level 1:colcon.colcon_core.package_identification:_identify(src/simulation_gazebo_model/launch_files) by extensions ['python_setup_py']
[0.208s] Level 1:colcon.colcon_core.package_identification:_identify(src/simulation_gazebo_model/launch_files) by extension 'python_setup_py'
[0.208s] Level 1:colcon.colcon_core.package_identification:_identify(src/simulation_gazebo_model/launch_files/turtlebot3_fake_node) by extensions ['ignore', 'ignore_ament_install']
[0.208s] Level 1:colcon.colcon_core.package_identification:_identify(src/simulation_gazebo_model/launch_files/turtlebot3_fake_node) by extension 'ignore'
[0.208s] Level 1:colcon.colcon_core.package_identification:_identify(src/simulation_gazebo_model/launch_files/turtlebot3_fake_node) by extension 'ignore_ament_install'
[0.208s] Level 1:colcon.colcon_core.package_identification:_identify(src/simulation_gazebo_model/launch_files/turtlebot3_fake_node) by extensions ['colcon_pkg']
[0.208s] Level 1:colcon.colcon_core.package_identification:_identify(src/simulation_gazebo_model/launch_files/turtlebot3_fake_node) by extension 'colcon_pkg'
[0.208s] Level 1:colcon.colcon_core.package_identification:_identify(src/simulation_gazebo_model/launch_files/turtlebot3_fake_node) by extensions ['colcon_meta']
[0.208s] Level 1:colcon.colcon_core.package_identification:_identify(src/simulation_gazebo_model/launch_files/turtlebot3_fake_node) by extension 'colcon_meta'
[0.208s] Level 1:colcon.colcon_core.package_identification:_identify(src/simulation_gazebo_model/launch_files/turtlebot3_fake_node) by extensions ['ros']
[0.208s] Level 1:colcon.colcon_core.package_identification:_identify(src/simulation_gazebo_model/launch_files/turtlebot3_fake_node) by extension 'ros'
[0.208s] DEBUG:colcon.colcon_core.package_identification:Package 'src/simulation_gazebo_model/launch_files/turtlebot3_fake_node' with type 'ros.ament_cmake' and name 'turtlebot3_fake_node'
[0.208s] Level 1:colcon.colcon_core.package_identification:_identify(src/simulation_gazebo_model/launch_files/turtlebot3_gazebo) by extensions ['ignore', 'ignore_ament_install']
[0.208s] Level 1:colcon.colcon_core.package_identification:_identify(src/simulation_gazebo_model/launch_files/turtlebot3_gazebo) by extension 'ignore'
[0.208s] Level 1:colcon.colcon_core.package_identification:_identify(src/simulation_gazebo_model/launch_files/turtlebot3_gazebo) by extension 'ignore_ament_install'
[0.209s] Level 1:colcon.colcon_core.package_identification:_identify(src/simulation_gazebo_model/launch_files/turtlebot3_gazebo) by extensions ['colcon_pkg']
[0.209s] Level 1:colcon.colcon_core.package_identification:_identify(src/simulation_gazebo_model/launch_files/turtlebot3_gazebo) by extension 'colcon_pkg'
[0.209s] Level 1:colcon.colcon_core.package_identification:_identify(src/simulation_gazebo_model/launch_files/turtlebot3_gazebo) by extensions ['colcon_meta']
[0.209s] Level 1:colcon.colcon_core.package_identification:_identify(src/simulation_gazebo_model/launch_files/turtlebot3_gazebo) by extension 'colcon_meta'
[0.209s] Level 1:colcon.colcon_core.package_identification:_identify(src/simulation_gazebo_model/launch_files/turtlebot3_gazebo) by extensions ['ros']
[0.209s] Level 1:colcon.colcon_core.package_identification:_identify(src/simulation_gazebo_model/launch_files/turtlebot3_gazebo) by extension 'ros'
[0.210s] DEBUG:colcon.colcon_core.package_identification:Package 'src/simulation_gazebo_model/launch_files/turtlebot3_gazebo' with type 'ros.ament_cmake' and name 'turtlebot3_gazebo'
[0.210s] Level 1:colcon.colcon_core.package_identification:_identify(src/simulation_gazebo_model/launch_files/turtlebot3_simulations) by extensions ['ignore', 'ignore_ament_install']
[0.210s] Level 1:colcon.colcon_core.package_identification:_identify(src/simulation_gazebo_model/launch_files/turtlebot3_simulations) by extension 'ignore'
[0.210s] Level 1:colcon.colcon_core.package_identification:_identify(src/simulation_gazebo_model/launch_files/turtlebot3_simulations) by extension 'ignore_ament_install'
[0.210s] Level 1:colcon.colcon_core.package_identification:_identify(src/simulation_gazebo_model/launch_files/turtlebot3_simulations) by extensions ['colcon_pkg']
[0.210s] Level 1:colcon.colcon_core.package_identification:_identify(src/simulation_gazebo_model/launch_files/turtlebot3_simulations) by extension 'colcon_pkg'
[0.210s] Level 1:colcon.colcon_core.package_identification:_identify(src/simulation_gazebo_model/launch_files/turtlebot3_simulations) by extensions ['colcon_meta']
[0.210s] Level 1:colcon.colcon_core.package_identification:_identify(src/simulation_gazebo_model/launch_files/turtlebot3_simulations) by extension 'colcon_meta'
[0.210s] Level 1:colcon.colcon_core.package_identification:_identify(src/simulation_gazebo_model/launch_files/turtlebot3_simulations) by extensions ['ros']
[0.210s] Level 1:colcon.colcon_core.package_identification:_identify(src/simulation_gazebo_model/launch_files/turtlebot3_simulations) by extension 'ros'
[0.210s] DEBUG:colcon.colcon_core.package_identification:Package 'src/simulation_gazebo_model/launch_files/turtlebot3_simulations' with type 'ros.ament_cmake' and name 'turtlebot3_simulations'
[0.210s] Level 1:colcon.colcon_core.package_identification:_identify(src/simulation_gazebo_model/sdf_model_urdf_files) by extensions ['ignore', 'ignore_ament_install']
[0.210s] Level 1:colcon.colcon_core.package_identification:_identify(src/simulation_gazebo_model/sdf_model_urdf_files) by extension 'ignore'
[0.210s] Level 1:colcon.colcon_core.package_identification:_identify(src/simulation_gazebo_model/sdf_model_urdf_files) by extension 'ignore_ament_install'
[0.210s] Level 1:colcon.colcon_core.package_identification:_identify(src/simulation_gazebo_model/sdf_model_urdf_files) by extensions ['colcon_pkg']
[0.210s] Level 1:colcon.colcon_core.package_identification:_identify(src/simulation_gazebo_model/sdf_model_urdf_files) by extension 'colcon_pkg'
[0.210s] Level 1:colcon.colcon_core.package_identification:_identify(src/simulation_gazebo_model/sdf_model_urdf_files) by extensions ['colcon_meta']
[0.210s] Level 1:colcon.colcon_core.package_identification:_identify(src/simulation_gazebo_model/sdf_model_urdf_files) by extension 'colcon_meta'
[0.210s] Level 1:colcon.colcon_core.package_identification:_identify(src/simulation_gazebo_model/sdf_model_urdf_files) by extensions ['ros']
[0.210s] Level 1:colcon.colcon_core.package_identification:_identify(src/simulation_gazebo_model/sdf_model_urdf_files) by extension 'ros'
[0.211s] Level 1:colcon.colcon_core.package_identification:_identify(src/simulation_gazebo_model/sdf_model_urdf_files) by extensions ['cmake', 'python']
[0.211s] Level 1:colcon.colcon_core.package_identification:_identify(src/simulation_gazebo_model/sdf_model_urdf_files) by extension 'cmake'
[0.211s] Level 1:colcon.colcon_core.package_identification:_identify(src/simulation_gazebo_model/sdf_model_urdf_files) by extension 'python'
[0.211s] Level 1:colcon.colcon_core.package_identification:_identify(src/simulation_gazebo_model/sdf_model_urdf_files) by extensions ['python_setup_py']
[0.211s] Level 1:colcon.colcon_core.package_identification:_identify(src/simulation_gazebo_model/sdf_model_urdf_files) by extension 'python_setup_py'
[0.211s] Level 1:colcon.colcon_core.package_identification:_identify(src/simulation_gazebo_model/sdf_model_urdf_files/turtlebot3_description) by extensions ['ignore', 'ignore_ament_install']
[0.211s] Level 1:colcon.colcon_core.package_identification:_identify(src/simulation_gazebo_model/sdf_model_urdf_files/turtlebot3_description) by extension 'ignore'
[0.211s] Level 1:colcon.colcon_core.package_identification:_identify(src/simulation_gazebo_model/sdf_model_urdf_files/turtlebot3_description) by extension 'ignore_ament_install'
[0.211s] Level 1:colcon.colcon_core.package_identification:_identify(src/simulation_gazebo_model/sdf_model_urdf_files/turtlebot3_description) by extensions ['colcon_pkg']
[0.211s] Level 1:colcon.colcon_core.package_identification:_identify(src/simulation_gazebo_model/sdf_model_urdf_files/turtlebot3_description) by extension 'colcon_pkg'
[0.211s] Level 1:colcon.colcon_core.package_identification:_identify(src/simulation_gazebo_model/sdf_model_urdf_files/turtlebot3_description) by extensions ['colcon_meta']
[0.211s] Level 1:colcon.colcon_core.package_identification:_identify(src/simulation_gazebo_model/sdf_model_urdf_files/turtlebot3_description) by extension 'colcon_meta'
[0.211s] Level 1:colcon.colcon_core.package_identification:_identify(src/simulation_gazebo_model/sdf_model_urdf_files/turtlebot3_description) by extensions ['ros']
[0.211s] Level 1:colcon.colcon_core.package_identification:_identify(src/simulation_gazebo_model/sdf_model_urdf_files/turtlebot3_description) by extension 'ros'
[0.211s] DEBUG:colcon.colcon_core.package_identification:Package 'src/simulation_gazebo_model/sdf_model_urdf_files/turtlebot3_description' with type 'ros.ament_cmake' and name 'turtlebot3_description'
[0.211s] Level 1:colcon.colcon_core.package_identification:_identify(src/terrain_analysis) by extensions ['ignore', 'ignore_ament_install']
[0.211s] Level 1:colcon.colcon_core.package_identification:_identify(src/terrain_analysis) by extension 'ignore'
[0.211s] Level 1:colcon.colcon_core.package_identification:_identify(src/terrain_analysis) by extension 'ignore_ament_install'
[0.211s] Level 1:colcon.colcon_core.package_identification:_identify(src/terrain_analysis) by extensions ['colcon_pkg']
[0.211s] Level 1:colcon.colcon_core.package_identification:_identify(src/terrain_analysis) by extension 'colcon_pkg'
[0.211s] Level 1:colcon.colcon_core.package_identification:_identify(src/terrain_analysis) by extensions ['colcon_meta']
[0.211s] Level 1:colcon.colcon_core.package_identification:_identify(src/terrain_analysis) by extension 'colcon_meta'
[0.211s] Level 1:colcon.colcon_core.package_identification:_identify(src/terrain_analysis) by extensions ['ros']
[0.211s] Level 1:colcon.colcon_core.package_identification:_identify(src/terrain_analysis) by extension 'ros'
[0.212s] DEBUG:colcon.colcon_core.package_identification:Package 'src/terrain_analysis' with type 'ros.ament_cmake' and name 'terrain_analysis'
[0.212s] Level 1:colcon.colcon_core.package_identification:_identify(src/terrain_analysis_ext) by extensions ['ignore', 'ignore_ament_install']
[0.212s] Level 1:colcon.colcon_core.package_identification:_identify(src/terrain_analysis_ext) by extension 'ignore'
[0.212s] Level 1:colcon.colcon_core.package_identification:_identify(src/terrain_analysis_ext) by extension 'ignore_ament_install'
[0.212s] Level 1:colcon.colcon_core.package_identification:_identify(src/terrain_analysis_ext) by extensions ['colcon_pkg']
[0.212s] Level 1:colcon.colcon_core.package_identification:_identify(src/terrain_analysis_ext) by extension 'colcon_pkg'
[0.212s] Level 1:colcon.colcon_core.package_identification:_identify(src/terrain_analysis_ext) by extensions ['colcon_meta']
[0.212s] Level 1:colcon.colcon_core.package_identification:_identify(src/terrain_analysis_ext) by extension 'colcon_meta'
[0.212s] Level 1:colcon.colcon_core.package_identification:_identify(src/terrain_analysis_ext) by extensions ['ros']
[0.212s] Level 1:colcon.colcon_core.package_identification:_identify(src/terrain_analysis_ext) by extension 'ros'
[0.212s] DEBUG:colcon.colcon_core.package_identification:Package 'src/terrain_analysis_ext' with type 'ros.ament_cmake' and name 'terrain_analysis_ext'
[0.212s] Level 1:colcon.colcon_core.package_identification:_identify(src/vehicle_simulator) by extensions ['ignore', 'ignore_ament_install']
[0.212s] Level 1:colcon.colcon_core.package_identification:_identify(src/vehicle_simulator) by extension 'ignore'
[0.212s] Level 1:colcon.colcon_core.package_identification:_identify(src/vehicle_simulator) by extension 'ignore_ament_install'
[0.212s] Level 1:colcon.colcon_core.package_identification:_identify(src/vehicle_simulator) by extensions ['colcon_pkg']
[0.212s] Level 1:colcon.colcon_core.package_identification:_identify(src/vehicle_simulator) by extension 'colcon_pkg'
[0.212s] Level 1:colcon.colcon_core.package_identification:_identify(src/vehicle_simulator) by extensions ['colcon_meta']
[0.212s] Level 1:colcon.colcon_core.package_identification:_identify(src/vehicle_simulator) by extension 'colcon_meta'
[0.212s] Level 1:colcon.colcon_core.package_identification:_identify(src/vehicle_simulator) by extensions ['ros']
[0.212s] Level 1:colcon.colcon_core.package_identification:_identify(src/vehicle_simulator) by extension 'ros'
[0.213s] DEBUG:colcon.colcon_core.package_identification:Package 'src/vehicle_simulator' with type 'ros.ament_cmake' and name 'vehicle_simulator'
[0.213s] Level 1:colcon.colcon_core.package_identification:_identify(src/visualization_tools) by extensions ['ignore', 'ignore_ament_install']
[0.213s] Level 1:colcon.colcon_core.package_identification:_identify(src/visualization_tools) by extension 'ignore'
[0.213s] Level 1:colcon.colcon_core.package_identification:_identify(src/visualization_tools) by extension 'ignore_ament_install'
[0.213s] Level 1:colcon.colcon_core.package_identification:_identify(src/visualization_tools) by extensions ['colcon_pkg']
[0.213s] Level 1:colcon.colcon_core.package_identification:_identify(src/visualization_tools) by extension 'colcon_pkg'
[0.213s] Level 1:colcon.colcon_core.package_identification:_identify(src/visualization_tools) by extensions ['colcon_meta']
[0.213s] Level 1:colcon.colcon_core.package_identification:_identify(src/visualization_tools) by extension 'colcon_meta'
[0.213s] Level 1:colcon.colcon_core.package_identification:_identify(src/visualization_tools) by extensions ['ros']
[0.213s] Level 1:colcon.colcon_core.package_identification:_identify(src/visualization_tools) by extension 'ros'
[0.213s] DEBUG:colcon.colcon_core.package_identification:Package 'src/visualization_tools' with type 'ros.ament_cmake' and name 'visualization_tools'
[0.213s] Level 1:colcon.colcon_core.package_identification:_identify(src/visualization_tools_py) by extensions ['ignore', 'ignore_ament_install']
[0.213s] Level 1:colcon.colcon_core.package_identification:_identify(src/visualization_tools_py) by extension 'ignore'
[0.213s] Level 1:colcon.colcon_core.package_identification:_identify(src/visualization_tools_py) by extension 'ignore_ament_install'
[0.213s] Level 1:colcon.colcon_core.package_identification:_identify(src/visualization_tools_py) by extensions ['colcon_pkg']
[0.213s] Level 1:colcon.colcon_core.package_identification:_identify(src/visualization_tools_py) by extension 'colcon_pkg'
[0.213s] Level 1:colcon.colcon_core.package_identification:_identify(src/visualization_tools_py) by extensions ['colcon_meta']
[0.213s] Level 1:colcon.colcon_core.package_identification:_identify(src/visualization_tools_py) by extension 'colcon_meta'
[0.213s] Level 1:colcon.colcon_core.package_identification:_identify(src/visualization_tools_py) by extensions ['ros']
[0.213s] Level 1:colcon.colcon_core.package_identification:_identify(src/visualization_tools_py) by extension 'ros'
[0.214s] DEBUG:colcon.colcon_core.package_identification:Package 'src/visualization_tools_py' with type 'ros.ament_python' and name 'visualization_tools_py'
[0.214s] Level 1:colcon.colcon_core.package_discovery:discover_packages(recursive) using defaults
[0.214s] Level 1:colcon.colcon_core.package_discovery:discover_packages(ignore) discover
[0.214s] Level 1:colcon.colcon_core.package_discovery:discover_packages(ignore) using defaults
[0.214s] Level 1:colcon.colcon_core.package_discovery:discover_packages(path) discover
[0.214s] Level 1:colcon.colcon_core.package_discovery:discover_packages(path) using defaults
[0.226s] Level 1:colcon.colcon_core.package_discovery:discover_packages(prefix_path) check parameters
[0.226s] Level 1:colcon.colcon_core.package_discovery:discover_packages(prefix_path) discover
[0.228s] DEBUG:colcon.colcon_installed_package_information.package_discovery:Found 300 installed packages in /opt/ros/foxy
[0.229s] Level 1:colcon.colcon_core.package_discovery:discover_packages(prefix_path) using defaults
[0.268s] Level 5:colcon.colcon_core.verb:set package 'bspline_opt' build argument 'cmake_args' from command line to 'None'
[0.269s] Level 5:colcon.colcon_core.verb:set package 'bspline_opt' build argument 'cmake_target' from command line to 'None'
[0.269s] Level 5:colcon.colcon_core.verb:set package 'bspline_opt' build argument 'cmake_target_skip_unavailable' from command line to 'False'
[0.269s] Level 5:colcon.colcon_core.verb:set package 'bspline_opt' build argument 'cmake_clean_cache' from command line to 'False'
[0.269s] Level 5:colcon.colcon_core.verb:set package 'bspline_opt' build argument 'cmake_clean_first' from command line to 'False'
[0.269s] Level 5:colcon.colcon_core.verb:set package 'bspline_opt' build argument 'cmake_force_configure' from command line to 'False'
[0.269s] Level 5:colcon.colcon_core.verb:set package 'bspline_opt' build argument 'ament_cmake_args' from command line to 'None'
[0.269s] Level 5:colcon.colcon_core.verb:set package 'bspline_opt' build argument 'catkin_cmake_args' from command line to 'None'
[0.269s] Level 5:colcon.colcon_core.verb:set package 'bspline_opt' build argument 'catkin_skip_building_tests' from command line to 'False'
[0.269s] DEBUG:colcon.colcon_core.verb:Building package 'bspline_opt' with the following arguments: {'ament_cmake_args': None, 'build_base': '/home/suxin/English_Path/test111/autonomous_navigation_environment_ego/build/bspline_opt', 'catkin_cmake_args': None, 'catkin_skip_building_tests': False, 'cmake_args': None, 'cmake_clean_cache': False, 'cmake_clean_first': False, 'cmake_force_configure': False, 'cmake_target': None, 'cmake_target_skip_unavailable': False, 'install_base': '/home/suxin/English_Path/test111/autonomous_navigation_environment_ego/install/bspline_opt', 'merge_install': False, 'path': '/home/suxin/English_Path/test111/autonomous_navigation_environment_ego/src/ego_planner_ros2/src/planner/bspline_opt', 'symlink_install': True, 'test_result_base': None}
[0.269s] Level 5:colcon.colcon_core.verb:set package 'local_pcl_map_provider' build argument 'cmake_args' from command line to 'None'
[0.269s] Level 5:colcon.colcon_core.verb:set package 'local_pcl_map_provider' build argument 'cmake_target' from command line to 'None'
[0.269s] Level 5:colcon.colcon_core.verb:set package 'local_pcl_map_provider' build argument 'cmake_target_skip_unavailable' from command line to 'False'
[0.269s] Level 5:colcon.colcon_core.verb:set package 'local_pcl_map_provider' build argument 'cmake_clean_cache' from command line to 'False'
[0.269s] Level 5:colcon.colcon_core.verb:set package 'local_pcl_map_provider' build argument 'cmake_clean_first' from command line to 'False'
[0.269s] Level 5:colcon.colcon_core.verb:set package 'local_pcl_map_provider' build argument 'cmake_force_configure' from command line to 'False'
[0.269s] Level 5:colcon.colcon_core.verb:set package 'local_pcl_map_provider' build argument 'ament_cmake_args' from command line to 'None'
[0.269s] Level 5:colcon.colcon_core.verb:set package 'local_pcl_map_provider' build argument 'catkin_cmake_args' from command line to 'None'
[0.269s] Level 5:colcon.colcon_core.verb:set package 'local_pcl_map_provider' build argument 'catkin_skip_building_tests' from command line to 'False'
[0.269s] DEBUG:colcon.colcon_core.verb:Building package 'local_pcl_map_provider' with the following arguments: {'ament_cmake_args': None, 'build_base': '/home/suxin/English_Path/test111/autonomous_navigation_environment_ego/build/local_pcl_map_provider', 'catkin_cmake_args': None, 'catkin_skip_building_tests': False, 'cmake_args': None, 'cmake_clean_cache': False, 'cmake_clean_first': False, 'cmake_force_configure': False, 'cmake_target': None, 'cmake_target_skip_unavailable': False, 'install_base': '/home/suxin/English_Path/test111/autonomous_navigation_environment_ego/install/local_pcl_map_provider', 'merge_install': False, 'path': '/home/suxin/English_Path/test111/autonomous_navigation_environment_ego/src/ego_planner_ros2/src/uav_simulator/local_pcl_map_provider', 'symlink_install': True, 'test_result_base': None}
[0.269s] Level 5:colcon.colcon_core.verb:set package 'local_planner' build argument 'cmake_args' from command line to 'None'
[0.269s] Level 5:colcon.colcon_core.verb:set package 'local_planner' build argument 'cmake_target' from command line to 'None'
[0.269s] Level 5:colcon.colcon_core.verb:set package 'local_planner' build argument 'cmake_target_skip_unavailable' from command line to 'False'
[0.269s] Level 5:colcon.colcon_core.verb:set package 'local_planner' build argument 'cmake_clean_cache' from command line to 'False'
[0.269s] Level 5:colcon.colcon_core.verb:set package 'local_planner' build argument 'cmake_clean_first' from command line to 'False'
[0.269s] Level 5:colcon.colcon_core.verb:set package 'local_planner' build argument 'cmake_force_configure' from command line to 'False'
[0.269s] Level 5:colcon.colcon_core.verb:set package 'local_planner' build argument 'ament_cmake_args' from command line to 'None'
[0.269s] Level 5:colcon.colcon_core.verb:set package 'local_planner' build argument 'catkin_cmake_args' from command line to 'None'
[0.269s] Level 5:colcon.colcon_core.verb:set package 'local_planner' build argument 'catkin_skip_building_tests' from command line to 'False'
[0.269s] DEBUG:colcon.colcon_core.verb:Building package 'local_planner' with the following arguments: {'ament_cmake_args': None, 'build_base': '/home/suxin/English_Path/test111/autonomous_navigation_environment_ego/build/local_planner', 'catkin_cmake_args': None, 'catkin_skip_building_tests': False, 'cmake_args': None, 'cmake_clean_cache': False, 'cmake_clean_first': False, 'cmake_force_configure': False, 'cmake_target': None, 'cmake_target_skip_unavailable': False, 'install_base': '/home/suxin/English_Path/test111/autonomous_navigation_environment_ego/install/local_planner', 'merge_install': False, 'path': '/home/suxin/English_Path/test111/autonomous_navigation_environment_ego/src/local_planner', 'symlink_install': True, 'test_result_base': None}
[0.269s] Level 5:colcon.colcon_core.verb:set package 'map_generator' build argument 'cmake_args' from command line to 'None'
[0.269s] Level 5:colcon.colcon_core.verb:set package 'map_generator' build argument 'cmake_target' from command line to 'None'
[0.269s] Level 5:colcon.colcon_core.verb:set package 'map_generator' build argument 'cmake_target_skip_unavailable' from command line to 'False'
[0.269s] Level 5:colcon.colcon_core.verb:set package 'map_generator' build argument 'cmake_clean_cache' from command line to 'False'
[0.269s] Level 5:colcon.colcon_core.verb:set package 'map_generator' build argument 'cmake_clean_first' from command line to 'False'
[0.269s] Level 5:colcon.colcon_core.verb:set package 'map_generator' build argument 'cmake_force_configure' from command line to 'False'
[0.269s] Level 5:colcon.colcon_core.verb:set package 'map_generator' build argument 'ament_cmake_args' from command line to 'None'
[0.269s] Level 5:colcon.colcon_core.verb:set package 'map_generator' build argument 'catkin_cmake_args' from command line to 'None'
[0.269s] Level 5:colcon.colcon_core.verb:set package 'map_generator' build argument 'catkin_skip_building_tests' from command line to 'False'
[0.270s] DEBUG:colcon.colcon_core.verb:Building package 'map_generator' with the following arguments: {'ament_cmake_args': None, 'build_base': '/home/suxin/English_Path/test111/autonomous_navigation_environment_ego/build/map_generator', 'catkin_cmake_args': None, 'catkin_skip_building_tests': False, 'cmake_args': None, 'cmake_clean_cache': False, 'cmake_clean_first': False, 'cmake_force_configure': False, 'cmake_target': None, 'cmake_target_skip_unavailable': False, 'install_base': '/home/suxin/English_Path/test111/autonomous_navigation_environment_ego/install/map_generator', 'merge_install': False, 'path': '/home/suxin/English_Path/test111/autonomous_navigation_environment_ego/src/ego_planner_ros2/src/uav_simulator/map_generator', 'symlink_install': True, 'test_result_base': None}
[0.270s] Level 5:colcon.colcon_core.verb:set package 'path_searching' build argument 'cmake_args' from command line to 'None'
[0.270s] Level 5:colcon.colcon_core.verb:set package 'path_searching' build argument 'cmake_target' from command line to 'None'
[0.270s] Level 5:colcon.colcon_core.verb:set package 'path_searching' build argument 'cmake_target_skip_unavailable' from command line to 'False'
[0.270s] Level 5:colcon.colcon_core.verb:set package 'path_searching' build argument 'cmake_clean_cache' from command line to 'False'
[0.270s] Level 5:colcon.colcon_core.verb:set package 'path_searching' build argument 'cmake_clean_first' from command line to 'False'
[0.270s] Level 5:colcon.colcon_core.verb:set package 'path_searching' build argument 'cmake_force_configure' from command line to 'False'
[0.270s] Level 5:colcon.colcon_core.verb:set package 'path_searching' build argument 'ament_cmake_args' from command line to 'None'
[0.270s] Level 5:colcon.colcon_core.verb:set package 'path_searching' build argument 'catkin_cmake_args' from command line to 'None'
[0.270s] Level 5:colcon.colcon_core.verb:set package 'path_searching' build argument 'catkin_skip_building_tests' from command line to 'False'
[0.270s] DEBUG:colcon.colcon_core.verb:Building package 'path_searching' with the following arguments: {'ament_cmake_args': None, 'build_base': '/home/suxin/English_Path/test111/autonomous_navigation_environment_ego/build/path_searching', 'catkin_cmake_args': None, 'catkin_skip_building_tests': False, 'cmake_args': None, 'cmake_clean_cache': False, 'cmake_clean_first': False, 'cmake_force_configure': False, 'cmake_target': None, 'cmake_target_skip_unavailable': False, 'install_base': '/home/suxin/English_Path/test111/autonomous_navigation_environment_ego/install/path_searching', 'merge_install': False, 'path': '/home/suxin/English_Path/test111/autonomous_navigation_environment_ego/src/ego_planner_ros2/src/planner/path_searching', 'symlink_install': True, 'test_result_base': None}
[0.270s] Level 5:colcon.colcon_core.verb:set package 'plan_env' build argument 'cmake_args' from command line to 'None'
[0.270s] Level 5:colcon.colcon_core.verb:set package 'plan_env' build argument 'cmake_target' from command line to 'None'
[0.270s] Level 5:colcon.colcon_core.verb:set package 'plan_env' build argument 'cmake_target_skip_unavailable' from command line to 'False'
[0.270s] Level 5:colcon.colcon_core.verb:set package 'plan_env' build argument 'cmake_clean_cache' from command line to 'False'
[0.270s] Level 5:colcon.colcon_core.verb:set package 'plan_env' build argument 'cmake_clean_first' from command line to 'False'
[0.270s] Level 5:colcon.colcon_core.verb:set package 'plan_env' build argument 'cmake_force_configure' from command line to 'False'
[0.270s] Level 5:colcon.colcon_core.verb:set package 'plan_env' build argument 'ament_cmake_args' from command line to 'None'
[0.270s] Level 5:colcon.colcon_core.verb:set package 'plan_env' build argument 'catkin_cmake_args' from command line to 'None'
[0.270s] Level 5:colcon.colcon_core.verb:set package 'plan_env' build argument 'catkin_skip_building_tests' from command line to 'False'
[0.270s] DEBUG:colcon.colcon_core.verb:Building package 'plan_env' with the following arguments: {'ament_cmake_args': None, 'build_base': '/home/suxin/English_Path/test111/autonomous_navigation_environment_ego/build/plan_env', 'catkin_cmake_args': None, 'catkin_skip_building_tests': False, 'cmake_args': None, 'cmake_clean_cache': False, 'cmake_clean_first': False, 'cmake_force_configure': False, 'cmake_target': None, 'cmake_target_skip_unavailable': False, 'install_base': '/home/suxin/English_Path/test111/autonomous_navigation_environment_ego/install/plan_env', 'merge_install': False, 'path': '/home/suxin/English_Path/test111/autonomous_navigation_environment_ego/src/ego_planner_ros2/src/planner/plan_env', 'symlink_install': True, 'test_result_base': None}
[0.270s] Level 5:colcon.colcon_core.verb:set package 'pose_utils' build argument 'cmake_args' from command line to 'None'
[0.270s] Level 5:colcon.colcon_core.verb:set package 'pose_utils' build argument 'cmake_target' from command line to 'None'
[0.270s] Level 5:colcon.colcon_core.verb:set package 'pose_utils' build argument 'cmake_target_skip_unavailable' from command line to 'False'
[0.270s] Level 5:colcon.colcon_core.verb:set package 'pose_utils' build argument 'cmake_clean_cache' from command line to 'False'
[0.270s] Level 5:colcon.colcon_core.verb:set package 'pose_utils' build argument 'cmake_clean_first' from command line to 'False'
[0.270s] Level 5:colcon.colcon_core.verb:set package 'pose_utils' build argument 'cmake_force_configure' from command line to 'False'
[0.270s] Level 5:colcon.colcon_core.verb:set package 'pose_utils' build argument 'ament_cmake_args' from command line to 'None'
[0.270s] Level 5:colcon.colcon_core.verb:set package 'pose_utils' build argument 'catkin_cmake_args' from command line to 'None'
[0.270s] Level 5:colcon.colcon_core.verb:set package 'pose_utils' build argument 'catkin_skip_building_tests' from command line to 'False'
[0.270s] DEBUG:colcon.colcon_core.verb:Building package 'pose_utils' with the following arguments: {'ament_cmake_args': None, 'build_base': '/home/suxin/English_Path/test111/autonomous_navigation_environment_ego/build/pose_utils', 'catkin_cmake_args': None, 'catkin_skip_building_tests': False, 'cmake_args': None, 'cmake_clean_cache': False, 'cmake_clean_first': False, 'cmake_force_configure': False, 'cmake_target': None, 'cmake_target_skip_unavailable': False, 'install_base': '/home/suxin/English_Path/test111/autonomous_navigation_environment_ego/install/pose_utils', 'merge_install': False, 'path': '/home/suxin/English_Path/test111/autonomous_navigation_environment_ego/src/ego_planner_ros2/src/uav_simulator/Utils/pose_utils', 'symlink_install': True, 'test_result_base': None}
[0.270s] Level 5:colcon.colcon_core.verb:set package 'quadrotor_msgs' build argument 'cmake_args' from command line to 'None'
[0.270s] Level 5:colcon.colcon_core.verb:set package 'quadrotor_msgs' build argument 'cmake_target' from command line to 'None'
[0.270s] Level 5:colcon.colcon_core.verb:set package 'quadrotor_msgs' build argument 'cmake_target_skip_unavailable' from command line to 'False'
[0.271s] Level 5:colcon.colcon_core.verb:set package 'quadrotor_msgs' build argument 'cmake_clean_cache' from command line to 'False'
[0.271s] Level 5:colcon.colcon_core.verb:set package 'quadrotor_msgs' build argument 'cmake_clean_first' from command line to 'False'
[0.271s] Level 5:colcon.colcon_core.verb:set package 'quadrotor_msgs' build argument 'cmake_force_configure' from command line to 'False'
[0.271s] Level 5:colcon.colcon_core.verb:set package 'quadrotor_msgs' build argument 'ament_cmake_args' from command line to 'None'
[0.271s] Level 5:colcon.colcon_core.verb:set package 'quadrotor_msgs' build argument 'catkin_cmake_args' from command line to 'None'
[0.271s] Level 5:colcon.colcon_core.verb:set package 'quadrotor_msgs' build argument 'catkin_skip_building_tests' from command line to 'False'
[0.271s] DEBUG:colcon.colcon_core.verb:Building package 'quadrotor_msgs' with the following arguments: {'ament_cmake_args': None, 'build_base': '/home/suxin/English_Path/test111/autonomous_navigation_environment_ego/build/quadrotor_msgs', 'catkin_cmake_args': None, 'catkin_skip_building_tests': False, 'cmake_args': None, 'cmake_clean_cache': False, 'cmake_clean_first': False, 'cmake_force_configure': False, 'cmake_target': None, 'cmake_target_skip_unavailable': False, 'install_base': '/home/suxin/English_Path/test111/autonomous_navigation_environment_ego/install/quadrotor_msgs', 'merge_install': False, 'path': '/home/suxin/English_Path/test111/autonomous_navigation_environment_ego/src/ego_planner_ros2/src/uav_simulator/Utils/quadrotor_msgs', 'symlink_install': True, 'test_result_base': None}
[0.271s] Level 5:colcon.colcon_core.verb:set package 'sensor_scan_generation' build argument 'cmake_args' from command line to 'None'
[0.271s] Level 5:colcon.colcon_core.verb:set package 'sensor_scan_generation' build argument 'cmake_target' from command line to 'None'
[0.271s] Level 5:colcon.colcon_core.verb:set package 'sensor_scan_generation' build argument 'cmake_target_skip_unavailable' from command line to 'False'
[0.271s] Level 5:colcon.colcon_core.verb:set package 'sensor_scan_generation' build argument 'cmake_clean_cache' from command line to 'False'
[0.271s] Level 5:colcon.colcon_core.verb:set package 'sensor_scan_generation' build argument 'cmake_clean_first' from command line to 'False'
[0.271s] Level 5:colcon.colcon_core.verb:set package 'sensor_scan_generation' build argument 'cmake_force_configure' from command line to 'False'
[0.271s] Level 5:colcon.colcon_core.verb:set package 'sensor_scan_generation' build argument 'ament_cmake_args' from command line to 'None'
[0.271s] Level 5:colcon.colcon_core.verb:set package 'sensor_scan_generation' build argument 'catkin_cmake_args' from command line to 'None'
[0.271s] Level 5:colcon.colcon_core.verb:set package 'sensor_scan_generation' build argument 'catkin_skip_building_tests' from command line to 'False'
[0.271s] DEBUG:colcon.colcon_core.verb:Building package 'sensor_scan_generation' with the following arguments: {'ament_cmake_args': None, 'build_base': '/home/suxin/English_Path/test111/autonomous_navigation_environment_ego/build/sensor_scan_generation', 'catkin_cmake_args': None, 'catkin_skip_building_tests': False, 'cmake_args': None, 'cmake_clean_cache': False, 'cmake_clean_first': False, 'cmake_force_configure': False, 'cmake_target': None, 'cmake_target_skip_unavailable': False, 'install_base': '/home/suxin/English_Path/test111/autonomous_navigation_environment_ego/install/sensor_scan_generation', 'merge_install': False, 'path': '/home/suxin/English_Path/test111/autonomous_navigation_environment_ego/src/sensor_scan_generation', 'symlink_install': True, 'test_result_base': None}
[0.271s] Level 5:colcon.colcon_core.verb:set package 'terrain_analysis' build argument 'cmake_args' from command line to 'None'
[0.271s] Level 5:colcon.colcon_core.verb:set package 'terrain_analysis' build argument 'cmake_target' from command line to 'None'
[0.271s] Level 5:colcon.colcon_core.verb:set package 'terrain_analysis' build argument 'cmake_target_skip_unavailable' from command line to 'False'
[0.271s] Level 5:colcon.colcon_core.verb:set package 'terrain_analysis' build argument 'cmake_clean_cache' from command line to 'False'
[0.271s] Level 5:colcon.colcon_core.verb:set package 'terrain_analysis' build argument 'cmake_clean_first' from command line to 'False'
[0.271s] Level 5:colcon.colcon_core.verb:set package 'terrain_analysis' build argument 'cmake_force_configure' from command line to 'False'
[0.271s] Level 5:colcon.colcon_core.verb:set package 'terrain_analysis' build argument 'ament_cmake_args' from command line to 'None'
[0.271s] Level 5:colcon.colcon_core.verb:set package 'terrain_analysis' build argument 'catkin_cmake_args' from command line to 'None'
[0.271s] Level 5:colcon.colcon_core.verb:set package 'terrain_analysis' build argument 'catkin_skip_building_tests' from command line to 'False'
[0.271s] DEBUG:colcon.colcon_core.verb:Building package 'terrain_analysis' with the following arguments: {'ament_cmake_args': None, 'build_base': '/home/suxin/English_Path/test111/autonomous_navigation_environment_ego/build/terrain_analysis', 'catkin_cmake_args': None, 'catkin_skip_building_tests': False, 'cmake_args': None, 'cmake_clean_cache': False, 'cmake_clean_first': False, 'cmake_force_configure': False, 'cmake_target': None, 'cmake_target_skip_unavailable': False, 'install_base': '/home/suxin/English_Path/test111/autonomous_navigation_environment_ego/install/terrain_analysis', 'merge_install': False, 'path': '/home/suxin/English_Path/test111/autonomous_navigation_environment_ego/src/terrain_analysis', 'symlink_install': True, 'test_result_base': None}
[0.271s] Level 5:colcon.colcon_core.verb:set package 'terrain_analysis_ext' build argument 'cmake_args' from command line to 'None'
[0.271s] Level 5:colcon.colcon_core.verb:set package 'terrain_analysis_ext' build argument 'cmake_target' from command line to 'None'
[0.271s] Level 5:colcon.colcon_core.verb:set package 'terrain_analysis_ext' build argument 'cmake_target_skip_unavailable' from command line to 'False'
[0.271s] Level 5:colcon.colcon_core.verb:set package 'terrain_analysis_ext' build argument 'cmake_clean_cache' from command line to 'False'
[0.271s] Level 5:colcon.colcon_core.verb:set package 'terrain_analysis_ext' build argument 'cmake_clean_first' from command line to 'False'
[0.271s] Level 5:colcon.colcon_core.verb:set package 'terrain_analysis_ext' build argument 'cmake_force_configure' from command line to 'False'
[0.271s] Level 5:colcon.colcon_core.verb:set package 'terrain_analysis_ext' build argument 'ament_cmake_args' from command line to 'None'
[0.271s] Level 5:colcon.colcon_core.verb:set package 'terrain_analysis_ext' build argument 'catkin_cmake_args' from command line to 'None'
[0.271s] Level 5:colcon.colcon_core.verb:set package 'terrain_analysis_ext' build argument 'catkin_skip_building_tests' from command line to 'False'
[0.271s] DEBUG:colcon.colcon_core.verb:Building package 'terrain_analysis_ext' with the following arguments: {'ament_cmake_args': None, 'build_base': '/home/suxin/English_Path/test111/autonomous_navigation_environment_ego/build/terrain_analysis_ext', 'catkin_cmake_args': None, 'catkin_skip_building_tests': False, 'cmake_args': None, 'cmake_clean_cache': False, 'cmake_clean_first': False, 'cmake_force_configure': False, 'cmake_target': None, 'cmake_target_skip_unavailable': False, 'install_base': '/home/suxin/English_Path/test111/autonomous_navigation_environment_ego/install/terrain_analysis_ext', 'merge_install': False, 'path': '/home/suxin/English_Path/test111/autonomous_navigation_environment_ego/src/terrain_analysis_ext', 'symlink_install': True, 'test_result_base': None}
[0.272s] Level 5:colcon.colcon_core.verb:set package 'traj_utils' build argument 'cmake_args' from command line to 'None'
[0.272s] Level 5:colcon.colcon_core.verb:set package 'traj_utils' build argument 'cmake_target' from command line to 'None'
[0.272s] Level 5:colcon.colcon_core.verb:set package 'traj_utils' build argument 'cmake_target_skip_unavailable' from command line to 'False'
[0.272s] Level 5:colcon.colcon_core.verb:set package 'traj_utils' build argument 'cmake_clean_cache' from command line to 'False'
[0.272s] Level 5:colcon.colcon_core.verb:set package 'traj_utils' build argument 'cmake_clean_first' from command line to 'False'
[0.272s] Level 5:colcon.colcon_core.verb:set package 'traj_utils' build argument 'cmake_force_configure' from command line to 'False'
[0.272s] Level 5:colcon.colcon_core.verb:set package 'traj_utils' build argument 'ament_cmake_args' from command line to 'None'
[0.272s] Level 5:colcon.colcon_core.verb:set package 'traj_utils' build argument 'catkin_cmake_args' from command line to 'None'
[0.272s] Level 5:colcon.colcon_core.verb:set package 'traj_utils' build argument 'catkin_skip_building_tests' from command line to 'False'
[0.272s] DEBUG:colcon.colcon_core.verb:Building package 'traj_utils' with the following arguments: {'ament_cmake_args': None, 'build_base': '/home/suxin/English_Path/test111/autonomous_navigation_environment_ego/build/traj_utils', 'catkin_cmake_args': None, 'catkin_skip_building_tests': False, 'cmake_args': None, 'cmake_clean_cache': False, 'cmake_clean_first': False, 'cmake_force_configure': False, 'cmake_target': None, 'cmake_target_skip_unavailable': False, 'install_base': '/home/suxin/English_Path/test111/autonomous_navigation_environment_ego/install/traj_utils', 'merge_install': False, 'path': '/home/suxin/English_Path/test111/autonomous_navigation_environment_ego/src/ego_planner_ros2/src/planner/traj_utils_z', 'symlink_install': True, 'test_result_base': None}
[0.272s] Level 5:colcon.colcon_core.verb:set package 'traj_utils_so' build argument 'cmake_args' from command line to 'None'
[0.272s] Level 5:colcon.colcon_core.verb:set package 'traj_utils_so' build argument 'cmake_target' from command line to 'None'
[0.272s] Level 5:colcon.colcon_core.verb:set package 'traj_utils_so' build argument 'cmake_target_skip_unavailable' from command line to 'False'
[0.272s] Level 5:colcon.colcon_core.verb:set package 'traj_utils_so' build argument 'cmake_clean_cache' from command line to 'False'
[0.272s] Level 5:colcon.colcon_core.verb:set package 'traj_utils_so' build argument 'cmake_clean_first' from command line to 'False'
[0.272s] Level 5:colcon.colcon_core.verb:set package 'traj_utils_so' build argument 'cmake_force_configure' from command line to 'False'
[0.272s] Level 5:colcon.colcon_core.verb:set package 'traj_utils_so' build argument 'ament_cmake_args' from command line to 'None'
[0.272s] Level 5:colcon.colcon_core.verb:set package 'traj_utils_so' build argument 'catkin_cmake_args' from command line to 'None'
[0.272s] Level 5:colcon.colcon_core.verb:set package 'traj_utils_so' build argument 'catkin_skip_building_tests' from command line to 'False'
[0.272s] DEBUG:colcon.colcon_core.verb:Building package 'traj_utils_so' with the following arguments: {'ament_cmake_args': None, 'build_base': '/home/suxin/English_Path/test111/autonomous_navigation_environment_ego/build/traj_utils_so', 'catkin_cmake_args': None, 'catkin_skip_building_tests': False, 'cmake_args': None, 'cmake_clean_cache': False, 'cmake_clean_first': False, 'cmake_force_configure': False, 'cmake_target': None, 'cmake_target_skip_unavailable': False, 'install_base': '/home/suxin/English_Path/test111/autonomous_navigation_environment_ego/install/traj_utils_so', 'merge_install': False, 'path': '/home/suxin/English_Path/test111/autonomous_navigation_environment_ego/src/ego_planner_ros2/src/planner/traj_utils_so', 'symlink_install': True, 'test_result_base': None}
[0.272s] Level 5:colcon.colcon_core.verb:set package 'turtlebot3_description' build argument 'cmake_args' from command line to 'None'
[0.272s] Level 5:colcon.colcon_core.verb:set package 'turtlebot3_description' build argument 'cmake_target' from command line to 'None'
[0.272s] Level 5:colcon.colcon_core.verb:set package 'turtlebot3_description' build argument 'cmake_target_skip_unavailable' from command line to 'False'
[0.272s] Level 5:colcon.colcon_core.verb:set package 'turtlebot3_description' build argument 'cmake_clean_cache' from command line to 'False'
[0.272s] Level 5:colcon.colcon_core.verb:set package 'turtlebot3_description' build argument 'cmake_clean_first' from command line to 'False'
[0.272s] Level 5:colcon.colcon_core.verb:set package 'turtlebot3_description' build argument 'cmake_force_configure' from command line to 'False'
[0.272s] Level 5:colcon.colcon_core.verb:set package 'turtlebot3_description' build argument 'ament_cmake_args' from command line to 'None'
[0.272s] Level 5:colcon.colcon_core.verb:set package 'turtlebot3_description' build argument 'catkin_cmake_args' from command line to 'None'
[0.272s] Level 5:colcon.colcon_core.verb:set package 'turtlebot3_description' build argument 'catkin_skip_building_tests' from command line to 'False'
[0.272s] DEBUG:colcon.colcon_core.verb:Building package 'turtlebot3_description' with the following arguments: {'ament_cmake_args': None, 'build_base': '/home/suxin/English_Path/test111/autonomous_navigation_environment_ego/build/turtlebot3_description', 'catkin_cmake_args': None, 'catkin_skip_building_tests': False, 'cmake_args': None, 'cmake_clean_cache': False, 'cmake_clean_first': False, 'cmake_force_configure': False, 'cmake_target': None, 'cmake_target_skip_unavailable': False, 'install_base': '/home/suxin/English_Path/test111/autonomous_navigation_environment_ego/install/turtlebot3_description', 'merge_install': False, 'path': '/home/suxin/English_Path/test111/autonomous_navigation_environment_ego/src/simulation_gazebo_model/sdf_model_urdf_files/turtlebot3_description', 'symlink_install': True, 'test_result_base': None}
[0.272s] Level 5:colcon.colcon_core.verb:set package 'turtlebot3_fake_node' build argument 'cmake_args' from command line to 'None'
[0.272s] Level 5:colcon.colcon_core.verb:set package 'turtlebot3_fake_node' build argument 'cmake_target' from command line to 'None'
[0.272s] Level 5:colcon.colcon_core.verb:set package 'turtlebot3_fake_node' build argument 'cmake_target_skip_unavailable' from command line to 'False'
[0.272s] Level 5:colcon.colcon_core.verb:set package 'turtlebot3_fake_node' build argument 'cmake_clean_cache' from command line to 'False'
[0.272s] Level 5:colcon.colcon_core.verb:set package 'turtlebot3_fake_node' build argument 'cmake_clean_first' from command line to 'False'
[0.272s] Level 5:colcon.colcon_core.verb:set package 'turtlebot3_fake_node' build argument 'cmake_force_configure' from command line to 'False'
[0.272s] Level 5:colcon.colcon_core.verb:set package 'turtlebot3_fake_node' build argument 'ament_cmake_args' from command line to 'None'
[0.272s] Level 5:colcon.colcon_core.verb:set package 'turtlebot3_fake_node' build argument 'catkin_cmake_args' from command line to 'None'
[0.272s] Level 5:colcon.colcon_core.verb:set package 'turtlebot3_fake_node' build argument 'catkin_skip_building_tests' from command line to 'False'
[0.272s] DEBUG:colcon.colcon_core.verb:Building package 'turtlebot3_fake_node' with the following arguments: {'ament_cmake_args': None, 'build_base': '/home/suxin/English_Path/test111/autonomous_navigation_environment_ego/build/turtlebot3_fake_node', 'catkin_cmake_args': None, 'catkin_skip_building_tests': False, 'cmake_args': None, 'cmake_clean_cache': False, 'cmake_clean_first': False, 'cmake_force_configure': False, 'cmake_target': None, 'cmake_target_skip_unavailable': False, 'install_base': '/home/suxin/English_Path/test111/autonomous_navigation_environment_ego/install/turtlebot3_fake_node', 'merge_install': False, 'path': '/home/suxin/English_Path/test111/autonomous_navigation_environment_ego/src/simulation_gazebo_model/launch_files/turtlebot3_fake_node', 'symlink_install': True, 'test_result_base': None}
[0.273s] Level 5:colcon.colcon_core.verb:set package 'vehicle_simulator' build argument 'cmake_args' from command line to 'None'
[0.273s] Level 5:colcon.colcon_core.verb:set package 'vehicle_simulator' build argument 'cmake_target' from command line to 'None'
[0.273s] Level 5:colcon.colcon_core.verb:set package 'vehicle_simulator' build argument 'cmake_target_skip_unavailable' from command line to 'False'
[0.273s] Level 5:colcon.colcon_core.verb:set package 'vehicle_simulator' build argument 'cmake_clean_cache' from command line to 'False'
[0.273s] Level 5:colcon.colcon_core.verb:set package 'vehicle_simulator' build argument 'cmake_clean_first' from command line to 'False'
[0.273s] Level 5:colcon.colcon_core.verb:set package 'vehicle_simulator' build argument 'cmake_force_configure' from command line to 'False'
[0.273s] Level 5:colcon.colcon_core.verb:set package 'vehicle_simulator' build argument 'ament_cmake_args' from command line to 'None'
[0.273s] Level 5:colcon.colcon_core.verb:set package 'vehicle_simulator' build argument 'catkin_cmake_args' from command line to 'None'
[0.273s] Level 5:colcon.colcon_core.verb:set package 'vehicle_simulator' build argument 'catkin_skip_building_tests' from command line to 'False'
[0.273s] DEBUG:colcon.colcon_core.verb:Building package 'vehicle_simulator' with the following arguments: {'ament_cmake_args': None, 'build_base': '/home/suxin/English_Path/test111/autonomous_navigation_environment_ego/build/vehicle_simulator', 'catkin_cmake_args': None, 'catkin_skip_building_tests': False, 'cmake_args': None, 'cmake_clean_cache': False, 'cmake_clean_first': False, 'cmake_force_configure': False, 'cmake_target': None, 'cmake_target_skip_unavailable': False, 'install_base': '/home/suxin/English_Path/test111/autonomous_navigation_environment_ego/install/vehicle_simulator', 'merge_install': False, 'path': '/home/suxin/English_Path/test111/autonomous_navigation_environment_ego/src/vehicle_simulator', 'symlink_install': True, 'test_result_base': None}
[0.273s] Level 5:colcon.colcon_core.verb:set package 'visualization_tools' build argument 'cmake_args' from command line to 'None'
[0.273s] Level 5:colcon.colcon_core.verb:set package 'visualization_tools' build argument 'cmake_target' from command line to 'None'
[0.273s] Level 5:colcon.colcon_core.verb:set package 'visualization_tools' build argument 'cmake_target_skip_unavailable' from command line to 'False'
[0.273s] Level 5:colcon.colcon_core.verb:set package 'visualization_tools' build argument 'cmake_clean_cache' from command line to 'False'
[0.273s] Level 5:colcon.colcon_core.verb:set package 'visualization_tools' build argument 'cmake_clean_first' from command line to 'False'
[0.273s] Level 5:colcon.colcon_core.verb:set package 'visualization_tools' build argument 'cmake_force_configure' from command line to 'False'
[0.273s] Level 5:colcon.colcon_core.verb:set package 'visualization_tools' build argument 'ament_cmake_args' from command line to 'None'
[0.273s] Level 5:colcon.colcon_core.verb:set package 'visualization_tools' build argument 'catkin_cmake_args' from command line to 'None'
[0.273s] Level 5:colcon.colcon_core.verb:set package 'visualization_tools' build argument 'catkin_skip_building_tests' from command line to 'False'
[0.273s] DEBUG:colcon.colcon_core.verb:Building package 'visualization_tools' with the following arguments: {'ament_cmake_args': None, 'build_base': '/home/suxin/English_Path/test111/autonomous_navigation_environment_ego/build/visualization_tools', 'catkin_cmake_args': None, 'catkin_skip_building_tests': False, 'cmake_args': None, 'cmake_clean_cache': False, 'cmake_clean_first': False, 'cmake_force_configure': False, 'cmake_target': None, 'cmake_target_skip_unavailable': False, 'install_base': '/home/suxin/English_Path/test111/autonomous_navigation_environment_ego/install/visualization_tools', 'merge_install': False, 'path': '/home/suxin/English_Path/test111/autonomous_navigation_environment_ego/src/visualization_tools', 'symlink_install': True, 'test_result_base': None}
[0.273s] Level 5:colcon.colcon_core.verb:set package 'visualization_tools_py' build argument 'cmake_args' from command line to 'None'
[0.273s] Level 5:colcon.colcon_core.verb:set package 'visualization_tools_py' build argument 'cmake_target' from command line to 'None'
[0.273s] Level 5:colcon.colcon_core.verb:set package 'visualization_tools_py' build argument 'cmake_target_skip_unavailable' from command line to 'False'
[0.273s] Level 5:colcon.colcon_core.verb:set package 'visualization_tools_py' build argument 'cmake_clean_cache' from command line to 'False'
[0.273s] Level 5:colcon.colcon_core.verb:set package 'visualization_tools_py' build argument 'cmake_clean_first' from command line to 'False'
[0.273s] Level 5:colcon.colcon_core.verb:set package 'visualization_tools_py' build argument 'cmake_force_configure' from command line to 'False'
[0.273s] Level 5:colcon.colcon_core.verb:set package 'visualization_tools_py' build argument 'ament_cmake_args' from command line to 'None'
[0.273s] Level 5:colcon.colcon_core.verb:set package 'visualization_tools_py' build argument 'catkin_cmake_args' from command line to 'None'
[0.273s] Level 5:colcon.colcon_core.verb:set package 'visualization_tools_py' build argument 'catkin_skip_building_tests' from command line to 'False'
[0.273s] DEBUG:colcon.colcon_core.verb:Building package 'visualization_tools_py' with the following arguments: {'ament_cmake_args': None, 'build_base': '/home/suxin/English_Path/test111/autonomous_navigation_environment_ego/build/visualization_tools_py', 'catkin_cmake_args': None, 'catkin_skip_building_tests': False, 'cmake_args': None, 'cmake_clean_cache': False, 'cmake_clean_first': False, 'cmake_force_configure': False, 'cmake_target': None, 'cmake_target_skip_unavailable': False, 'install_base': '/home/suxin/English_Path/test111/autonomous_navigation_environment_ego/install/visualization_tools_py', 'merge_install': False, 'path': '/home/suxin/English_Path/test111/autonomous_navigation_environment_ego/src/visualization_tools_py', 'symlink_install': True, 'test_result_base': None}
[0.273s] Level 5:colcon.colcon_core.verb:set package 'bridge_test' build argument 'cmake_args' from command line to 'None'
[0.273s] Level 5:colcon.colcon_core.verb:set package 'bridge_test' build argument 'cmake_target' from command line to 'None'
[0.273s] Level 5:colcon.colcon_core.verb:set package 'bridge_test' build argument 'cmake_target_skip_unavailable' from command line to 'False'
[0.273s] Level 5:colcon.colcon_core.verb:set package 'bridge_test' build argument 'cmake_clean_cache' from command line to 'False'
[0.273s] Level 5:colcon.colcon_core.verb:set package 'bridge_test' build argument 'cmake_clean_first' from command line to 'False'
[0.273s] Level 5:colcon.colcon_core.verb:set package 'bridge_test' build argument 'cmake_force_configure' from command line to 'False'
[0.273s] Level 5:colcon.colcon_core.verb:set package 'bridge_test' build argument 'ament_cmake_args' from command line to 'None'
[0.273s] Level 5:colcon.colcon_core.verb:set package 'bridge_test' build argument 'catkin_cmake_args' from command line to 'None'
[0.273s] Level 5:colcon.colcon_core.verb:set package 'bridge_test' build argument 'catkin_skip_building_tests' from command line to 'False'
[0.273s] DEBUG:colcon.colcon_core.verb:Building package 'bridge_test' with the following arguments: {'ament_cmake_args': None, 'build_base': '/home/suxin/English_Path/test111/autonomous_navigation_environment_ego/build/bridge_test', 'catkin_cmake_args': None, 'catkin_skip_building_tests': False, 'cmake_args': None, 'cmake_clean_cache': False, 'cmake_clean_first': False, 'cmake_force_configure': False, 'cmake_target': None, 'cmake_target_skip_unavailable': False, 'install_base': '/home/suxin/English_Path/test111/autonomous_navigation_environment_ego/install/bridge_test', 'merge_install': False, 'path': '/home/suxin/English_Path/test111/autonomous_navigation_environment_ego/src/ego_planner_ros2/src/planner/bridge_test', 'symlink_install': True, 'test_result_base': None}
[0.274s] Level 5:colcon.colcon_core.verb:set package 'ego_planner' build argument 'cmake_args' from command line to 'None'
[0.274s] Level 5:colcon.colcon_core.verb:set package 'ego_planner' build argument 'cmake_target' from command line to 'None'
[0.274s] Level 5:colcon.colcon_core.verb:set package 'ego_planner' build argument 'cmake_target_skip_unavailable' from command line to 'False'
[0.274s] Level 5:colcon.colcon_core.verb:set package 'ego_planner' build argument 'cmake_clean_cache' from command line to 'False'
[0.274s] Level 5:colcon.colcon_core.verb:set package 'ego_planner' build argument 'cmake_clean_first' from command line to 'False'
[0.274s] Level 5:colcon.colcon_core.verb:set package 'ego_planner' build argument 'cmake_force_configure' from command line to 'False'
[0.274s] Level 5:colcon.colcon_core.verb:set package 'ego_planner' build argument 'ament_cmake_args' from command line to 'None'
[0.274s] Level 5:colcon.colcon_core.verb:set package 'ego_planner' build argument 'catkin_cmake_args' from command line to 'None'
[0.274s] Level 5:colcon.colcon_core.verb:set package 'ego_planner' build argument 'catkin_skip_building_tests' from command line to 'False'
[0.274s] DEBUG:colcon.colcon_core.verb:Building package 'ego_planner' with the following arguments: {'ament_cmake_args': None, 'build_base': '/home/suxin/English_Path/test111/autonomous_navigation_environment_ego/build/ego_planner', 'catkin_cmake_args': None, 'catkin_skip_building_tests': False, 'cmake_args': None, 'cmake_clean_cache': False, 'cmake_clean_first': False, 'cmake_force_configure': False, 'cmake_target': None, 'cmake_target_skip_unavailable': False, 'install_base': '/home/suxin/English_Path/test111/autonomous_navigation_environment_ego/install/ego_planner', 'merge_install': False, 'path': '/home/suxin/English_Path/test111/autonomous_navigation_environment_ego/src/ego_planner_ros2/src/planner/plan_manage', 'symlink_install': True, 'test_result_base': None}
[0.274s] Level 5:colcon.colcon_core.verb:set package 'local_sensing_node' build argument 'cmake_args' from command line to 'None'
[0.274s] Level 5:colcon.colcon_core.verb:set package 'local_sensing_node' build argument 'cmake_target' from command line to 'None'
[0.274s] Level 5:colcon.colcon_core.verb:set package 'local_sensing_node' build argument 'cmake_target_skip_unavailable' from command line to 'False'
[0.274s] Level 5:colcon.colcon_core.verb:set package 'local_sensing_node' build argument 'cmake_clean_cache' from command line to 'False'
[0.274s] Level 5:colcon.colcon_core.verb:set package 'local_sensing_node' build argument 'cmake_clean_first' from command line to 'False'
[0.274s] Level 5:colcon.colcon_core.verb:set package 'local_sensing_node' build argument 'cmake_force_configure' from command line to 'False'
[0.274s] Level 5:colcon.colcon_core.verb:set package 'local_sensing_node' build argument 'ament_cmake_args' from command line to 'None'
[0.274s] Level 5:colcon.colcon_core.verb:set package 'local_sensing_node' build argument 'catkin_cmake_args' from command line to 'None'
[0.274s] Level 5:colcon.colcon_core.verb:set package 'local_sensing_node' build argument 'catkin_skip_building_tests' from command line to 'False'
[0.274s] DEBUG:colcon.colcon_core.verb:Building package 'local_sensing_node' with the following arguments: {'ament_cmake_args': None, 'build_base': '/home/suxin/English_Path/test111/autonomous_navigation_environment_ego/build/local_sensing_node', 'catkin_cmake_args': None, 'catkin_skip_building_tests': False, 'cmake_args': None, 'cmake_clean_cache': False, 'cmake_clean_first': False, 'cmake_force_configure': False, 'cmake_target': None, 'cmake_target_skip_unavailable': False, 'install_base': '/home/suxin/English_Path/test111/autonomous_navigation_environment_ego/install/local_sensing_node', 'merge_install': False, 'path': '/home/suxin/English_Path/test111/autonomous_navigation_environment_ego/src/ego_planner_ros2/src/uav_simulator/local_sensing', 'symlink_install': True, 'test_result_base': None}
[0.274s] Level 5:colcon.colcon_core.verb:set package 'new' build argument 'cmake_args' from command line to 'None'
[0.274s] Level 5:colcon.colcon_core.verb:set package 'new' build argument 'cmake_target' from command line to 'None'
[0.274s] Level 5:colcon.colcon_core.verb:set package 'new' build argument 'cmake_target_skip_unavailable' from command line to 'False'
[0.274s] Level 5:colcon.colcon_core.verb:set package 'new' build argument 'cmake_clean_cache' from command line to 'False'
[0.274s] Level 5:colcon.colcon_core.verb:set package 'new' build argument 'cmake_clean_first' from command line to 'False'
[0.274s] Level 5:colcon.colcon_core.verb:set package 'new' build argument 'cmake_force_configure' from command line to 'False'
[0.274s] Level 5:colcon.colcon_core.verb:set package 'new' build argument 'ament_cmake_args' from command line to 'None'
[0.274s] Level 5:colcon.colcon_core.verb:set package 'new' build argument 'catkin_cmake_args' from command line to 'None'
[0.274s] Level 5:colcon.colcon_core.verb:set package 'new' build argument 'catkin_skip_building_tests' from command line to 'False'
[0.274s] DEBUG:colcon.colcon_core.verb:Building package 'new' with the following arguments: {'ament_cmake_args': None, 'build_base': '/home/suxin/English_Path/test111/autonomous_navigation_environment_ego/build/new', 'catkin_cmake_args': None, 'catkin_skip_building_tests': False, 'cmake_args': None, 'cmake_clean_cache': False, 'cmake_clean_first': False, 'cmake_force_configure': False, 'cmake_target': None, 'cmake_target_skip_unavailable': False, 'install_base': '/home/suxin/English_Path/test111/autonomous_navigation_environment_ego/install/new', 'merge_install': False, 'path': '/home/suxin/English_Path/test111/autonomous_navigation_environment_ego/src/ego_planner_ros2/src/planner/new', 'symlink_install': True, 'test_result_base': None}
[0.274s] Level 5:colcon.colcon_core.verb:set package 'odom_visualization' build argument 'cmake_args' from command line to 'None'
[0.274s] Level 5:colcon.colcon_core.verb:set package 'odom_visualization' build argument 'cmake_target' from command line to 'None'
[0.274s] Level 5:colcon.colcon_core.verb:set package 'odom_visualization' build argument 'cmake_target_skip_unavailable' from command line to 'False'
[0.274s] Level 5:colcon.colcon_core.verb:set package 'odom_visualization' build argument 'cmake_clean_cache' from command line to 'False'
[0.274s] Level 5:colcon.colcon_core.verb:set package 'odom_visualization' build argument 'cmake_clean_first' from command line to 'False'
[0.274s] Level 5:colcon.colcon_core.verb:set package 'odom_visualization' build argument 'cmake_force_configure' from command line to 'False'
[0.274s] Level 5:colcon.colcon_core.verb:set package 'odom_visualization' build argument 'ament_cmake_args' from command line to 'None'
[0.274s] Level 5:colcon.colcon_core.verb:set package 'odom_visualization' build argument 'catkin_cmake_args' from command line to 'None'
[0.274s] Level 5:colcon.colcon_core.verb:set package 'odom_visualization' build argument 'catkin_skip_building_tests' from command line to 'False'
[0.275s] DEBUG:colcon.colcon_core.verb:Building package 'odom_visualization' with the following arguments: {'ament_cmake_args': None, 'build_base': '/home/suxin/English_Path/test111/autonomous_navigation_environment_ego/build/odom_visualization', 'catkin_cmake_args': None, 'catkin_skip_building_tests': False, 'cmake_args': None, 'cmake_clean_cache': False, 'cmake_clean_first': False, 'cmake_force_configure': False, 'cmake_target': None, 'cmake_target_skip_unavailable': False, 'install_base': '/home/suxin/English_Path/test111/autonomous_navigation_environment_ego/install/odom_visualization', 'merge_install': False, 'path': '/home/suxin/English_Path/test111/autonomous_navigation_environment_ego/src/ego_planner_ros2/src/uav_simulator/Utils/odom_visualization', 'symlink_install': True, 'test_result_base': None}
[0.275s] Level 5:colcon.colcon_core.verb:set package 'poscmd_2_odom' build argument 'cmake_args' from command line to 'None'
[0.275s] Level 5:colcon.colcon_core.verb:set package 'poscmd_2_odom' build argument 'cmake_target' from command line to 'None'
[0.275s] Level 5:colcon.colcon_core.verb:set package 'poscmd_2_odom' build argument 'cmake_target_skip_unavailable' from command line to 'False'
[0.275s] Level 5:colcon.colcon_core.verb:set package 'poscmd_2_odom' build argument 'cmake_clean_cache' from command line to 'False'
[0.275s] Level 5:colcon.colcon_core.verb:set package 'poscmd_2_odom' build argument 'cmake_clean_first' from command line to 'False'
[0.275s] Level 5:colcon.colcon_core.verb:set package 'poscmd_2_odom' build argument 'cmake_force_configure' from command line to 'False'
[0.275s] Level 5:colcon.colcon_core.verb:set package 'poscmd_2_odom' build argument 'ament_cmake_args' from command line to 'None'
[0.275s] Level 5:colcon.colcon_core.verb:set package 'poscmd_2_odom' build argument 'catkin_cmake_args' from command line to 'None'
[0.275s] Level 5:colcon.colcon_core.verb:set package 'poscmd_2_odom' build argument 'catkin_skip_building_tests' from command line to 'False'
[0.275s] DEBUG:colcon.colcon_core.verb:Building package 'poscmd_2_odom' with the following arguments: {'ament_cmake_args': None, 'build_base': '/home/suxin/English_Path/test111/autonomous_navigation_environment_ego/build/poscmd_2_odom', 'catkin_cmake_args': None, 'catkin_skip_building_tests': False, 'cmake_args': None, 'cmake_clean_cache': False, 'cmake_clean_first': False, 'cmake_force_configure': False, 'cmake_target': None, 'cmake_target_skip_unavailable': False, 'install_base': '/home/suxin/English_Path/test111/autonomous_navigation_environment_ego/install/poscmd_2_odom', 'merge_install': False, 'path': '/home/suxin/English_Path/test111/autonomous_navigation_environment_ego/src/ego_planner_ros2/src/uav_simulator/fake_drone', 'symlink_install': True, 'test_result_base': None}
[0.275s] Level 5:colcon.colcon_core.verb:set package 'turtlebot3_gazebo' build argument 'cmake_args' from command line to 'None'
[0.275s] Level 5:colcon.colcon_core.verb:set package 'turtlebot3_gazebo' build argument 'cmake_target' from command line to 'None'
[0.275s] Level 5:colcon.colcon_core.verb:set package 'turtlebot3_gazebo' build argument 'cmake_target_skip_unavailable' from command line to 'False'
[0.275s] Level 5:colcon.colcon_core.verb:set package 'turtlebot3_gazebo' build argument 'cmake_clean_cache' from command line to 'False'
[0.275s] Level 5:colcon.colcon_core.verb:set package 'turtlebot3_gazebo' build argument 'cmake_clean_first' from command line to 'False'
[0.275s] Level 5:colcon.colcon_core.verb:set package 'turtlebot3_gazebo' build argument 'cmake_force_configure' from command line to 'False'
[0.275s] Level 5:colcon.colcon_core.verb:set package 'turtlebot3_gazebo' build argument 'ament_cmake_args' from command line to 'None'
[0.275s] Level 5:colcon.colcon_core.verb:set package 'turtlebot3_gazebo' build argument 'catkin_cmake_args' from command line to 'None'
[0.275s] Level 5:colcon.colcon_core.verb:set package 'turtlebot3_gazebo' build argument 'catkin_skip_building_tests' from command line to 'False'
[0.275s] DEBUG:colcon.colcon_core.verb:Building package 'turtlebot3_gazebo' with the following arguments: {'ament_cmake_args': None, 'build_base': '/home/suxin/English_Path/test111/autonomous_navigation_environment_ego/build/turtlebot3_gazebo', 'catkin_cmake_args': None, 'catkin_skip_building_tests': False, 'cmake_args': None, 'cmake_clean_cache': False, 'cmake_clean_first': False, 'cmake_force_configure': False, 'cmake_target': None, 'cmake_target_skip_unavailable': False, 'install_base': '/home/suxin/English_Path/test111/autonomous_navigation_environment_ego/install/turtlebot3_gazebo', 'merge_install': False, 'path': '/home/suxin/English_Path/test111/autonomous_navigation_environment_ego/src/simulation_gazebo_model/launch_files/turtlebot3_gazebo', 'symlink_install': True, 'test_result_base': None}
[0.275s] Level 5:colcon.colcon_core.verb:set package 'turtlebot3_simulations' build argument 'cmake_args' from command line to 'None'
[0.275s] Level 5:colcon.colcon_core.verb:set package 'turtlebot3_simulations' build argument 'cmake_target' from command line to 'None'
[0.275s] Level 5:colcon.colcon_core.verb:set package 'turtlebot3_simulations' build argument 'cmake_target_skip_unavailable' from command line to 'False'
[0.275s] Level 5:colcon.colcon_core.verb:set package 'turtlebot3_simulations' build argument 'cmake_clean_cache' from command line to 'False'
[0.275s] Level 5:colcon.colcon_core.verb:set package 'turtlebot3_simulations' build argument 'cmake_clean_first' from command line to 'False'
[0.275s] Level 5:colcon.colcon_core.verb:set package 'turtlebot3_simulations' build argument 'cmake_force_configure' from command line to 'False'
[0.275s] Level 5:colcon.colcon_core.verb:set package 'turtlebot3_simulations' build argument 'ament_cmake_args' from command line to 'None'
[0.275s] Level 5:colcon.colcon_core.verb:set package 'turtlebot3_simulations' build argument 'catkin_cmake_args' from command line to 'None'
[0.275s] Level 5:colcon.colcon_core.verb:set package 'turtlebot3_simulations' build argument 'catkin_skip_building_tests' from command line to 'False'
[0.275s] DEBUG:colcon.colcon_core.verb:Building package 'turtlebot3_simulations' with the following arguments: {'ament_cmake_args': None, 'build_base': '/home/suxin/English_Path/test111/autonomous_navigation_environment_ego/build/turtlebot3_simulations', 'catkin_cmake_args': None, 'catkin_skip_building_tests': False, 'cmake_args': None, 'cmake_clean_cache': False, 'cmake_clean_first': False, 'cmake_force_configure': False, 'cmake_target': None, 'cmake_target_skip_unavailable': False, 'install_base': '/home/suxin/English_Path/test111/autonomous_navigation_environment_ego/install/turtlebot3_simulations', 'merge_install': False, 'path': '/home/suxin/English_Path/test111/autonomous_navigation_environment_ego/src/simulation_gazebo_model/launch_files/turtlebot3_simulations', 'symlink_install': True, 'test_result_base': None}
[0.275s] INFO:colcon.colcon_core.executor:Executing jobs using 'parallel' executor
[0.276s] DEBUG:colcon.colcon_parallel_executor.executor.parallel:run_until_complete
[0.276s] INFO:colcon.colcon_ros.task.ament_cmake.build:Building ROS package in '/home/suxin/English_Path/test111/autonomous_navigation_environment_ego/src/ego_planner_ros2/src/uav_simulator/Utils/quadrotor_msgs' with build type 'ament_cmake'
[0.276s] INFO:colcon.colcon_cmake.task.cmake.build:Building CMake package in '/home/suxin/English_Path/test111/autonomous_navigation_environment_ego/src/ego_planner_ros2/src/uav_simulator/Utils/quadrotor_msgs'
[0.278s] INFO:colcon.colcon_core.plugin_system:Skipping extension 'colcon_core.shell.bat': Not used on non-Windows systems
[0.279s] INFO:colcon.colcon_core.shell:Skip shell extension 'powershell' for command environment: Not usable outside of PowerShell
[0.279s] DEBUG:colcon.colcon_core.shell:Skip shell extension 'dsv' for command environment
[0.281s] INFO:colcon.colcon_ros.task.ament_cmake.build:Building ROS package in '/home/suxin/English_Path/test111/autonomous_navigation_environment_ego/src/ego_planner_ros2/src/planner/traj_utils_z' with build type 'ament_cmake'
[0.281s] INFO:colcon.colcon_cmake.task.cmake.build:Building CMake package in '/home/suxin/English_Path/test111/autonomous_navigation_environment_ego/src/ego_planner_ros2/src/planner/traj_utils_z'
[0.282s] INFO:colcon.colcon_core.shell:Skip shell extension 'powershell' for command environment: Not usable outside of PowerShell
[0.282s] DEBUG:colcon.colcon_core.shell:Skip shell extension 'dsv' for command environment
[0.284s] INFO:colcon.colcon_ros.task.ament_cmake.build:Building ROS package in '/home/suxin/English_Path/test111/autonomous_navigation_environment_ego/src/simulation_gazebo_model/sdf_model_urdf_files/turtlebot3_description' with build type 'ament_cmake'
[0.284s] INFO:colcon.colcon_cmake.task.cmake.build:Building CMake package in '/home/suxin/English_Path/test111/autonomous_navigation_environment_ego/src/simulation_gazebo_model/sdf_model_urdf_files/turtlebot3_description'
[0.284s] INFO:colcon.colcon_core.shell:Skip shell extension 'powershell' for command environment: Not usable outside of PowerShell
[0.284s] DEBUG:colcon.colcon_core.shell:Skip shell extension 'dsv' for command environment
[0.286s] INFO:colcon.colcon_ros.task.ament_cmake.build:Building ROS package in '/home/suxin/English_Path/test111/autonomous_navigation_environment_ego/src/ego_planner_ros2/src/planner/bspline_opt' with build type 'ament_cmake'
[0.287s] INFO:colcon.colcon_cmake.task.cmake.build:Building CMake package in '/home/suxin/English_Path/test111/autonomous_navigation_environment_ego/src/ego_planner_ros2/src/planner/bspline_opt'
[0.287s] INFO:colcon.colcon_core.shell:Skip shell extension 'powershell' for command environment: Not usable outside of PowerShell
[0.287s] DEBUG:colcon.colcon_core.shell:Skip shell extension 'dsv' for command environment
[0.289s] INFO:colcon.colcon_ros.task.catkin.build:Building ROS package in '/home/suxin/English_Path/test111/autonomous_navigation_environment_ego/src/ego_planner_ros2/src/planner/path_searching' with build type 'catkin'
[0.289s] INFO:colcon.colcon_cmake.task.cmake.build:Building CMake package in '/home/suxin/English_Path/test111/autonomous_navigation_environment_ego/src/ego_planner_ros2/src/planner/path_searching'
[0.289s] INFO:colcon.colcon_core.shell:Skip shell extension 'powershell' for command environment: Not usable outside of PowerShell
[0.289s] DEBUG:colcon.colcon_core.shell:Skip shell extension 'dsv' for command environment
[0.292s] INFO:colcon.colcon_ros.task.ament_cmake.build:Building ROS package in '/home/suxin/English_Path/test111/autonomous_navigation_environment_ego/src/ego_planner_ros2/src/planner/plan_env' with build type 'ament_cmake'
[0.292s] INFO:colcon.colcon_cmake.task.cmake.build:Building CMake package in '/home/suxin/English_Path/test111/autonomous_navigation_environment_ego/src/ego_planner_ros2/src/planner/plan_env'
[0.292s] INFO:colcon.colcon_core.shell:Skip shell extension 'powershell' for command environment: Not usable outside of PowerShell
[0.292s] DEBUG:colcon.colcon_core.shell:Skip shell extension 'dsv' for command environment
[0.294s] INFO:colcon.colcon_ros.task.ament_cmake.build:Building ROS package in '/home/suxin/English_Path/test111/autonomous_navigation_environment_ego/src/ego_planner_ros2/src/planner/traj_utils_so' with build type 'ament_cmake'
[0.294s] INFO:colcon.colcon_cmake.task.cmake.build:Building CMake package in '/home/suxin/English_Path/test111/autonomous_navigation_environment_ego/src/ego_planner_ros2/src/planner/traj_utils_so'
[0.294s] INFO:colcon.colcon_core.shell:Skip shell extension 'powershell' for command environment: Not usable outside of PowerShell
[0.294s] DEBUG:colcon.colcon_core.shell:Skip shell extension 'dsv' for command environment
[0.297s] INFO:colcon.colcon_ros.task.ament_cmake.build:Building ROS package in '/home/suxin/English_Path/test111/autonomous_navigation_environment_ego/src/simulation_gazebo_model/launch_files/turtlebot3_fake_node' with build type 'ament_cmake'
[0.297s] INFO:colcon.colcon_cmake.task.cmake.build:Building CMake package in '/home/suxin/English_Path/test111/autonomous_navigation_environment_ego/src/simulation_gazebo_model/launch_files/turtlebot3_fake_node'
[0.297s] INFO:colcon.colcon_core.shell:Skip shell extension 'powershell' for command environment: Not usable outside of PowerShell
[0.297s] DEBUG:colcon.colcon_core.shell:Skip shell extension 'dsv' for command environment
[0.299s] INFO:colcon.colcon_ros.task.ament_cmake.build:Building ROS package in '/home/suxin/English_Path/test111/autonomous_navigation_environment_ego/src/ego_planner_ros2/src/uav_simulator/local_pcl_map_provider' with build type 'ament_cmake'
[0.299s] INFO:colcon.colcon_cmake.task.cmake.build:Building CMake package in '/home/suxin/English_Path/test111/autonomous_navigation_environment_ego/src/ego_planner_ros2/src/uav_simulator/local_pcl_map_provider'
[0.300s] INFO:colcon.colcon_core.shell:Skip shell extension 'powershell' for command environment: Not usable outside of PowerShell
[0.300s] DEBUG:colcon.colcon_core.shell:Skip shell extension 'dsv' for command environment
[0.302s] INFO:colcon.colcon_ros.task.ament_cmake.build:Building ROS package in '/home/suxin/English_Path/test111/autonomous_navigation_environment_ego/src/local_planner' with build type 'ament_cmake'
[0.302s] INFO:colcon.colcon_cmake.task.cmake.build:Building CMake package in '/home/suxin/English_Path/test111/autonomous_navigation_environment_ego/src/local_planner'
[0.302s] INFO:colcon.colcon_core.shell:Skip shell extension 'powershell' for command environment: Not usable outside of PowerShell
[0.302s] DEBUG:colcon.colcon_core.shell:Skip shell extension 'dsv' for command environment
[0.304s] INFO:colcon.colcon_ros.task.ament_cmake.build:Building ROS package in '/home/suxin/English_Path/test111/autonomous_navigation_environment_ego/src/ego_planner_ros2/src/uav_simulator/map_generator' with build type 'ament_cmake'
[0.305s] INFO:colcon.colcon_cmake.task.cmake.build:Building CMake package in '/home/suxin/English_Path/test111/autonomous_navigation_environment_ego/src/ego_planner_ros2/src/uav_simulator/map_generator'
[0.305s] INFO:colcon.colcon_core.shell:Skip shell extension 'powershell' for command environment: Not usable outside of PowerShell
[0.305s] DEBUG:colcon.colcon_core.shell:Skip shell extension 'dsv' for command environment
[0.307s] INFO:colcon.colcon_ros.task.ament_cmake.build:Building ROS package in '/home/suxin/English_Path/test111/autonomous_navigation_environment_ego/src/ego_planner_ros2/src/uav_simulator/Utils/pose_utils' with build type 'ament_cmake'
[0.307s] INFO:colcon.colcon_cmake.task.cmake.build:Building CMake package in '/home/suxin/English_Path/test111/autonomous_navigation_environment_ego/src/ego_planner_ros2/src/uav_simulator/Utils/pose_utils'
[0.307s] INFO:colcon.colcon_core.shell:Skip shell extension 'powershell' for command environment: Not usable outside of PowerShell
[0.307s] DEBUG:colcon.colcon_core.shell:Skip shell extension 'dsv' for command environment
[0.309s] INFO:colcon.colcon_ros.task.ament_cmake.build:Building ROS package in '/home/suxin/English_Path/test111/autonomous_navigation_environment_ego/src/sensor_scan_generation' with build type 'ament_cmake'
[0.309s] INFO:colcon.colcon_cmake.task.cmake.build:Building CMake package in '/home/suxin/English_Path/test111/autonomous_navigation_environment_ego/src/sensor_scan_generation'
[0.310s] INFO:colcon.colcon_core.shell:Skip shell extension 'powershell' for command environment: Not usable outside of PowerShell
[0.310s] DEBUG:colcon.colcon_core.shell:Skip shell extension 'dsv' for command environment
[0.312s] INFO:colcon.colcon_ros.task.ament_cmake.build:Building ROS package in '/home/suxin/English_Path/test111/autonomous_navigation_environment_ego/src/terrain_analysis' with build type 'ament_cmake'
[0.312s] INFO:colcon.colcon_cmake.task.cmake.build:Building CMake package in '/home/suxin/English_Path/test111/autonomous_navigation_environment_ego/src/terrain_analysis'
[0.312s] INFO:colcon.colcon_core.shell:Skip shell extension 'powershell' for command environment: Not usable outside of PowerShell
[0.312s] DEBUG:colcon.colcon_core.shell:Skip shell extension 'dsv' for command environment
[0.314s] INFO:colcon.colcon_ros.task.ament_cmake.build:Building ROS package in '/home/suxin/English_Path/test111/autonomous_navigation_environment_ego/src/terrain_analysis_ext' with build type 'ament_cmake'
[0.314s] INFO:colcon.colcon_cmake.task.cmake.build:Building CMake package in '/home/suxin/English_Path/test111/autonomous_navigation_environment_ego/src/terrain_analysis_ext'
[0.315s] INFO:colcon.colcon_core.shell:Skip shell extension 'powershell' for command environment: Not usable outside of PowerShell
[0.315s] DEBUG:colcon.colcon_core.shell:Skip shell extension 'dsv' for command environment
[0.317s] INFO:colcon.colcon_ros.task.ament_cmake.build:Building ROS package in '/home/suxin/English_Path/test111/autonomous_navigation_environment_ego/src/vehicle_simulator' with build type 'ament_cmake'
[0.317s] INFO:colcon.colcon_cmake.task.cmake.build:Building CMake package in '/home/suxin/English_Path/test111/autonomous_navigation_environment_ego/src/vehicle_simulator'
[0.317s] INFO:colcon.colcon_core.shell:Skip shell extension 'powershell' for command environment: Not usable outside of PowerShell
[0.317s] DEBUG:colcon.colcon_core.shell:Skip shell extension 'dsv' for command environment
[0.319s] INFO:colcon.colcon_ros.task.ament_cmake.build:Building ROS package in '/home/suxin/English_Path/test111/autonomous_navigation_environment_ego/src/visualization_tools' with build type 'ament_cmake'
[0.319s] INFO:colcon.colcon_cmake.task.cmake.build:Building CMake package in '/home/suxin/English_Path/test111/autonomous_navigation_environment_ego/src/visualization_tools'
[0.320s] INFO:colcon.colcon_core.shell:Skip shell extension 'powershell' for command environment: Not usable outside of PowerShell
[0.320s] DEBUG:colcon.colcon_core.shell:Skip shell extension 'dsv' for command environment
[0.322s] INFO:colcon.colcon_ros.task.ament_python.build:Building ROS package in '/home/suxin/English_Path/test111/autonomous_navigation_environment_ego/src/visualization_tools_py' with build type 'ament_python'
[0.322s] Level 1:colcon.colcon_core.shell:create_environment_hook('visualization_tools_py', 'ament_prefix_path')
[0.322s] INFO:colcon.colcon_core.shell:Creating environment hook '/home/suxin/English_Path/test111/autonomous_navigation_environment_ego/install/visualization_tools_py/share/visualization_tools_py/hook/ament_prefix_path.ps1'
[0.323s] INFO:colcon.colcon_core.shell:Creating environment descriptor '/home/suxin/English_Path/test111/autonomous_navigation_environment_ego/install/visualization_tools_py/share/visualization_tools_py/hook/ament_prefix_path.dsv'
[0.323s] INFO:colcon.colcon_core.shell:Creating environment hook '/home/suxin/English_Path/test111/autonomous_navigation_environment_ego/install/visualization_tools_py/share/visualization_tools_py/hook/ament_prefix_path.sh'
[0.323s] INFO:colcon.colcon_core.shell:Skip shell extension 'powershell' for command environment: Not usable outside of PowerShell
[0.323s] DEBUG:colcon.colcon_core.shell:Skip shell extension 'dsv' for command environment
[0.330s] DEBUG:colcon.colcon_core.event_handler.log_command:Invoking command in '/home/suxin/English_Path/test111/autonomous_navigation_environment_ego/build/quadrotor_msgs': CMAKE_PREFIX_PATH=/opt/ros/foxy /usr/bin/cmake /home/suxin/English_Path/test111/autonomous_navigation_environment_ego/src/ego_planner_ros2/src/uav_simulator/Utils/quadrotor_msgs -DAMENT_CMAKE_SYMLINK_INSTALL=1 -DCMAKE_INSTALL_PREFIX=/home/suxin/English_Path/test111/autonomous_navigation_environment_ego/install/quadrotor_msgs
[0.333s] DEBUG:colcon.colcon_core.event_handler.log_command:Invoking command in '/home/suxin/English_Path/test111/autonomous_navigation_environment_ego/build/traj_utils': CMAKE_PREFIX_PATH=/opt/ros/foxy /usr/bin/cmake /home/suxin/English_Path/test111/autonomous_navigation_environment_ego/src/ego_planner_ros2/src/planner/traj_utils_z -DAMENT_CMAKE_SYMLINK_INSTALL=1 -DCMAKE_INSTALL_PREFIX=/home/suxin/English_Path/test111/autonomous_navigation_environment_ego/install/traj_utils
[0.335s] DEBUG:colcon.colcon_core.event_handler.log_command:Invoking command in '/home/suxin/English_Path/test111/autonomous_navigation_environment_ego/build/turtlebot3_description': CMAKE_PREFIX_PATH=/opt/ros/foxy /usr/bin/cmake /home/suxin/English_Path/test111/autonomous_navigation_environment_ego/src/simulation_gazebo_model/sdf_model_urdf_files/turtlebot3_description -DAMENT_CMAKE_SYMLINK_INSTALL=1 -DCMAKE_INSTALL_PREFIX=/home/suxin/English_Path/test111/autonomous_navigation_environment_ego/install/turtlebot3_description
[0.336s] DEBUG:colcon.colcon_core.event_handler.log_command:Invoking command in '/home/suxin/English_Path/test111/autonomous_navigation_environment_ego/build/bspline_opt': CMAKE_PREFIX_PATH=/opt/ros/foxy /usr/bin/cmake /home/suxin/English_Path/test111/autonomous_navigation_environment_ego/src/ego_planner_ros2/src/planner/bspline_opt -DAMENT_CMAKE_SYMLINK_INSTALL=1 -DCMAKE_INSTALL_PREFIX=/home/suxin/English_Path/test111/autonomous_navigation_environment_ego/install/bspline_opt
[0.339s] DEBUG:colcon.colcon_core.event_handler.log_command:Invoking command in '/home/suxin/English_Path/test111/autonomous_navigation_environment_ego/build/path_searching': /usr/bin/cmake /home/suxin/English_Path/test111/autonomous_navigation_environment_ego/src/ego_planner_ros2/src/planner/path_searching -DCATKIN_INSTALL_INTO_PREFIX_ROOT=0 -DCATKIN_SYMLINK_INSTALL=ON -DCMAKE_INSTALL_PREFIX=/home/suxin/English_Path/test111/autonomous_navigation_environment_ego/install/path_searching
[0.343s] DEBUG:colcon.colcon_core.event_handler.log_command:Invoking command in '/home/suxin/English_Path/test111/autonomous_navigation_environment_ego/build/plan_env': CMAKE_PREFIX_PATH=/opt/ros/foxy /usr/bin/cmake /home/suxin/English_Path/test111/autonomous_navigation_environment_ego/src/ego_planner_ros2/src/planner/plan_env -DAMENT_CMAKE_SYMLINK_INSTALL=1 -DCMAKE_INSTALL_PREFIX=/home/suxin/English_Path/test111/autonomous_navigation_environment_ego/install/plan_env
[0.346s] DEBUG:colcon.colcon_core.event_handler.log_command:Invoking command in '/home/suxin/English_Path/test111/autonomous_navigation_environment_ego/build/traj_utils_so': CMAKE_PREFIX_PATH=/opt/ros/foxy /usr/bin/cmake /home/suxin/English_Path/test111/autonomous_navigation_environment_ego/src/ego_planner_ros2/src/planner/traj_utils_so -DAMENT_CMAKE_SYMLINK_INSTALL=1 -DCMAKE_INSTALL_PREFIX=/home/suxin/English_Path/test111/autonomous_navigation_environment_ego/install/traj_utils_so
[0.349s] DEBUG:colcon.colcon_core.event_handler.log_command:Invoking command in '/home/suxin/English_Path/test111/autonomous_navigation_environment_ego/build/turtlebot3_fake_node': CMAKE_PREFIX_PATH=/opt/ros/foxy /usr/bin/cmake /home/suxin/English_Path/test111/autonomous_navigation_environment_ego/src/simulation_gazebo_model/launch_files/turtlebot3_fake_node -DAMENT_CMAKE_SYMLINK_INSTALL=1 -DCMAKE_INSTALL_PREFIX=/home/suxin/English_Path/test111/autonomous_navigation_environment_ego/install/turtlebot3_fake_node
[0.352s] DEBUG:colcon.colcon_core.event_handler.log_command:Invoking command in '/home/suxin/English_Path/test111/autonomous_navigation_environment_ego/build/local_pcl_map_provider': CMAKE_PREFIX_PATH=/opt/ros/foxy /usr/bin/cmake /home/suxin/English_Path/test111/autonomous_navigation_environment_ego/src/ego_planner_ros2/src/uav_simulator/local_pcl_map_provider -DAMENT_CMAKE_SYMLINK_INSTALL=1 -DCMAKE_INSTALL_PREFIX=/home/suxin/English_Path/test111/autonomous_navigation_environment_ego/install/local_pcl_map_provider
[0.356s] DEBUG:colcon.colcon_core.event_handler.log_command:Invoking command in '/home/suxin/English_Path/test111/autonomous_navigation_environment_ego/build/local_planner': CMAKE_PREFIX_PATH=/opt/ros/foxy /usr/bin/cmake /home/suxin/English_Path/test111/autonomous_navigation_environment_ego/src/local_planner -DAMENT_CMAKE_SYMLINK_INSTALL=1 -DCMAKE_INSTALL_PREFIX=/home/suxin/English_Path/test111/autonomous_navigation_environment_ego/install/local_planner
[0.361s] DEBUG:colcon.colcon_core.event_handler.log_command:Invoking command in '/home/suxin/English_Path/test111/autonomous_navigation_environment_ego/build/map_generator': CMAKE_PREFIX_PATH=/opt/ros/foxy /usr/bin/cmake /home/suxin/English_Path/test111/autonomous_navigation_environment_ego/src/ego_planner_ros2/src/uav_simulator/map_generator -DAMENT_CMAKE_SYMLINK_INSTALL=1 -DCMAKE_INSTALL_PREFIX=/home/suxin/English_Path/test111/autonomous_navigation_environment_ego/install/map_generator
[0.364s] DEBUG:colcon.colcon_core.event_handler.log_command:Invoking command in '/home/suxin/English_Path/test111/autonomous_navigation_environment_ego/build/pose_utils': CMAKE_PREFIX_PATH=/opt/ros/foxy /usr/bin/cmake /home/suxin/English_Path/test111/autonomous_navigation_environment_ego/src/ego_planner_ros2/src/uav_simulator/Utils/pose_utils -DAMENT_CMAKE_SYMLINK_INSTALL=1 -DCMAKE_INSTALL_PREFIX=/home/suxin/English_Path/test111/autonomous_navigation_environment_ego/install/pose_utils
[0.367s] DEBUG:colcon.colcon_core.event_handler.log_command:Invoking command in '/home/suxin/English_Path/test111/autonomous_navigation_environment_ego/build/sensor_scan_generation': CMAKE_PREFIX_PATH=/opt/ros/foxy /usr/bin/cmake /home/suxin/English_Path/test111/autonomous_navigation_environment_ego/src/sensor_scan_generation -DAMENT_CMAKE_SYMLINK_INSTALL=1 -DCMAKE_INSTALL_PREFIX=/home/suxin/English_Path/test111/autonomous_navigation_environment_ego/install/sensor_scan_generation
[0.370s] DEBUG:colcon.colcon_core.event_handler.log_command:Invoking command in '/home/suxin/English_Path/test111/autonomous_navigation_environment_ego/build/terrain_analysis': CMAKE_PREFIX_PATH=/opt/ros/foxy /usr/bin/cmake /home/suxin/English_Path/test111/autonomous_navigation_environment_ego/src/terrain_analysis -DAMENT_CMAKE_SYMLINK_INSTALL=1 -DCMAKE_INSTALL_PREFIX=/home/suxin/English_Path/test111/autonomous_navigation_environment_ego/install/terrain_analysis
[0.373s] DEBUG:colcon.colcon_core.event_handler.log_command:Invoking command in '/home/suxin/English_Path/test111/autonomous_navigation_environment_ego/build/terrain_analysis_ext': CMAKE_PREFIX_PATH=/opt/ros/foxy /usr/bin/cmake /home/suxin/English_Path/test111/autonomous_navigation_environment_ego/src/terrain_analysis_ext -DAMENT_CMAKE_SYMLINK_INSTALL=1 -DCMAKE_INSTALL_PREFIX=/home/suxin/English_Path/test111/autonomous_navigation_environment_ego/install/terrain_analysis_ext
[0.376s] DEBUG:colcon.colcon_core.event_handler.log_command:Invoking command in '/home/suxin/English_Path/test111/autonomous_navigation_environment_ego/build/vehicle_simulator': CMAKE_PREFIX_PATH=/opt/ros/foxy /usr/bin/cmake /home/suxin/English_Path/test111/autonomous_navigation_environment_ego/src/vehicle_simulator -DAMENT_CMAKE_SYMLINK_INSTALL=1 -DCMAKE_INSTALL_PREFIX=/home/suxin/English_Path/test111/autonomous_navigation_environment_ego/install/vehicle_simulator
[0.380s] DEBUG:colcon.colcon_core.event_handler.log_command:Invoking command in '/home/suxin/English_Path/test111/autonomous_navigation_environment_ego/build/visualization_tools': CMAKE_PREFIX_PATH=/opt/ros/foxy /usr/bin/cmake /home/suxin/English_Path/test111/autonomous_navigation_environment_ego/src/visualization_tools -DAMENT_CMAKE_SYMLINK_INSTALL=1 -DCMAKE_INSTALL_PREFIX=/home/suxin/English_Path/test111/autonomous_navigation_environment_ego/install/visualization_tools
[0.569s] INFO:colcon.colcon_core.task.python.build:Building Python package in '/home/suxin/English_Path/test111/autonomous_navigation_environment_ego/src/visualization_tools_py'
[0.569s] INFO:colcon.colcon_core.shell:Skip shell extension 'powershell' for command environment: Not usable outside of PowerShell
[0.569s] DEBUG:colcon.colcon_core.shell:Skip shell extension 'dsv' for command environment
[1.072s] DEBUG:colcon.colcon_core.event_handler.log_command:Invoking command in '/home/suxin/English_Path/test111/autonomous_navigation_environment_ego/build/visualization_tools_py': PYTHONPATH=/home/suxin/English_Path/test111/autonomous_navigation_environment_ego/build/visualization_tools_py/prefix_override:/usr/lib/python3/dist-packages/colcon_core/task/python/colcon_distutils_commands:/home/suxin/English_Path/test111/autonomous_navigation_environment_ego/install/visualization_tools_py/lib/python3.8/site-packages:${PYTHONPATH} /usr/bin/python3 -W ignore:setup.py install is deprecated setup.py develop --editable --build-directory /home/suxin/English_Path/test111/autonomous_navigation_environment_ego/build/visualization_tools_py/build --no-deps symlink_data
[1.183s] DEBUG:colcon.colcon_core.event_handler.log_command:Invoked command in '/home/suxin/English_Path/test111/autonomous_navigation_environment_ego/build/turtlebot3_description' returned '0': CMAKE_PREFIX_PATH=/opt/ros/foxy /usr/bin/cmake /home/suxin/English_Path/test111/autonomous_navigation_environment_ego/src/simulation_gazebo_model/sdf_model_urdf_files/turtlebot3_description -DAMENT_CMAKE_SYMLINK_INSTALL=1 -DCMAKE_INSTALL_PREFIX=/home/suxin/English_Path/test111/autonomous_navigation_environment_ego/install/turtlebot3_description
[1.184s] DEBUG:colcon.colcon_core.event_handler.log_command:Invoking command in '/home/suxin/English_Path/test111/autonomous_navigation_environment_ego/build/turtlebot3_description': CMAKE_PREFIX_PATH=/opt/ros/foxy /usr/bin/cmake --build /home/suxin/English_Path/test111/autonomous_navigation_environment_ego/build/turtlebot3_description -- -j20 -l20
[1.932s] DEBUG:colcon.colcon_core.event_handler.log_command:Invoked command in '/home/suxin/English_Path/test111/autonomous_navigation_environment_ego/build/pose_utils' returned '0': CMAKE_PREFIX_PATH=/opt/ros/foxy /usr/bin/cmake /home/suxin/English_Path/test111/autonomous_navigation_environment_ego/src/ego_planner_ros2/src/uav_simulator/Utils/pose_utils -DAMENT_CMAKE_SYMLINK_INSTALL=1 -DCMAKE_INSTALL_PREFIX=/home/suxin/English_Path/test111/autonomous_navigation_environment_ego/install/pose_utils
[1.932s] DEBUG:colcon.colcon_core.event_handler.log_command:Invoking command in '/home/suxin/English_Path/test111/autonomous_navigation_environment_ego/build/pose_utils': CMAKE_PREFIX_PATH=/opt/ros/foxy /usr/bin/cmake --build /home/suxin/English_Path/test111/autonomous_navigation_environment_ego/build/pose_utils -- -j20 -l20
[2.242s] DEBUG:colcon.colcon_core.event_handler.log_command:Invoked command in '/home/suxin/English_Path/test111/autonomous_navigation_environment_ego/build/quadrotor_msgs' returned '0': CMAKE_PREFIX_PATH=/opt/ros/foxy /usr/bin/cmake /home/suxin/English_Path/test111/autonomous_navigation_environment_ego/src/ego_planner_ros2/src/uav_simulator/Utils/quadrotor_msgs -DAMENT_CMAKE_SYMLINK_INSTALL=1 -DCMAKE_INSTALL_PREFIX=/home/suxin/English_Path/test111/autonomous_navigation_environment_ego/install/quadrotor_msgs
[2.243s] DEBUG:colcon.colcon_core.event_handler.log_command:Invoking command in '/home/suxin/English_Path/test111/autonomous_navigation_environment_ego/build/quadrotor_msgs': CMAKE_PREFIX_PATH=/opt/ros/foxy /usr/bin/cmake --build /home/suxin/English_Path/test111/autonomous_navigation_environment_ego/build/quadrotor_msgs -- -j20 -l20
[2.349s] DEBUG:colcon.colcon_core.event_handler.log_command:Invoked command in '/home/suxin/English_Path/test111/autonomous_navigation_environment_ego/build/turtlebot3_fake_node' returned '0': CMAKE_PREFIX_PATH=/opt/ros/foxy /usr/bin/cmake /home/suxin/English_Path/test111/autonomous_navigation_environment_ego/src/simulation_gazebo_model/launch_files/turtlebot3_fake_node -DAMENT_CMAKE_SYMLINK_INSTALL=1 -DCMAKE_INSTALL_PREFIX=/home/suxin/English_Path/test111/autonomous_navigation_environment_ego/install/turtlebot3_fake_node
[2.351s] DEBUG:colcon.colcon_core.event_handler.log_command:Invoking command in '/home/suxin/English_Path/test111/autonomous_navigation_environment_ego/build/turtlebot3_fake_node': CMAKE_PREFIX_PATH=/opt/ros/foxy /usr/bin/cmake --build /home/suxin/English_Path/test111/autonomous_navigation_environment_ego/build/turtlebot3_fake_node -- -j20 -l20
[2.474s] DEBUG:colcon.colcon_core.event_handler.log_command:Invoked command in '/home/suxin/English_Path/test111/autonomous_navigation_environment_ego/build/traj_utils_so' returned '0': CMAKE_PREFIX_PATH=/opt/ros/foxy /usr/bin/cmake /home/suxin/English_Path/test111/autonomous_navigation_environment_ego/src/ego_planner_ros2/src/planner/traj_utils_so -DAMENT_CMAKE_SYMLINK_INSTALL=1 -DCMAKE_INSTALL_PREFIX=/home/suxin/English_Path/test111/autonomous_navigation_environment_ego/install/traj_utils_so
[2.474s] DEBUG:colcon.colcon_core.event_handler.log_command:Invoking command in '/home/suxin/English_Path/test111/autonomous_navigation_environment_ego/build/traj_utils_so': CMAKE_PREFIX_PATH=/opt/ros/foxy /usr/bin/cmake --build /home/suxin/English_Path/test111/autonomous_navigation_environment_ego/build/traj_utils_so -- -j20 -l20
[2.614s] DEBUG:colcon.colcon_core.event_handler.log_command:Invoked command in '/home/suxin/English_Path/test111/autonomous_navigation_environment_ego/build/terrain_analysis_ext' returned '0': CMAKE_PREFIX_PATH=/opt/ros/foxy /usr/bin/cmake /home/suxin/English_Path/test111/autonomous_navigation_environment_ego/src/terrain_analysis_ext -DAMENT_CMAKE_SYMLINK_INSTALL=1 -DCMAKE_INSTALL_PREFIX=/home/suxin/English_Path/test111/autonomous_navigation_environment_ego/install/terrain_analysis_ext
[2.618s] DEBUG:colcon.colcon_core.event_handler.log_command:Invoking command in '/home/suxin/English_Path/test111/autonomous_navigation_environment_ego/build/terrain_analysis_ext': CMAKE_PREFIX_PATH=/opt/ros/foxy /usr/bin/cmake --build /home/suxin/English_Path/test111/autonomous_navigation_environment_ego/build/terrain_analysis_ext -- -j20 -l20
[2.619s] Level 1:colcon.colcon_core.shell:create_environment_hook('visualization_tools_py', 'pythonpath_develop')
[2.619s] INFO:colcon.colcon_core.shell:Creating environment hook '/home/suxin/English_Path/test111/autonomous_navigation_environment_ego/build/visualization_tools_py/share/visualization_tools_py/hook/pythonpath_develop.ps1'
[2.621s] DEBUG:colcon.colcon_core.event_handler.log_command:Invoked command in '/home/suxin/English_Path/test111/autonomous_navigation_environment_ego/build/visualization_tools_py' returned '0': PYTHONPATH=/home/suxin/English_Path/test111/autonomous_navigation_environment_ego/build/visualization_tools_py/prefix_override:/usr/lib/python3/dist-packages/colcon_core/task/python/colcon_distutils_commands:/home/suxin/English_Path/test111/autonomous_navigation_environment_ego/install/visualization_tools_py/lib/python3.8/site-packages:${PYTHONPATH} /usr/bin/python3 -W ignore:setup.py install is deprecated setup.py develop --editable --build-directory /home/suxin/English_Path/test111/autonomous_navigation_environment_ego/build/visualization_tools_py/build --no-deps symlink_data
[2.622s] INFO:colcon.colcon_core.shell:Creating environment descriptor '/home/suxin/English_Path/test111/autonomous_navigation_environment_ego/build/visualization_tools_py/share/visualization_tools_py/hook/pythonpath_develop.dsv'
[2.622s] INFO:colcon.colcon_core.shell:Creating environment hook '/home/suxin/English_Path/test111/autonomous_navigation_environment_ego/build/visualization_tools_py/share/visualization_tools_py/hook/pythonpath_develop.sh'
[2.636s] Level 1:colcon.colcon_core.environment:checking '/home/suxin/English_Path/test111/autonomous_navigation_environment_ego/install/visualization_tools_py' for CMake module files
[2.636s] Level 1:colcon.colcon_core.environment:checking '/home/suxin/English_Path/test111/autonomous_navigation_environment_ego/install/visualization_tools_py' for CMake config files
[2.637s] Level 1:colcon.colcon_core.environment:checking '/home/suxin/English_Path/test111/autonomous_navigation_environment_ego/install/visualization_tools_py/lib'
[2.637s] Level 1:colcon.colcon_core.environment:checking '/home/suxin/English_Path/test111/autonomous_navigation_environment_ego/install/visualization_tools_py/bin'
[2.638s] Level 1:colcon.colcon_core.environment:checking '/home/suxin/English_Path/test111/autonomous_navigation_environment_ego/install/visualization_tools_py/lib/pkgconfig/visualization_tools_py.pc'
[2.638s] Level 1:colcon.colcon_core.environment:checking '/home/suxin/English_Path/test111/autonomous_navigation_environment_ego/install/visualization_tools_py/lib/python3.8/site-packages'
[2.638s] Level 1:colcon.colcon_core.shell:create_environment_hook('visualization_tools_py', 'pythonpath')
[2.638s] INFO:colcon.colcon_core.shell:Creating environment hook '/home/suxin/English_Path/test111/autonomous_navigation_environment_ego/install/visualization_tools_py/share/visualization_tools_py/hook/pythonpath.ps1'
[2.638s] INFO:colcon.colcon_core.shell:Creating environment descriptor '/home/suxin/English_Path/test111/autonomous_navigation_environment_ego/install/visualization_tools_py/share/visualization_tools_py/hook/pythonpath.dsv'
[2.639s] INFO:colcon.colcon_core.shell:Creating environment hook '/home/suxin/English_Path/test111/autonomous_navigation_environment_ego/install/visualization_tools_py/share/visualization_tools_py/hook/pythonpath.sh'
[2.640s] Level 1:colcon.colcon_core.environment:checking '/home/suxin/English_Path/test111/autonomous_navigation_environment_ego/install/visualization_tools_py/bin'
[2.640s] Level 1:colcon.colcon_core.environment:create_environment_scripts_only(visualization_tools_py)
[2.640s] INFO:colcon.colcon_core.shell:Creating package script '/home/suxin/English_Path/test111/autonomous_navigation_environment_ego/install/visualization_tools_py/share/visualization_tools_py/package.ps1'
[2.642s] INFO:colcon.colcon_core.shell:Creating package descriptor '/home/suxin/English_Path/test111/autonomous_navigation_environment_ego/install/visualization_tools_py/share/visualization_tools_py/package.dsv'
[2.642s] INFO:colcon.colcon_core.shell:Creating package script '/home/suxin/English_Path/test111/autonomous_navigation_environment_ego/install/visualization_tools_py/share/visualization_tools_py/package.sh'
[2.643s] INFO:colcon.colcon_core.shell:Creating package script '/home/suxin/English_Path/test111/autonomous_navigation_environment_ego/install/visualization_tools_py/share/visualization_tools_py/package.bash'
[2.644s] INFO:colcon.colcon_core.shell:Creating package script '/home/suxin/English_Path/test111/autonomous_navigation_environment_ego/install/visualization_tools_py/share/visualization_tools_py/package.zsh'
[2.645s] Level 1:colcon.colcon_core.environment:create_file_with_runtime_dependencies(/home/suxin/English_Path/test111/autonomous_navigation_environment_ego/install/visualization_tools_py/share/colcon-core/packages/visualization_tools_py)
[2.648s] DEBUG:colcon.colcon_core.event_handler.log_command:Invoked command in '/home/suxin/English_Path/test111/autonomous_navigation_environment_ego/build/turtlebot3_description' returned '0': CMAKE_PREFIX_PATH=/opt/ros/foxy /usr/bin/cmake --build /home/suxin/English_Path/test111/autonomous_navigation_environment_ego/build/turtlebot3_description -- -j20 -l20
[2.653s] DEBUG:colcon.colcon_core.event_handler.log_command:Invoked command in '/home/suxin/English_Path/test111/autonomous_navigation_environment_ego/build/local_pcl_map_provider' returned '0': CMAKE_PREFIX_PATH=/opt/ros/foxy /usr/bin/cmake /home/suxin/English_Path/test111/autonomous_navigation_environment_ego/src/ego_planner_ros2/src/uav_simulator/local_pcl_map_provider -DAMENT_CMAKE_SYMLINK_INSTALL=1 -DCMAKE_INSTALL_PREFIX=/home/suxin/English_Path/test111/autonomous_navigation_environment_ego/install/local_pcl_map_provider
[2.659s] DEBUG:colcon.colcon_core.event_handler.log_command:Invoking command in '/home/suxin/English_Path/test111/autonomous_navigation_environment_ego/build/local_pcl_map_provider': CMAKE_PREFIX_PATH=/opt/ros/foxy /usr/bin/cmake --build /home/suxin/English_Path/test111/autonomous_navigation_environment_ego/build/local_pcl_map_provider -- -j20 -l20
[2.663s] DEBUG:colcon.colcon_core.event_handler.log_command:Invoked command in '/home/suxin/English_Path/test111/autonomous_navigation_environment_ego/build/bspline_opt' returned '0': CMAKE_PREFIX_PATH=/opt/ros/foxy /usr/bin/cmake /home/suxin/English_Path/test111/autonomous_navigation_environment_ego/src/ego_planner_ros2/src/planner/bspline_opt -DAMENT_CMAKE_SYMLINK_INSTALL=1 -DCMAKE_INSTALL_PREFIX=/home/suxin/English_Path/test111/autonomous_navigation_environment_ego/install/bspline_opt
[2.666s] DEBUG:colcon.colcon_core.event_handler.log_command:Invoking command in '/home/suxin/English_Path/test111/autonomous_navigation_environment_ego/build/bspline_opt': CMAKE_PREFIX_PATH=/opt/ros/foxy /usr/bin/cmake --build /home/suxin/English_Path/test111/autonomous_navigation_environment_ego/build/bspline_opt -- -j20 -l20
[2.670s] DEBUG:colcon.colcon_core.event_handler.log_command:Invoked command in '/home/suxin/English_Path/test111/autonomous_navigation_environment_ego/build/path_searching' returned '0': /usr/bin/cmake /home/suxin/English_Path/test111/autonomous_navigation_environment_ego/src/ego_planner_ros2/src/planner/path_searching -DCATKIN_INSTALL_INTO_PREFIX_ROOT=0 -DCATKIN_SYMLINK_INSTALL=ON -DCMAKE_INSTALL_PREFIX=/home/suxin/English_Path/test111/autonomous_navigation_environment_ego/install/path_searching
[2.671s] DEBUG:colcon.colcon_core.event_handler.log_command:Invoking command in '/home/suxin/English_Path/test111/autonomous_navigation_environment_ego/build/path_searching': /usr/bin/cmake --build /home/suxin/English_Path/test111/autonomous_navigation_environment_ego/build/path_searching -- -j20 -l20
[2.689s] DEBUG:colcon.colcon_core.event_handler.log_command:Invoking command in '/home/suxin/English_Path/test111/autonomous_navigation_environment_ego/build/turtlebot3_description': CMAKE_PREFIX_PATH=/opt/ros/foxy /usr/bin/cmake --install /home/suxin/English_Path/test111/autonomous_navigation_environment_ego/build/turtlebot3_description
[2.694s] DEBUG:colcon.colcon_core.event_handler.log_command:Invoked command in '/home/suxin/English_Path/test111/autonomous_navigation_environment_ego/build/visualization_tools' returned '0': CMAKE_PREFIX_PATH=/opt/ros/foxy /usr/bin/cmake /home/suxin/English_Path/test111/autonomous_navigation_environment_ego/src/visualization_tools -DAMENT_CMAKE_SYMLINK_INSTALL=1 -DCMAKE_INSTALL_PREFIX=/home/suxin/English_Path/test111/autonomous_navigation_environment_ego/install/visualization_tools
[2.695s] DEBUG:colcon.colcon_core.event_handler.log_command:Invoking command in '/home/suxin/English_Path/test111/autonomous_navigation_environment_ego/build/visualization_tools': CMAKE_PREFIX_PATH=/opt/ros/foxy /usr/bin/cmake --build /home/suxin/English_Path/test111/autonomous_navigation_environment_ego/build/visualization_tools -- -j20 -l20
[2.729s] DEBUG:colcon.colcon_core.event_handler.log_command:Invoked command in '/home/suxin/English_Path/test111/autonomous_navigation_environment_ego/build/terrain_analysis' returned '0': CMAKE_PREFIX_PATH=/opt/ros/foxy /usr/bin/cmake /home/suxin/English_Path/test111/autonomous_navigation_environment_ego/src/terrain_analysis -DAMENT_CMAKE_SYMLINK_INSTALL=1 -DCMAKE_INSTALL_PREFIX=/home/suxin/English_Path/test111/autonomous_navigation_environment_ego/install/terrain_analysis
[2.730s] DEBUG:colcon.colcon_core.event_handler.log_command:Invoking command in '/home/suxin/English_Path/test111/autonomous_navigation_environment_ego/build/terrain_analysis': CMAKE_PREFIX_PATH=/opt/ros/foxy /usr/bin/cmake --build /home/suxin/English_Path/test111/autonomous_navigation_environment_ego/build/terrain_analysis -- -j20 -l20
[2.760s] DEBUG:colcon.colcon_core.event_handler.log_command:Invoked command in '/home/suxin/English_Path/test111/autonomous_navigation_environment_ego/build/local_planner' returned '0': CMAKE_PREFIX_PATH=/opt/ros/foxy /usr/bin/cmake /home/suxin/English_Path/test111/autonomous_navigation_environment_ego/src/local_planner -DAMENT_CMAKE_SYMLINK_INSTALL=1 -DCMAKE_INSTALL_PREFIX=/home/suxin/English_Path/test111/autonomous_navigation_environment_ego/install/local_planner
[2.761s] DEBUG:colcon.colcon_core.event_handler.log_command:Invoking command in '/home/suxin/English_Path/test111/autonomous_navigation_environment_ego/build/local_planner': CMAKE_PREFIX_PATH=/opt/ros/foxy /usr/bin/cmake --build /home/suxin/English_Path/test111/autonomous_navigation_environment_ego/build/local_planner -- -j20 -l20
[2.879s] DEBUG:colcon.colcon_core.event_handler.log_command:Invoked command in '/home/suxin/English_Path/test111/autonomous_navigation_environment_ego/build/plan_env' returned '0': CMAKE_PREFIX_PATH=/opt/ros/foxy /usr/bin/cmake /home/suxin/English_Path/test111/autonomous_navigation_environment_ego/src/ego_planner_ros2/src/planner/plan_env -DAMENT_CMAKE_SYMLINK_INSTALL=1 -DCMAKE_INSTALL_PREFIX=/home/suxin/English_Path/test111/autonomous_navigation_environment_ego/install/plan_env
[2.880s] DEBUG:colcon.colcon_core.event_handler.log_command:Invoking command in '/home/suxin/English_Path/test111/autonomous_navigation_environment_ego/build/plan_env': CMAKE_PREFIX_PATH=/opt/ros/foxy /usr/bin/cmake --build /home/suxin/English_Path/test111/autonomous_navigation_environment_ego/build/plan_env -- -j20 -l20
[3.277s] DEBUG:colcon.colcon_core.event_handler.log_command:Invoked command in '/home/suxin/English_Path/test111/autonomous_navigation_environment_ego/build/map_generator' returned '0': CMAKE_PREFIX_PATH=/opt/ros/foxy /usr/bin/cmake /home/suxin/English_Path/test111/autonomous_navigation_environment_ego/src/ego_planner_ros2/src/uav_simulator/map_generator -DAMENT_CMAKE_SYMLINK_INSTALL=1 -DCMAKE_INSTALL_PREFIX=/home/suxin/English_Path/test111/autonomous_navigation_environment_ego/install/map_generator
[3.278s] DEBUG:colcon.colcon_core.event_handler.log_command:Invoking command in '/home/suxin/English_Path/test111/autonomous_navigation_environment_ego/build/map_generator': CMAKE_PREFIX_PATH=/opt/ros/foxy /usr/bin/cmake --build /home/suxin/English_Path/test111/autonomous_navigation_environment_ego/build/map_generator -- -j20 -l20
[3.281s] Level 1:colcon.colcon_core.environment:create_environment_scripts_only(turtlebot3_description)
[3.281s] Level 1:colcon.colcon_core.environment:checking '/home/suxin/English_Path/test111/autonomous_navigation_environment_ego/install/turtlebot3_description' for CMake module files
[3.283s] DEBUG:colcon.colcon_core.event_handler.log_command:Invoked command in '/home/suxin/English_Path/test111/autonomous_navigation_environment_ego/build/turtlebot3_description' returned '0': CMAKE_PREFIX_PATH=/opt/ros/foxy /usr/bin/cmake --install /home/suxin/English_Path/test111/autonomous_navigation_environment_ego/build/turtlebot3_description
[3.283s] Level 1:colcon.colcon_core.environment:checking '/home/suxin/English_Path/test111/autonomous_navigation_environment_ego/install/turtlebot3_description' for CMake config files
[3.284s] Level 1:colcon.colcon_core.shell:create_environment_hook('turtlebot3_description', 'cmake_prefix_path')
[3.284s] INFO:colcon.colcon_core.shell:Creating environment hook '/home/suxin/English_Path/test111/autonomous_navigation_environment_ego/install/turtlebot3_description/share/turtlebot3_description/hook/cmake_prefix_path.ps1'
[3.285s] INFO:colcon.colcon_core.shell:Creating environment descriptor '/home/suxin/English_Path/test111/autonomous_navigation_environment_ego/install/turtlebot3_description/share/turtlebot3_description/hook/cmake_prefix_path.dsv'
[3.285s] INFO:colcon.colcon_core.shell:Creating environment hook '/home/suxin/English_Path/test111/autonomous_navigation_environment_ego/install/turtlebot3_description/share/turtlebot3_description/hook/cmake_prefix_path.sh'
[3.286s] Level 1:colcon.colcon_core.environment:checking '/home/suxin/English_Path/test111/autonomous_navigation_environment_ego/install/turtlebot3_description/bin'
[3.286s] Level 1:colcon.colcon_core.environment:checking '/home/suxin/English_Path/test111/autonomous_navigation_environment_ego/install/turtlebot3_description/lib/pkgconfig/turtlebot3_description.pc'
[3.286s] Level 1:colcon.colcon_core.environment:checking '/home/suxin/English_Path/test111/autonomous_navigation_environment_ego/install/turtlebot3_description/lib/python3.8/site-packages'
[3.286s] Level 1:colcon.colcon_core.environment:checking '/home/suxin/English_Path/test111/autonomous_navigation_environment_ego/install/turtlebot3_description/bin'
[3.287s] INFO:colcon.colcon_core.shell:Creating package script '/home/suxin/English_Path/test111/autonomous_navigation_environment_ego/install/turtlebot3_description/share/turtlebot3_description/package.ps1'
[3.287s] INFO:colcon.colcon_core.shell:Creating package descriptor '/home/suxin/English_Path/test111/autonomous_navigation_environment_ego/install/turtlebot3_description/share/turtlebot3_description/package.dsv'
[3.288s] INFO:colcon.colcon_core.shell:Creating package script '/home/suxin/English_Path/test111/autonomous_navigation_environment_ego/install/turtlebot3_description/share/turtlebot3_description/package.sh'
[3.289s] INFO:colcon.colcon_core.shell:Creating package script '/home/suxin/English_Path/test111/autonomous_navigation_environment_ego/install/turtlebot3_description/share/turtlebot3_description/package.bash'
[3.289s] INFO:colcon.colcon_core.shell:Creating package script '/home/suxin/English_Path/test111/autonomous_navigation_environment_ego/install/turtlebot3_description/share/turtlebot3_description/package.zsh'
[3.289s] Level 1:colcon.colcon_core.environment:create_file_with_runtime_dependencies(/home/suxin/English_Path/test111/autonomous_navigation_environment_ego/install/turtlebot3_description/share/colcon-core/packages/turtlebot3_description)
[3.307s] DEBUG:colcon.colcon_core.event_handler.log_command:Invoked command in '/home/suxin/English_Path/test111/autonomous_navigation_environment_ego/build/sensor_scan_generation' returned '0': CMAKE_PREFIX_PATH=/opt/ros/foxy /usr/bin/cmake /home/suxin/English_Path/test111/autonomous_navigation_environment_ego/src/sensor_scan_generation -DAMENT_CMAKE_SYMLINK_INSTALL=1 -DCMAKE_INSTALL_PREFIX=/home/suxin/English_Path/test111/autonomous_navigation_environment_ego/install/sensor_scan_generation
[3.311s] DEBUG:colcon.colcon_core.event_handler.log_command:Invoking command in '/home/suxin/English_Path/test111/autonomous_navigation_environment_ego/build/sensor_scan_generation': CMAKE_PREFIX_PATH=/opt/ros/foxy /usr/bin/cmake --build /home/suxin/English_Path/test111/autonomous_navigation_environment_ego/build/sensor_scan_generation -- -j20 -l20
[3.374s] DEBUG:colcon.colcon_core.event_handler.log_command:Invoked command in '/home/suxin/English_Path/test111/autonomous_navigation_environment_ego/build/traj_utils' returned '0': CMAKE_PREFIX_PATH=/opt/ros/foxy /usr/bin/cmake /home/suxin/English_Path/test111/autonomous_navigation_environment_ego/src/ego_planner_ros2/src/planner/traj_utils_z -DAMENT_CMAKE_SYMLINK_INSTALL=1 -DCMAKE_INSTALL_PREFIX=/home/suxin/English_Path/test111/autonomous_navigation_environment_ego/install/traj_utils
[3.375s] DEBUG:colcon.colcon_core.event_handler.log_command:Invoking command in '/home/suxin/English_Path/test111/autonomous_navigation_environment_ego/build/traj_utils': CMAKE_PREFIX_PATH=/opt/ros/foxy /usr/bin/cmake --build /home/suxin/English_Path/test111/autonomous_navigation_environment_ego/build/traj_utils -- -j20 -l20
[3.485s] Level 1:colcon.colcon_core.environment:create_environment_scripts_only(turtlebot3_description)
[3.486s] Level 1:colcon.colcon_core.environment:checking '/home/suxin/English_Path/test111/autonomous_navigation_environment_ego/install/turtlebot3_description' for CMake module files
[3.486s] Level 1:colcon.colcon_core.environment:checking '/home/suxin/English_Path/test111/autonomous_navigation_environment_ego/install/turtlebot3_description' for CMake config files
[3.487s] Level 1:colcon.colcon_core.shell:create_environment_hook('turtlebot3_description', 'cmake_prefix_path')
[3.487s] INFO:colcon.colcon_core.shell:Creating environment hook '/home/suxin/English_Path/test111/autonomous_navigation_environment_ego/install/turtlebot3_description/share/turtlebot3_description/hook/cmake_prefix_path.ps1'
[3.488s] INFO:colcon.colcon_core.shell:Creating environment descriptor '/home/suxin/English_Path/test111/autonomous_navigation_environment_ego/install/turtlebot3_description/share/turtlebot3_description/hook/cmake_prefix_path.dsv'
[3.489s] INFO:colcon.colcon_core.shell:Creating environment hook '/home/suxin/English_Path/test111/autonomous_navigation_environment_ego/install/turtlebot3_description/share/turtlebot3_description/hook/cmake_prefix_path.sh'
[3.489s] Level 1:colcon.colcon_core.environment:checking '/home/suxin/English_Path/test111/autonomous_navigation_environment_ego/install/turtlebot3_description/bin'
[3.489s] Level 1:colcon.colcon_core.environment:checking '/home/suxin/English_Path/test111/autonomous_navigation_environment_ego/install/turtlebot3_description/lib/pkgconfig/turtlebot3_description.pc'
[3.490s] Level 1:colcon.colcon_core.environment:checking '/home/suxin/English_Path/test111/autonomous_navigation_environment_ego/install/turtlebot3_description/lib/python3.8/site-packages'
[3.490s] Level 1:colcon.colcon_core.environment:checking '/home/suxin/English_Path/test111/autonomous_navigation_environment_ego/install/turtlebot3_description/bin'
[3.490s] INFO:colcon.colcon_core.shell:Creating package script '/home/suxin/English_Path/test111/autonomous_navigation_environment_ego/install/turtlebot3_description/share/turtlebot3_description/package.ps1'
[3.492s] INFO:colcon.colcon_core.shell:Creating package descriptor '/home/suxin/English_Path/test111/autonomous_navigation_environment_ego/install/turtlebot3_description/share/turtlebot3_description/package.dsv'
[3.492s] INFO:colcon.colcon_core.shell:Creating package script '/home/suxin/English_Path/test111/autonomous_navigation_environment_ego/install/turtlebot3_description/share/turtlebot3_description/package.sh'
[3.493s] INFO:colcon.colcon_core.shell:Creating package script '/home/suxin/English_Path/test111/autonomous_navigation_environment_ego/install/turtlebot3_description/share/turtlebot3_description/package.bash'
[3.493s] INFO:colcon.colcon_core.shell:Creating package script '/home/suxin/English_Path/test111/autonomous_navigation_environment_ego/install/turtlebot3_description/share/turtlebot3_description/package.zsh'
[3.494s] Level 1:colcon.colcon_core.environment:create_file_with_runtime_dependencies(/home/suxin/English_Path/test111/autonomous_navigation_environment_ego/install/turtlebot3_description/share/colcon-core/packages/turtlebot3_description)
[3.498s] INFO:colcon.colcon_ros.task.ament_cmake.build:Building ROS package in '/home/suxin/English_Path/test111/autonomous_navigation_environment_ego/src/simulation_gazebo_model/launch_files/turtlebot3_gazebo' with build type 'ament_cmake'
[3.499s] INFO:colcon.colcon_cmake.task.cmake.build:Building CMake package in '/home/suxin/English_Path/test111/autonomous_navigation_environment_ego/src/simulation_gazebo_model/launch_files/turtlebot3_gazebo'
[3.499s] INFO:colcon.colcon_core.shell:Skip shell extension 'powershell' for command environment: Not usable outside of PowerShell
[3.499s] DEBUG:colcon.colcon_core.shell:Skip shell extension 'dsv' for command environment
[3.552s] DEBUG:colcon.colcon_core.event_handler.log_command:Invoking command in '/home/suxin/English_Path/test111/autonomous_navigation_environment_ego/build/turtlebot3_gazebo': AMENT_PREFIX_PATH=/home/suxin/English_Path/test111/autonomous_navigation_environment_ego/install/turtlebot3_description:${AMENT_PREFIX_PATH} CMAKE_PREFIX_PATH=/home/suxin/English_Path/test111/autonomous_navigation_environment_ego/install/turtlebot3_description:/opt/ros/foxy /usr/bin/cmake /home/suxin/English_Path/test111/autonomous_navigation_environment_ego/src/simulation_gazebo_model/launch_files/turtlebot3_gazebo -DAMENT_CMAKE_SYMLINK_INSTALL=1 -DCMAKE_INSTALL_PREFIX=/home/suxin/English_Path/test111/autonomous_navigation_environment_ego/install/turtlebot3_gazebo
[3.673s] DEBUG:colcon.colcon_core.event_handler.log_command:Invoked command in '/home/suxin/English_Path/test111/autonomous_navigation_environment_ego/build/vehicle_simulator' returned '0': CMAKE_PREFIX_PATH=/opt/ros/foxy /usr/bin/cmake /home/suxin/English_Path/test111/autonomous_navigation_environment_ego/src/vehicle_simulator -DAMENT_CMAKE_SYMLINK_INSTALL=1 -DCMAKE_INSTALL_PREFIX=/home/suxin/English_Path/test111/autonomous_navigation_environment_ego/install/vehicle_simulator
[3.674s] DEBUG:colcon.colcon_core.event_handler.log_command:Invoking command in '/home/suxin/English_Path/test111/autonomous_navigation_environment_ego/build/vehicle_simulator': CMAKE_PREFIX_PATH=/opt/ros/foxy /usr/bin/cmake --build /home/suxin/English_Path/test111/autonomous_navigation_environment_ego/build/vehicle_simulator -- -j20 -l20
[7.591s] DEBUG:colcon.colcon_core.event_handler.log_command:Invoked command in '/home/suxin/English_Path/test111/autonomous_navigation_environment_ego/build/quadrotor_msgs' returned '0': CMAKE_PREFIX_PATH=/opt/ros/foxy /usr/bin/cmake --build /home/suxin/English_Path/test111/autonomous_navigation_environment_ego/build/quadrotor_msgs -- -j20 -l20
[7.680s] DEBUG:colcon.colcon_core.event_handler.log_command:Invoking command in '/home/suxin/English_Path/test111/autonomous_navigation_environment_ego/build/quadrotor_msgs': CMAKE_PREFIX_PATH=/opt/ros/foxy /usr/bin/cmake --install /home/suxin/English_Path/test111/autonomous_navigation_environment_ego/build/quadrotor_msgs
[9.449s] DEBUG:colcon.colcon_core.event_handler.log_command:Invoked command in '/home/suxin/English_Path/test111/autonomous_navigation_environment_ego/build/pose_utils' returned '0': CMAKE_PREFIX_PATH=/opt/ros/foxy /usr/bin/cmake --build /home/suxin/English_Path/test111/autonomous_navigation_environment_ego/build/pose_utils -- -j20 -l20
[9.493s] DEBUG:colcon.colcon_core.event_handler.log_command:Invoking command in '/home/suxin/English_Path/test111/autonomous_navigation_environment_ego/build/pose_utils': CMAKE_PREFIX_PATH=/opt/ros/foxy /usr/bin/cmake --install /home/suxin/English_Path/test111/autonomous_navigation_environment_ego/build/pose_utils
[11.888s] DEBUG:colcon.colcon_core.event_handler.log_command:Invoked command in '/home/suxin/English_Path/test111/autonomous_navigation_environment_ego/build/turtlebot3_fake_node' returned '0': CMAKE_PREFIX_PATH=/opt/ros/foxy /usr/bin/cmake --build /home/suxin/English_Path/test111/autonomous_navigation_environment_ego/build/turtlebot3_fake_node -- -j20 -l20
[11.910s] DEBUG:colcon.colcon_core.event_handler.log_command:Invoked command in '/home/suxin/English_Path/test111/autonomous_navigation_environment_ego/build/traj_utils' returned '0': CMAKE_PREFIX_PATH=/opt/ros/foxy /usr/bin/cmake --build /home/suxin/English_Path/test111/autonomous_navigation_environment_ego/build/traj_utils -- -j20 -l20
[11.911s] DEBUG:colcon.colcon_core.event_handler.log_command:Invoking command in '/home/suxin/English_Path/test111/autonomous_navigation_environment_ego/build/turtlebot3_fake_node': CMAKE_PREFIX_PATH=/opt/ros/foxy /usr/bin/cmake --install /home/suxin/English_Path/test111/autonomous_navigation_environment_ego/build/turtlebot3_fake_node
[12.055s] DEBUG:colcon.colcon_core.event_handler.log_command:Invoking command in '/home/suxin/English_Path/test111/autonomous_navigation_environment_ego/build/traj_utils': CMAKE_PREFIX_PATH=/opt/ros/foxy /usr/bin/cmake --install /home/suxin/English_Path/test111/autonomous_navigation_environment_ego/build/traj_utils
[12.630s] DEBUG:colcon.colcon_core.event_handler.log_command:Invoked command in '/home/suxin/English_Path/test111/autonomous_navigation_environment_ego/build/turtlebot3_gazebo' returned '0': AMENT_PREFIX_PATH=/home/suxin/English_Path/test111/autonomous_navigation_environment_ego/install/turtlebot3_description:${AMENT_PREFIX_PATH} CMAKE_PREFIX_PATH=/home/suxin/English_Path/test111/autonomous_navigation_environment_ego/install/turtlebot3_description:/opt/ros/foxy /usr/bin/cmake /home/suxin/English_Path/test111/autonomous_navigation_environment_ego/src/simulation_gazebo_model/launch_files/turtlebot3_gazebo -DAMENT_CMAKE_SYMLINK_INSTALL=1 -DCMAKE_INSTALL_PREFIX=/home/suxin/English_Path/test111/autonomous_navigation_environment_ego/install/turtlebot3_gazebo
[12.630s] DEBUG:colcon.colcon_core.event_handler.log_command:Invoking command in '/home/suxin/English_Path/test111/autonomous_navigation_environment_ego/build/turtlebot3_gazebo': AMENT_PREFIX_PATH=/home/suxin/English_Path/test111/autonomous_navigation_environment_ego/install/turtlebot3_description:${AMENT_PREFIX_PATH} CMAKE_PREFIX_PATH=/home/suxin/English_Path/test111/autonomous_navigation_environment_ego/install/turtlebot3_description:/opt/ros/foxy /usr/bin/cmake --build /home/suxin/English_Path/test111/autonomous_navigation_environment_ego/build/turtlebot3_gazebo -- -j20 -l20
[32.045s] DEBUG:colcon.colcon_core.event_handler.log_command:Invoked command in '/home/suxin/English_Path/test111/autonomous_navigation_environment_ego/build/terrain_analysis' returned '0': CMAKE_PREFIX_PATH=/opt/ros/foxy /usr/bin/cmake --build /home/suxin/English_Path/test111/autonomous_navigation_environment_ego/build/terrain_analysis -- -j20 -l20
[32.067s] Level 1:colcon.colcon_core.environment:create_environment_scripts_only(quadrotor_msgs)
[32.087s] Level 1:colcon.colcon_core.environment:checking '/home/suxin/English_Path/test111/autonomous_navigation_environment_ego/install/quadrotor_msgs' for CMake module files
[32.144s] Level 1:colcon.colcon_core.environment:checking '/home/suxin/English_Path/test111/autonomous_navigation_environment_ego/install/quadrotor_msgs' for CMake config files
[32.152s] Level 1:colcon.colcon_core.shell:create_environment_hook('quadrotor_msgs', 'cmake_prefix_path')
[32.155s] INFO:colcon.colcon_core.shell:Creating environment hook '/home/suxin/English_Path/test111/autonomous_navigation_environment_ego/install/quadrotor_msgs/share/quadrotor_msgs/hook/cmake_prefix_path.ps1'
[32.165s] INFO:colcon.colcon_core.shell:Creating environment descriptor '/home/suxin/English_Path/test111/autonomous_navigation_environment_ego/install/quadrotor_msgs/share/quadrotor_msgs/hook/cmake_prefix_path.dsv'
[32.167s] DEBUG:colcon.colcon_core.event_handler.log_command:Invoked command in '/home/suxin/English_Path/test111/autonomous_navigation_environment_ego/build/quadrotor_msgs' returned '0': CMAKE_PREFIX_PATH=/opt/ros/foxy /usr/bin/cmake --install /home/suxin/English_Path/test111/autonomous_navigation_environment_ego/build/quadrotor_msgs
[32.169s] INFO:colcon.colcon_core.shell:Creating environment hook '/home/suxin/English_Path/test111/autonomous_navigation_environment_ego/install/quadrotor_msgs/share/quadrotor_msgs/hook/cmake_prefix_path.sh'
[32.182s] Level 1:colcon.colcon_core.environment:checking '/home/suxin/English_Path/test111/autonomous_navigation_environment_ego/install/quadrotor_msgs/lib'
[32.182s] Level 1:colcon.colcon_core.shell:create_environment_hook('quadrotor_msgs', 'ld_library_path_lib')
[32.183s] INFO:colcon.colcon_core.shell:Creating environment hook '/home/suxin/English_Path/test111/autonomous_navigation_environment_ego/install/quadrotor_msgs/share/quadrotor_msgs/hook/ld_library_path_lib.ps1'
[32.183s] INFO:colcon.colcon_core.shell:Creating environment descriptor '/home/suxin/English_Path/test111/autonomous_navigation_environment_ego/install/quadrotor_msgs/share/quadrotor_msgs/hook/ld_library_path_lib.dsv'
[32.183s] INFO:colcon.colcon_core.shell:Creating environment hook '/home/suxin/English_Path/test111/autonomous_navigation_environment_ego/install/quadrotor_msgs/share/quadrotor_msgs/hook/ld_library_path_lib.sh'
[32.183s] Level 1:colcon.colcon_core.environment:checking '/home/suxin/English_Path/test111/autonomous_navigation_environment_ego/install/quadrotor_msgs/bin'
[32.184s] Level 1:colcon.colcon_core.environment:checking '/home/suxin/English_Path/test111/autonomous_navigation_environment_ego/install/quadrotor_msgs/lib/pkgconfig/quadrotor_msgs.pc'
[32.189s] Level 1:colcon.colcon_core.environment:checking '/home/suxin/English_Path/test111/autonomous_navigation_environment_ego/install/quadrotor_msgs/lib/python3.8/site-packages'
[32.190s] Level 1:colcon.colcon_core.shell:create_environment_hook('quadrotor_msgs', 'pythonpath')
[32.190s] INFO:colcon.colcon_core.shell:Creating environment hook '/home/suxin/English_Path/test111/autonomous_navigation_environment_ego/install/quadrotor_msgs/share/quadrotor_msgs/hook/pythonpath.ps1'
[32.190s] INFO:colcon.colcon_core.shell:Creating environment descriptor '/home/suxin/English_Path/test111/autonomous_navigation_environment_ego/install/quadrotor_msgs/share/quadrotor_msgs/hook/pythonpath.dsv'
[32.191s] INFO:colcon.colcon_core.shell:Creating environment hook '/home/suxin/English_Path/test111/autonomous_navigation_environment_ego/install/quadrotor_msgs/share/quadrotor_msgs/hook/pythonpath.sh'
[32.191s] Level 1:colcon.colcon_core.environment:checking '/home/suxin/English_Path/test111/autonomous_navigation_environment_ego/install/quadrotor_msgs/bin'
[32.192s] INFO:colcon.colcon_core.shell:Creating package script '/home/suxin/English_Path/test111/autonomous_navigation_environment_ego/install/quadrotor_msgs/share/quadrotor_msgs/package.ps1'
[32.193s] INFO:colcon.colcon_core.shell:Creating package descriptor '/home/suxin/English_Path/test111/autonomous_navigation_environment_ego/install/quadrotor_msgs/share/quadrotor_msgs/package.dsv'
[32.194s] INFO:colcon.colcon_core.shell:Creating package script '/home/suxin/English_Path/test111/autonomous_navigation_environment_ego/install/quadrotor_msgs/share/quadrotor_msgs/package.sh'
[32.194s] INFO:colcon.colcon_core.shell:Creating package script '/home/suxin/English_Path/test111/autonomous_navigation_environment_ego/install/quadrotor_msgs/share/quadrotor_msgs/package.bash'
[32.195s] INFO:colcon.colcon_core.shell:Creating package script '/home/suxin/English_Path/test111/autonomous_navigation_environment_ego/install/quadrotor_msgs/share/quadrotor_msgs/package.zsh'
[32.197s] Level 1:colcon.colcon_core.environment:create_file_with_runtime_dependencies(/home/suxin/English_Path/test111/autonomous_navigation_environment_ego/install/quadrotor_msgs/share/colcon-core/packages/quadrotor_msgs)
[32.201s] Level 1:colcon.colcon_core.environment:create_environment_scripts_only(pose_utils)
[32.201s] Level 1:colcon.colcon_core.environment:checking '/home/suxin/English_Path/test111/autonomous_navigation_environment_ego/install/pose_utils' for CMake module files
[32.202s] DEBUG:colcon.colcon_core.event_handler.log_command:Invoked command in '/home/suxin/English_Path/test111/autonomous_navigation_environment_ego/build/pose_utils' returned '0': CMAKE_PREFIX_PATH=/opt/ros/foxy /usr/bin/cmake --install /home/suxin/English_Path/test111/autonomous_navigation_environment_ego/build/pose_utils
[32.203s] Level 1:colcon.colcon_core.environment:checking '/home/suxin/English_Path/test111/autonomous_navigation_environment_ego/install/pose_utils' for CMake config files
[32.204s] Level 1:colcon.colcon_core.shell:create_environment_hook('pose_utils', 'cmake_prefix_path')
[32.204s] INFO:colcon.colcon_core.shell:Creating environment hook '/home/suxin/English_Path/test111/autonomous_navigation_environment_ego/install/pose_utils/share/pose_utils/hook/cmake_prefix_path.ps1'
[32.205s] INFO:colcon.colcon_core.shell:Creating environment descriptor '/home/suxin/English_Path/test111/autonomous_navigation_environment_ego/install/pose_utils/share/pose_utils/hook/cmake_prefix_path.dsv'
[32.205s] INFO:colcon.colcon_core.shell:Creating environment hook '/home/suxin/English_Path/test111/autonomous_navigation_environment_ego/install/pose_utils/share/pose_utils/hook/cmake_prefix_path.sh'
[32.206s] Level 1:colcon.colcon_core.environment:checking '/home/suxin/English_Path/test111/autonomous_navigation_environment_ego/install/pose_utils/lib'
[32.206s] Level 1:colcon.colcon_core.environment:checking '/home/suxin/English_Path/test111/autonomous_navigation_environment_ego/install/pose_utils/bin'
[32.206s] Level 1:colcon.colcon_core.environment:checking '/home/suxin/English_Path/test111/autonomous_navigation_environment_ego/install/pose_utils/lib/pkgconfig/pose_utils.pc'
[32.206s] Level 1:colcon.colcon_core.environment:checking '/home/suxin/English_Path/test111/autonomous_navigation_environment_ego/install/pose_utils/lib/python3.8/site-packages'
[32.206s] Level 1:colcon.colcon_core.environment:checking '/home/suxin/English_Path/test111/autonomous_navigation_environment_ego/install/pose_utils/bin'
[32.206s] INFO:colcon.colcon_core.shell:Creating package script '/home/suxin/English_Path/test111/autonomous_navigation_environment_ego/install/pose_utils/share/pose_utils/package.ps1'
[32.207s] INFO:colcon.colcon_core.shell:Creating package descriptor '/home/suxin/English_Path/test111/autonomous_navigation_environment_ego/install/pose_utils/share/pose_utils/package.dsv'
[32.207s] INFO:colcon.colcon_core.shell:Creating package script '/home/suxin/English_Path/test111/autonomous_navigation_environment_ego/install/pose_utils/share/pose_utils/package.sh'
[32.207s] INFO:colcon.colcon_core.shell:Creating package script '/home/suxin/English_Path/test111/autonomous_navigation_environment_ego/install/pose_utils/share/pose_utils/package.bash'
[32.208s] INFO:colcon.colcon_core.shell:Creating package script '/home/suxin/English_Path/test111/autonomous_navigation_environment_ego/install/pose_utils/share/pose_utils/package.zsh'
[32.208s] Level 1:colcon.colcon_core.environment:create_file_with_runtime_dependencies(/home/suxin/English_Path/test111/autonomous_navigation_environment_ego/install/pose_utils/share/colcon-core/packages/pose_utils)
[32.211s] Level 1:colcon.colcon_core.environment:create_environment_scripts_only(turtlebot3_fake_node)
[32.212s] Level 1:colcon.colcon_core.environment:checking '/home/suxin/English_Path/test111/autonomous_navigation_environment_ego/install/turtlebot3_fake_node' for CMake module files
[32.213s] DEBUG:colcon.colcon_core.event_handler.log_command:Invoked command in '/home/suxin/English_Path/test111/autonomous_navigation_environment_ego/build/turtlebot3_fake_node' returned '0': CMAKE_PREFIX_PATH=/opt/ros/foxy /usr/bin/cmake --install /home/suxin/English_Path/test111/autonomous_navigation_environment_ego/build/turtlebot3_fake_node
[32.221s] Level 1:colcon.colcon_core.environment:checking '/home/suxin/English_Path/test111/autonomous_navigation_environment_ego/install/turtlebot3_fake_node' for CMake config files
[32.226s] Level 1:colcon.colcon_core.shell:create_environment_hook('turtlebot3_fake_node', 'cmake_prefix_path')
[32.226s] INFO:colcon.colcon_core.shell:Creating environment hook '/home/suxin/English_Path/test111/autonomous_navigation_environment_ego/install/turtlebot3_fake_node/share/turtlebot3_fake_node/hook/cmake_prefix_path.ps1'
[32.227s] INFO:colcon.colcon_core.shell:Creating environment descriptor '/home/suxin/English_Path/test111/autonomous_navigation_environment_ego/install/turtlebot3_fake_node/share/turtlebot3_fake_node/hook/cmake_prefix_path.dsv'
[32.227s] INFO:colcon.colcon_core.shell:Creating environment hook '/home/suxin/English_Path/test111/autonomous_navigation_environment_ego/install/turtlebot3_fake_node/share/turtlebot3_fake_node/hook/cmake_prefix_path.sh'
[32.228s] Level 1:colcon.colcon_core.environment:checking '/home/suxin/English_Path/test111/autonomous_navigation_environment_ego/install/turtlebot3_fake_node/lib'
[32.228s] Level 1:colcon.colcon_core.environment:checking '/home/suxin/English_Path/test111/autonomous_navigation_environment_ego/install/turtlebot3_fake_node/bin'
[32.228s] Level 1:colcon.colcon_core.environment:checking '/home/suxin/English_Path/test111/autonomous_navigation_environment_ego/install/turtlebot3_fake_node/lib/pkgconfig/turtlebot3_fake_node.pc'
[32.229s] Level 1:colcon.colcon_core.environment:checking '/home/suxin/English_Path/test111/autonomous_navigation_environment_ego/install/turtlebot3_fake_node/lib/python3.8/site-packages'
[32.229s] Level 1:colcon.colcon_core.environment:checking '/home/suxin/English_Path/test111/autonomous_navigation_environment_ego/install/turtlebot3_fake_node/bin'
[32.229s] INFO:colcon.colcon_core.shell:Creating package script '/home/suxin/English_Path/test111/autonomous_navigation_environment_ego/install/turtlebot3_fake_node/share/turtlebot3_fake_node/package.ps1'
[32.231s] INFO:colcon.colcon_core.shell:Creating package descriptor '/home/suxin/English_Path/test111/autonomous_navigation_environment_ego/install/turtlebot3_fake_node/share/turtlebot3_fake_node/package.dsv'
[32.232s] INFO:colcon.colcon_core.shell:Creating package script '/home/suxin/English_Path/test111/autonomous_navigation_environment_ego/install/turtlebot3_fake_node/share/turtlebot3_fake_node/package.sh'
[32.232s] INFO:colcon.colcon_core.shell:Creating package script '/home/suxin/English_Path/test111/autonomous_navigation_environment_ego/install/turtlebot3_fake_node/share/turtlebot3_fake_node/package.bash'
[32.233s] INFO:colcon.colcon_core.shell:Creating package script '/home/suxin/English_Path/test111/autonomous_navigation_environment_ego/install/turtlebot3_fake_node/share/turtlebot3_fake_node/package.zsh'
[32.234s] Level 1:colcon.colcon_core.environment:create_file_with_runtime_dependencies(/home/suxin/English_Path/test111/autonomous_navigation_environment_ego/install/turtlebot3_fake_node/share/colcon-core/packages/turtlebot3_fake_node)
[32.265s] Level 1:colcon.colcon_core.environment:create_environment_scripts_only(traj_utils)
[32.265s] Level 1:colcon.colcon_core.environment:checking '/home/suxin/English_Path/test111/autonomous_navigation_environment_ego/install/traj_utils' for CMake module files
[32.268s] DEBUG:colcon.colcon_core.event_handler.log_command:Invoked command in '/home/suxin/English_Path/test111/autonomous_navigation_environment_ego/build/traj_utils' returned '0': CMAKE_PREFIX_PATH=/opt/ros/foxy /usr/bin/cmake --install /home/suxin/English_Path/test111/autonomous_navigation_environment_ego/build/traj_utils
[32.270s] Level 1:colcon.colcon_core.environment:checking '/home/suxin/English_Path/test111/autonomous_navigation_environment_ego/install/traj_utils' for CMake config files
[32.274s] Level 1:colcon.colcon_core.shell:create_environment_hook('traj_utils', 'cmake_prefix_path')
[32.275s] INFO:colcon.colcon_core.shell:Creating environment hook '/home/suxin/English_Path/test111/autonomous_navigation_environment_ego/install/traj_utils/share/traj_utils/hook/cmake_prefix_path.ps1'
[32.275s] INFO:colcon.colcon_core.shell:Creating environment descriptor '/home/suxin/English_Path/test111/autonomous_navigation_environment_ego/install/traj_utils/share/traj_utils/hook/cmake_prefix_path.dsv'
[32.275s] INFO:colcon.colcon_core.shell:Creating environment hook '/home/suxin/English_Path/test111/autonomous_navigation_environment_ego/install/traj_utils/share/traj_utils/hook/cmake_prefix_path.sh'
[32.276s] Level 1:colcon.colcon_core.environment:checking '/home/suxin/English_Path/test111/autonomous_navigation_environment_ego/install/traj_utils/lib'
[32.276s] Level 1:colcon.colcon_core.shell:create_environment_hook('traj_utils', 'ld_library_path_lib')
[32.276s] INFO:colcon.colcon_core.shell:Creating environment hook '/home/suxin/English_Path/test111/autonomous_navigation_environment_ego/install/traj_utils/share/traj_utils/hook/ld_library_path_lib.ps1'
[32.276s] INFO:colcon.colcon_core.shell:Creating environment descriptor '/home/suxin/English_Path/test111/autonomous_navigation_environment_ego/install/traj_utils/share/traj_utils/hook/ld_library_path_lib.dsv'
[32.278s] INFO:colcon.colcon_core.shell:Creating environment hook '/home/suxin/English_Path/test111/autonomous_navigation_environment_ego/install/traj_utils/share/traj_utils/hook/ld_library_path_lib.sh'
[32.315s] Level 1:colcon.colcon_core.environment:checking '/home/suxin/English_Path/test111/autonomous_navigation_environment_ego/install/traj_utils/bin'
[32.315s] Level 1:colcon.colcon_core.environment:checking '/home/suxin/English_Path/test111/autonomous_navigation_environment_ego/install/traj_utils/lib/pkgconfig/traj_utils.pc'
[32.315s] Level 1:colcon.colcon_core.environment:checking '/home/suxin/English_Path/test111/autonomous_navigation_environment_ego/install/traj_utils/lib/python3.8/site-packages'
[32.315s] Level 1:colcon.colcon_core.shell:create_environment_hook('traj_utils', 'pythonpath')
[32.316s] INFO:colcon.colcon_core.shell:Creating environment hook '/home/suxin/English_Path/test111/autonomous_navigation_environment_ego/install/traj_utils/share/traj_utils/hook/pythonpath.ps1'
[32.316s] INFO:colcon.colcon_core.shell:Creating environment descriptor '/home/suxin/English_Path/test111/autonomous_navigation_environment_ego/install/traj_utils/share/traj_utils/hook/pythonpath.dsv'
[32.316s] INFO:colcon.colcon_core.shell:Creating environment hook '/home/suxin/English_Path/test111/autonomous_navigation_environment_ego/install/traj_utils/share/traj_utils/hook/pythonpath.sh'
[32.317s] Level 1:colcon.colcon_core.environment:checking '/home/suxin/English_Path/test111/autonomous_navigation_environment_ego/install/traj_utils/bin'
[32.317s] INFO:colcon.colcon_core.shell:Creating package script '/home/suxin/English_Path/test111/autonomous_navigation_environment_ego/install/traj_utils/share/traj_utils/package.ps1'
[32.318s] INFO:colcon.colcon_core.shell:Creating package descriptor '/home/suxin/English_Path/test111/autonomous_navigation_environment_ego/install/traj_utils/share/traj_utils/package.dsv'
[32.319s] INFO:colcon.colcon_core.shell:Creating package script '/home/suxin/English_Path/test111/autonomous_navigation_environment_ego/install/traj_utils/share/traj_utils/package.sh'
[32.319s] INFO:colcon.colcon_core.shell:Creating package script '/home/suxin/English_Path/test111/autonomous_navigation_environment_ego/install/traj_utils/share/traj_utils/package.bash'
[32.319s] INFO:colcon.colcon_core.shell:Creating package script '/home/suxin/English_Path/test111/autonomous_navigation_environment_ego/install/traj_utils/share/traj_utils/package.zsh'
[32.320s] Level 1:colcon.colcon_core.environment:create_file_with_runtime_dependencies(/home/suxin/English_Path/test111/autonomous_navigation_environment_ego/install/traj_utils/share/colcon-core/packages/traj_utils)
[32.328s] DEBUG:colcon.colcon_core.event_handler.log_command:Invoking command in '/home/suxin/English_Path/test111/autonomous_navigation_environment_ego/build/terrain_analysis': CMAKE_PREFIX_PATH=/opt/ros/foxy /usr/bin/cmake --install /home/suxin/English_Path/test111/autonomous_navigation_environment_ego/build/terrain_analysis
[32.330s] DEBUG:colcon.colcon_core.event_handler.log_command:Invoked command in '/home/suxin/English_Path/test111/autonomous_navigation_environment_ego/build/turtlebot3_gazebo' returned '0': AMENT_PREFIX_PATH=/home/suxin/English_Path/test111/autonomous_navigation_environment_ego/install/turtlebot3_description:${AMENT_PREFIX_PATH} CMAKE_PREFIX_PATH=/home/suxin/English_Path/test111/autonomous_navigation_environment_ego/install/turtlebot3_description:/opt/ros/foxy /usr/bin/cmake --build /home/suxin/English_Path/test111/autonomous_navigation_environment_ego/build/turtlebot3_gazebo -- -j20 -l20
[32.335s] Level 1:colcon.colcon_core.environment:create_environment_scripts_only(quadrotor_msgs)
[32.336s] Level 1:colcon.colcon_core.environment:checking '/home/suxin/English_Path/test111/autonomous_navigation_environment_ego/install/quadrotor_msgs' for CMake module files
[32.336s] Level 1:colcon.colcon_core.environment:checking '/home/suxin/English_Path/test111/autonomous_navigation_environment_ego/install/quadrotor_msgs' for CMake config files
[32.337s] Level 1:colcon.colcon_core.shell:create_environment_hook('quadrotor_msgs', 'cmake_prefix_path')
[32.337s] INFO:colcon.colcon_core.shell:Creating environment hook '/home/suxin/English_Path/test111/autonomous_navigation_environment_ego/install/quadrotor_msgs/share/quadrotor_msgs/hook/cmake_prefix_path.ps1'
[32.338s] INFO:colcon.colcon_core.shell:Creating environment descriptor '/home/suxin/English_Path/test111/autonomous_navigation_environment_ego/install/quadrotor_msgs/share/quadrotor_msgs/hook/cmake_prefix_path.dsv'
[32.339s] INFO:colcon.colcon_core.shell:Creating environment hook '/home/suxin/English_Path/test111/autonomous_navigation_environment_ego/install/quadrotor_msgs/share/quadrotor_msgs/hook/cmake_prefix_path.sh'
[32.339s] Level 1:colcon.colcon_core.environment:checking '/home/suxin/English_Path/test111/autonomous_navigation_environment_ego/install/quadrotor_msgs/lib'
[32.340s] Level 1:colcon.colcon_core.shell:create_environment_hook('quadrotor_msgs', 'ld_library_path_lib')
[32.340s] INFO:colcon.colcon_core.shell:Creating environment hook '/home/suxin/English_Path/test111/autonomous_navigation_environment_ego/install/quadrotor_msgs/share/quadrotor_msgs/hook/ld_library_path_lib.ps1'
[32.340s] INFO:colcon.colcon_core.shell:Creating environment descriptor '/home/suxin/English_Path/test111/autonomous_navigation_environment_ego/install/quadrotor_msgs/share/quadrotor_msgs/hook/ld_library_path_lib.dsv'
[32.341s] INFO:colcon.colcon_core.shell:Creating environment hook '/home/suxin/English_Path/test111/autonomous_navigation_environment_ego/install/quadrotor_msgs/share/quadrotor_msgs/hook/ld_library_path_lib.sh'
[32.341s] Level 1:colcon.colcon_core.environment:checking '/home/suxin/English_Path/test111/autonomous_navigation_environment_ego/install/quadrotor_msgs/bin'
[32.341s] Level 1:colcon.colcon_core.environment:checking '/home/suxin/English_Path/test111/autonomous_navigation_environment_ego/install/quadrotor_msgs/lib/pkgconfig/quadrotor_msgs.pc'
[32.342s] Level 1:colcon.colcon_core.environment:checking '/home/suxin/English_Path/test111/autonomous_navigation_environment_ego/install/quadrotor_msgs/lib/python3.8/site-packages'
[32.342s] Level 1:colcon.colcon_core.shell:create_environment_hook('quadrotor_msgs', 'pythonpath')
[32.342s] INFO:colcon.colcon_core.shell:Creating environment hook '/home/suxin/English_Path/test111/autonomous_navigation_environment_ego/install/quadrotor_msgs/share/quadrotor_msgs/hook/pythonpath.ps1'
[32.342s] INFO:colcon.colcon_core.shell:Creating environment descriptor '/home/suxin/English_Path/test111/autonomous_navigation_environment_ego/install/quadrotor_msgs/share/quadrotor_msgs/hook/pythonpath.dsv'
[32.343s] INFO:colcon.colcon_core.shell:Creating environment hook '/home/suxin/English_Path/test111/autonomous_navigation_environment_ego/install/quadrotor_msgs/share/quadrotor_msgs/hook/pythonpath.sh'
[32.343s] Level 1:colcon.colcon_core.environment:checking '/home/suxin/English_Path/test111/autonomous_navigation_environment_ego/install/quadrotor_msgs/bin'
[32.344s] INFO:colcon.colcon_core.shell:Creating package script '/home/suxin/English_Path/test111/autonomous_navigation_environment_ego/install/quadrotor_msgs/share/quadrotor_msgs/package.ps1'
[32.345s] INFO:colcon.colcon_core.shell:Creating package descriptor '/home/suxin/English_Path/test111/autonomous_navigation_environment_ego/install/quadrotor_msgs/share/quadrotor_msgs/package.dsv'
[32.345s] INFO:colcon.colcon_core.shell:Creating package script '/home/suxin/English_Path/test111/autonomous_navigation_environment_ego/install/quadrotor_msgs/share/quadrotor_msgs/package.sh'
[32.346s] INFO:colcon.colcon_core.shell:Creating package script '/home/suxin/English_Path/test111/autonomous_navigation_environment_ego/install/quadrotor_msgs/share/quadrotor_msgs/package.bash'
[32.346s] INFO:colcon.colcon_core.shell:Creating package script '/home/suxin/English_Path/test111/autonomous_navigation_environment_ego/install/quadrotor_msgs/share/quadrotor_msgs/package.zsh'
[32.347s] Level 1:colcon.colcon_core.environment:create_file_with_runtime_dependencies(/home/suxin/English_Path/test111/autonomous_navigation_environment_ego/install/quadrotor_msgs/share/colcon-core/packages/quadrotor_msgs)
[32.348s] Level 1:colcon.colcon_core.environment:create_environment_scripts_only(pose_utils)
[32.348s] Level 1:colcon.colcon_core.environment:checking '/home/suxin/English_Path/test111/autonomous_navigation_environment_ego/install/pose_utils' for CMake module files
[32.350s] Level 1:colcon.colcon_core.environment:checking '/home/suxin/English_Path/test111/autonomous_navigation_environment_ego/install/pose_utils' for CMake config files
[32.351s] Level 1:colcon.colcon_core.shell:create_environment_hook('pose_utils', 'cmake_prefix_path')
[32.351s] INFO:colcon.colcon_core.shell:Creating environment hook '/home/suxin/English_Path/test111/autonomous_navigation_environment_ego/install/pose_utils/share/pose_utils/hook/cmake_prefix_path.ps1'
[32.351s] INFO:colcon.colcon_core.shell:Creating environment descriptor '/home/suxin/English_Path/test111/autonomous_navigation_environment_ego/install/pose_utils/share/pose_utils/hook/cmake_prefix_path.dsv'
[32.352s] INFO:colcon.colcon_core.shell:Creating environment hook '/home/suxin/English_Path/test111/autonomous_navigation_environment_ego/install/pose_utils/share/pose_utils/hook/cmake_prefix_path.sh'
[32.352s] Level 1:colcon.colcon_core.environment:checking '/home/suxin/English_Path/test111/autonomous_navigation_environment_ego/install/pose_utils/lib'
[32.353s] Level 1:colcon.colcon_core.environment:checking '/home/suxin/English_Path/test111/autonomous_navigation_environment_ego/install/pose_utils/bin'
[32.353s] Level 1:colcon.colcon_core.environment:checking '/home/suxin/English_Path/test111/autonomous_navigation_environment_ego/install/pose_utils/lib/pkgconfig/pose_utils.pc'
[32.353s] Level 1:colcon.colcon_core.environment:checking '/home/suxin/English_Path/test111/autonomous_navigation_environment_ego/install/pose_utils/lib/python3.8/site-packages'
[32.353s] Level 1:colcon.colcon_core.environment:checking '/home/suxin/English_Path/test111/autonomous_navigation_environment_ego/install/pose_utils/bin'
[32.353s] INFO:colcon.colcon_core.shell:Creating package script '/home/suxin/English_Path/test111/autonomous_navigation_environment_ego/install/pose_utils/share/pose_utils/package.ps1'
[32.354s] INFO:colcon.colcon_core.shell:Creating package descriptor '/home/suxin/English_Path/test111/autonomous_navigation_environment_ego/install/pose_utils/share/pose_utils/package.dsv'
[32.355s] INFO:colcon.colcon_core.shell:Creating package script '/home/suxin/English_Path/test111/autonomous_navigation_environment_ego/install/pose_utils/share/pose_utils/package.sh'
[32.355s] INFO:colcon.colcon_core.shell:Creating package script '/home/suxin/English_Path/test111/autonomous_navigation_environment_ego/install/pose_utils/share/pose_utils/package.bash'
[32.356s] INFO:colcon.colcon_core.shell:Creating package script '/home/suxin/English_Path/test111/autonomous_navigation_environment_ego/install/pose_utils/share/pose_utils/package.zsh'
[32.356s] Level 1:colcon.colcon_core.environment:create_file_with_runtime_dependencies(/home/suxin/English_Path/test111/autonomous_navigation_environment_ego/install/pose_utils/share/colcon-core/packages/pose_utils)
[32.359s] INFO:colcon.colcon_ros.task.ament_cmake.build:Building ROS package in '/home/suxin/English_Path/test111/autonomous_navigation_environment_ego/src/ego_planner_ros2/src/uav_simulator/local_sensing' with build type 'ament_cmake'
[32.360s] INFO:colcon.colcon_cmake.task.cmake.build:Building CMake package in '/home/suxin/English_Path/test111/autonomous_navigation_environment_ego/src/ego_planner_ros2/src/uav_simulator/local_sensing'
[32.361s] INFO:colcon.colcon_core.shell:Skip shell extension 'powershell' for command environment: Not usable outside of PowerShell
[32.361s] DEBUG:colcon.colcon_core.shell:Skip shell extension 'dsv' for command environment
[32.371s] INFO:colcon.colcon_ros.task.ament_cmake.build:Building ROS package in '/home/suxin/English_Path/test111/autonomous_navigation_environment_ego/src/ego_planner_ros2/src/planner/new' with build type 'ament_cmake'
[32.371s] INFO:colcon.colcon_cmake.task.cmake.build:Building CMake package in '/home/suxin/English_Path/test111/autonomous_navigation_environment_ego/src/ego_planner_ros2/src/planner/new'
[32.372s] INFO:colcon.colcon_core.shell:Skip shell extension 'powershell' for command environment: Not usable outside of PowerShell
[32.372s] DEBUG:colcon.colcon_core.shell:Skip shell extension 'dsv' for command environment
[32.378s] INFO:colcon.colcon_ros.task.ament_cmake.build:Building ROS package in '/home/suxin/English_Path/test111/autonomous_navigation_environment_ego/src/ego_planner_ros2/src/uav_simulator/Utils/odom_visualization' with build type 'ament_cmake'
[32.379s] INFO:colcon.colcon_cmake.task.cmake.build:Building CMake package in '/home/suxin/English_Path/test111/autonomous_navigation_environment_ego/src/ego_planner_ros2/src/uav_simulator/Utils/odom_visualization'
[32.379s] INFO:colcon.colcon_core.shell:Skip shell extension 'powershell' for command environment: Not usable outside of PowerShell
[32.379s] DEBUG:colcon.colcon_core.shell:Skip shell extension 'dsv' for command environment
[32.385s] INFO:colcon.colcon_ros.task.ament_cmake.build:Building ROS package in '/home/suxin/English_Path/test111/autonomous_navigation_environment_ego/src/ego_planner_ros2/src/uav_simulator/fake_drone' with build type 'ament_cmake'
[32.385s] INFO:colcon.colcon_cmake.task.cmake.build:Building CMake package in '/home/suxin/English_Path/test111/autonomous_navigation_environment_ego/src/ego_planner_ros2/src/uav_simulator/fake_drone'
[32.386s] INFO:colcon.colcon_core.shell:Skip shell extension 'powershell' for command environment: Not usable outside of PowerShell
[32.386s] DEBUG:colcon.colcon_core.shell:Skip shell extension 'dsv' for command environment
[32.393s] Level 1:colcon.colcon_core.environment:create_environment_scripts_only(turtlebot3_fake_node)
[32.393s] Level 1:colcon.colcon_core.environment:checking '/home/suxin/English_Path/test111/autonomous_navigation_environment_ego/install/turtlebot3_fake_node' for CMake module files
[32.393s] Level 1:colcon.colcon_core.environment:checking '/home/suxin/English_Path/test111/autonomous_navigation_environment_ego/install/turtlebot3_fake_node' for CMake config files
[32.394s] Level 1:colcon.colcon_core.shell:create_environment_hook('turtlebot3_fake_node', 'cmake_prefix_path')
[32.394s] INFO:colcon.colcon_core.shell:Creating environment hook '/home/suxin/English_Path/test111/autonomous_navigation_environment_ego/install/turtlebot3_fake_node/share/turtlebot3_fake_node/hook/cmake_prefix_path.ps1'
[32.394s] INFO:colcon.colcon_core.shell:Creating environment descriptor '/home/suxin/English_Path/test111/autonomous_navigation_environment_ego/install/turtlebot3_fake_node/share/turtlebot3_fake_node/hook/cmake_prefix_path.dsv'
[32.395s] INFO:colcon.colcon_core.shell:Creating environment hook '/home/suxin/English_Path/test111/autonomous_navigation_environment_ego/install/turtlebot3_fake_node/share/turtlebot3_fake_node/hook/cmake_prefix_path.sh'
[32.395s] Level 1:colcon.colcon_core.environment:checking '/home/suxin/English_Path/test111/autonomous_navigation_environment_ego/install/turtlebot3_fake_node/lib'
[32.396s] Level 1:colcon.colcon_core.environment:checking '/home/suxin/English_Path/test111/autonomous_navigation_environment_ego/install/turtlebot3_fake_node/bin'
[32.396s] Level 1:colcon.colcon_core.environment:checking '/home/suxin/English_Path/test111/autonomous_navigation_environment_ego/install/turtlebot3_fake_node/lib/pkgconfig/turtlebot3_fake_node.pc'
[32.396s] Level 1:colcon.colcon_core.environment:checking '/home/suxin/English_Path/test111/autonomous_navigation_environment_ego/install/turtlebot3_fake_node/lib/python3.8/site-packages'
[32.396s] Level 1:colcon.colcon_core.environment:checking '/home/suxin/English_Path/test111/autonomous_navigation_environment_ego/install/turtlebot3_fake_node/bin'
[32.396s] INFO:colcon.colcon_core.shell:Creating package script '/home/suxin/English_Path/test111/autonomous_navigation_environment_ego/install/turtlebot3_fake_node/share/turtlebot3_fake_node/package.ps1'
[32.397s] INFO:colcon.colcon_core.shell:Creating package descriptor '/home/suxin/English_Path/test111/autonomous_navigation_environment_ego/install/turtlebot3_fake_node/share/turtlebot3_fake_node/package.dsv'
[32.397s] INFO:colcon.colcon_core.shell:Creating package script '/home/suxin/English_Path/test111/autonomous_navigation_environment_ego/install/turtlebot3_fake_node/share/turtlebot3_fake_node/package.sh'
[32.398s] INFO:colcon.colcon_core.shell:Creating package script '/home/suxin/English_Path/test111/autonomous_navigation_environment_ego/install/turtlebot3_fake_node/share/turtlebot3_fake_node/package.bash'
[32.399s] INFO:colcon.colcon_core.shell:Creating package script '/home/suxin/English_Path/test111/autonomous_navigation_environment_ego/install/turtlebot3_fake_node/share/turtlebot3_fake_node/package.zsh'
[32.399s] Level 1:colcon.colcon_core.environment:create_file_with_runtime_dependencies(/home/suxin/English_Path/test111/autonomous_navigation_environment_ego/install/turtlebot3_fake_node/share/colcon-core/packages/turtlebot3_fake_node)
[32.404s] DEBUG:colcon.colcon_core.event_handler.log_command:Invoking command in '/home/suxin/English_Path/test111/autonomous_navigation_environment_ego/build/turtlebot3_gazebo': AMENT_PREFIX_PATH=/home/suxin/English_Path/test111/autonomous_navigation_environment_ego/install/turtlebot3_description:${AMENT_PREFIX_PATH} CMAKE_PREFIX_PATH=/home/suxin/English_Path/test111/autonomous_navigation_environment_ego/install/turtlebot3_description:/opt/ros/foxy /usr/bin/cmake --install /home/suxin/English_Path/test111/autonomous_navigation_environment_ego/build/turtlebot3_gazebo
[32.405s] Level 1:colcon.colcon_core.environment:create_environment_scripts_only(traj_utils)
[32.406s] Level 1:colcon.colcon_core.environment:checking '/home/suxin/English_Path/test111/autonomous_navigation_environment_ego/install/traj_utils' for CMake module files
[32.406s] Level 1:colcon.colcon_core.environment:checking '/home/suxin/English_Path/test111/autonomous_navigation_environment_ego/install/traj_utils' for CMake config files
[32.407s] Level 1:colcon.colcon_core.shell:create_environment_hook('traj_utils', 'cmake_prefix_path')
[32.407s] INFO:colcon.colcon_core.shell:Creating environment hook '/home/suxin/English_Path/test111/autonomous_navigation_environment_ego/install/traj_utils/share/traj_utils/hook/cmake_prefix_path.ps1'
[32.408s] INFO:colcon.colcon_core.shell:Creating environment descriptor '/home/suxin/English_Path/test111/autonomous_navigation_environment_ego/install/traj_utils/share/traj_utils/hook/cmake_prefix_path.dsv'
[32.408s] INFO:colcon.colcon_core.shell:Creating environment hook '/home/suxin/English_Path/test111/autonomous_navigation_environment_ego/install/traj_utils/share/traj_utils/hook/cmake_prefix_path.sh'
[32.409s] Level 1:colcon.colcon_core.environment:checking '/home/suxin/English_Path/test111/autonomous_navigation_environment_ego/install/traj_utils/lib'
[32.409s] Level 1:colcon.colcon_core.shell:create_environment_hook('traj_utils', 'ld_library_path_lib')
[32.409s] INFO:colcon.colcon_core.shell:Creating environment hook '/home/suxin/English_Path/test111/autonomous_navigation_environment_ego/install/traj_utils/share/traj_utils/hook/ld_library_path_lib.ps1'
[32.409s] INFO:colcon.colcon_core.shell:Creating environment descriptor '/home/suxin/English_Path/test111/autonomous_navigation_environment_ego/install/traj_utils/share/traj_utils/hook/ld_library_path_lib.dsv'
[32.410s] INFO:colcon.colcon_core.shell:Creating environment hook '/home/suxin/English_Path/test111/autonomous_navigation_environment_ego/install/traj_utils/share/traj_utils/hook/ld_library_path_lib.sh'
[32.410s] Level 1:colcon.colcon_core.environment:checking '/home/suxin/English_Path/test111/autonomous_navigation_environment_ego/install/traj_utils/bin'
[32.410s] Level 1:colcon.colcon_core.environment:checking '/home/suxin/English_Path/test111/autonomous_navigation_environment_ego/install/traj_utils/lib/pkgconfig/traj_utils.pc'
[32.410s] Level 1:colcon.colcon_core.environment:checking '/home/suxin/English_Path/test111/autonomous_navigation_environment_ego/install/traj_utils/lib/python3.8/site-packages'
[32.410s] Level 1:colcon.colcon_core.shell:create_environment_hook('traj_utils', 'pythonpath')
[32.411s] INFO:colcon.colcon_core.shell:Creating environment hook '/home/suxin/English_Path/test111/autonomous_navigation_environment_ego/install/traj_utils/share/traj_utils/hook/pythonpath.ps1'
[32.411s] INFO:colcon.colcon_core.shell:Creating environment descriptor '/home/suxin/English_Path/test111/autonomous_navigation_environment_ego/install/traj_utils/share/traj_utils/hook/pythonpath.dsv'
[32.411s] INFO:colcon.colcon_core.shell:Creating environment hook '/home/suxin/English_Path/test111/autonomous_navigation_environment_ego/install/traj_utils/share/traj_utils/hook/pythonpath.sh'
[32.412s] Level 1:colcon.colcon_core.environment:checking '/home/suxin/English_Path/test111/autonomous_navigation_environment_ego/install/traj_utils/bin'
[32.412s] INFO:colcon.colcon_core.shell:Creating package script '/home/suxin/English_Path/test111/autonomous_navigation_environment_ego/install/traj_utils/share/traj_utils/package.ps1'
[32.412s] INFO:colcon.colcon_core.shell:Creating package descriptor '/home/suxin/English_Path/test111/autonomous_navigation_environment_ego/install/traj_utils/share/traj_utils/package.dsv'
[32.413s] INFO:colcon.colcon_core.shell:Creating package script '/home/suxin/English_Path/test111/autonomous_navigation_environment_ego/install/traj_utils/share/traj_utils/package.sh'
[32.413s] INFO:colcon.colcon_core.shell:Creating package script '/home/suxin/English_Path/test111/autonomous_navigation_environment_ego/install/traj_utils/share/traj_utils/package.bash'
[32.414s] INFO:colcon.colcon_core.shell:Creating package script '/home/suxin/English_Path/test111/autonomous_navigation_environment_ego/install/traj_utils/share/traj_utils/package.zsh'
[32.414s] Level 1:colcon.colcon_core.environment:create_file_with_runtime_dependencies(/home/suxin/English_Path/test111/autonomous_navigation_environment_ego/install/traj_utils/share/colcon-core/packages/traj_utils)
[32.415s] INFO:colcon.colcon_ros.task.ament_cmake.build:Building ROS package in '/home/suxin/English_Path/test111/autonomous_navigation_environment_ego/src/ego_planner_ros2/src/planner/bridge_test' with build type 'ament_cmake'
[32.415s] INFO:colcon.colcon_cmake.task.cmake.build:Building CMake package in '/home/suxin/English_Path/test111/autonomous_navigation_environment_ego/src/ego_planner_ros2/src/planner/bridge_test'
[32.415s] INFO:colcon.colcon_core.shell:Skip shell extension 'powershell' for command environment: Not usable outside of PowerShell
[32.415s] DEBUG:colcon.colcon_core.shell:Skip shell extension 'dsv' for command environment
[32.429s] DEBUG:colcon.colcon_core.event_handler.log_command:Invoking command in '/home/suxin/English_Path/test111/autonomous_navigation_environment_ego/build/local_sensing_node': AMENT_PREFIX_PATH=/home/suxin/English_Path/test111/autonomous_navigation_environment_ego/install/quadrotor_msgs:${AMENT_PREFIX_PATH} CMAKE_PREFIX_PATH=/home/suxin/English_Path/test111/autonomous_navigation_environment_ego/install/quadrotor_msgs:/opt/ros/foxy LD_LIBRARY_PATH=/home/suxin/English_Path/test111/autonomous_navigation_environment_ego/install/quadrotor_msgs/lib:${LD_LIBRARY_PATH} PYTHONPATH=/home/suxin/English_Path/test111/autonomous_navigation_environment_ego/install/quadrotor_msgs/lib/python3.8/site-packages:${PYTHONPATH} /usr/bin/cmake /home/suxin/English_Path/test111/autonomous_navigation_environment_ego/src/ego_planner_ros2/src/uav_simulator/local_sensing -DAMENT_CMAKE_SYMLINK_INSTALL=1 -DCMAKE_INSTALL_PREFIX=/home/suxin/English_Path/test111/autonomous_navigation_environment_ego/install/local_sensing_node
[32.435s] DEBUG:colcon.colcon_core.event_handler.log_command:Invoking command in '/home/suxin/English_Path/test111/autonomous_navigation_environment_ego/build/new': AMENT_PREFIX_PATH=/home/suxin/English_Path/test111/autonomous_navigation_environment_ego/install/quadrotor_msgs:${AMENT_PREFIX_PATH} CMAKE_PREFIX_PATH=/home/suxin/English_Path/test111/autonomous_navigation_environment_ego/install/quadrotor_msgs:/opt/ros/foxy LD_LIBRARY_PATH=/home/suxin/English_Path/test111/autonomous_navigation_environment_ego/install/quadrotor_msgs/lib:${LD_LIBRARY_PATH} PYTHONPATH=/home/suxin/English_Path/test111/autonomous_navigation_environment_ego/install/quadrotor_msgs/lib/python3.8/site-packages:${PYTHONPATH} /usr/bin/cmake /home/suxin/English_Path/test111/autonomous_navigation_environment_ego/src/ego_planner_ros2/src/planner/new -DAMENT_CMAKE_SYMLINK_INSTALL=1 -DCMAKE_INSTALL_PREFIX=/home/suxin/English_Path/test111/autonomous_navigation_environment_ego/install/new
[32.440s] DEBUG:colcon.colcon_core.event_handler.log_command:Invoking command in '/home/suxin/English_Path/test111/autonomous_navigation_environment_ego/build/odom_visualization': AMENT_PREFIX_PATH=/home/suxin/English_Path/test111/autonomous_navigation_environment_ego/install/quadrotor_msgs:${AMENT_PREFIX_PATH} CMAKE_PREFIX_PATH=/home/suxin/English_Path/test111/autonomous_navigation_environment_ego/install/quadrotor_msgs:/opt/ros/foxy LD_LIBRARY_PATH=/home/suxin/English_Path/test111/autonomous_navigation_environment_ego/install/quadrotor_msgs/lib:${LD_LIBRARY_PATH} PYTHONPATH=/home/suxin/English_Path/test111/autonomous_navigation_environment_ego/install/quadrotor_msgs/lib/python3.8/site-packages:${PYTHONPATH} /usr/bin/cmake /home/suxin/English_Path/test111/autonomous_navigation_environment_ego/src/ego_planner_ros2/src/uav_simulator/Utils/odom_visualization -DAMENT_CMAKE_SYMLINK_INSTALL=1 -DCMAKE_INSTALL_PREFIX=/home/suxin/English_Path/test111/autonomous_navigation_environment_ego/install/odom_visualization
[32.446s] DEBUG:colcon.colcon_core.event_handler.log_command:Invoking command in '/home/suxin/English_Path/test111/autonomous_navigation_environment_ego/build/poscmd_2_odom': AMENT_PREFIX_PATH=/home/suxin/English_Path/test111/autonomous_navigation_environment_ego/install/quadrotor_msgs:${AMENT_PREFIX_PATH} CMAKE_PREFIX_PATH=/home/suxin/English_Path/test111/autonomous_navigation_environment_ego/install/quadrotor_msgs:/opt/ros/foxy LD_LIBRARY_PATH=/home/suxin/English_Path/test111/autonomous_navigation_environment_ego/install/quadrotor_msgs/lib:${LD_LIBRARY_PATH} PYTHONPATH=/home/suxin/English_Path/test111/autonomous_navigation_environment_ego/install/quadrotor_msgs/lib/python3.8/site-packages:${PYTHONPATH} /usr/bin/cmake /home/suxin/English_Path/test111/autonomous_navigation_environment_ego/src/ego_planner_ros2/src/uav_simulator/fake_drone -DAMENT_CMAKE_SYMLINK_INSTALL=1 -DCMAKE_INSTALL_PREFIX=/home/suxin/English_Path/test111/autonomous_navigation_environment_ego/install/poscmd_2_odom
[32.452s] DEBUG:colcon.colcon_core.event_handler.log_command:Invoking command in '/home/suxin/English_Path/test111/autonomous_navigation_environment_ego/build/bridge_test': AMENT_PREFIX_PATH=/home/suxin/English_Path/test111/autonomous_navigation_environment_ego/install/traj_utils:/home/suxin/English_Path/test111/autonomous_navigation_environment_ego/install/quadrotor_msgs:${AMENT_PREFIX_PATH} CMAKE_PREFIX_PATH=/home/suxin/English_Path/test111/autonomous_navigation_environment_ego/install/traj_utils:/home/suxin/English_Path/test111/autonomous_navigation_environment_ego/install/quadrotor_msgs:/opt/ros/foxy LD_LIBRARY_PATH=/home/suxin/English_Path/test111/autonomous_navigation_environment_ego/install/traj_utils/lib:/home/suxin/English_Path/test111/autonomous_navigation_environment_ego/install/quadrotor_msgs/lib:${LD_LIBRARY_PATH} PYTHONPATH=/home/suxin/English_Path/test111/autonomous_navigation_environment_ego/install/traj_utils/lib/python3.8/site-packages:/home/suxin/English_Path/test111/autonomous_navigation_environment_ego/install/quadrotor_msgs/lib/python3.8/site-packages:${PYTHONPATH} /usr/bin/cmake /home/suxin/English_Path/test111/autonomous_navigation_environment_ego/src/ego_planner_ros2/src/planner/bridge_test -DAMENT_CMAKE_SYMLINK_INSTALL=1 -DCMAKE_INSTALL_PREFIX=/home/suxin/English_Path/test111/autonomous_navigation_environment_ego/install/bridge_test
[32.540s] Level 1:colcon.colcon_core.environment:create_environment_scripts_only(terrain_analysis)
[32.540s] Level 1:colcon.colcon_core.environment:checking '/home/suxin/English_Path/test111/autonomous_navigation_environment_ego/install/terrain_analysis' for CMake module files
[32.541s] Level 1:colcon.colcon_core.environment:checking '/home/suxin/English_Path/test111/autonomous_navigation_environment_ego/install/terrain_analysis' for CMake config files
[32.541s] Level 1:colcon.colcon_core.shell:create_environment_hook('terrain_analysis', 'cmake_prefix_path')
[32.541s] INFO:colcon.colcon_core.shell:Creating environment hook '/home/suxin/English_Path/test111/autonomous_navigation_environment_ego/install/terrain_analysis/share/terrain_analysis/hook/cmake_prefix_path.ps1'
[32.542s] INFO:colcon.colcon_core.shell:Creating environment descriptor '/home/suxin/English_Path/test111/autonomous_navigation_environment_ego/install/terrain_analysis/share/terrain_analysis/hook/cmake_prefix_path.dsv'
[32.542s] INFO:colcon.colcon_core.shell:Creating environment hook '/home/suxin/English_Path/test111/autonomous_navigation_environment_ego/install/terrain_analysis/share/terrain_analysis/hook/cmake_prefix_path.sh'
[32.543s] Level 1:colcon.colcon_core.environment:checking '/home/suxin/English_Path/test111/autonomous_navigation_environment_ego/install/terrain_analysis/lib'
[32.543s] Level 1:colcon.colcon_core.environment:checking '/home/suxin/English_Path/test111/autonomous_navigation_environment_ego/install/terrain_analysis/bin'
[32.543s] Level 1:colcon.colcon_core.environment:checking '/home/suxin/English_Path/test111/autonomous_navigation_environment_ego/install/terrain_analysis/lib/pkgconfig/terrain_analysis.pc'
[32.543s] Level 1:colcon.colcon_core.environment:checking '/home/suxin/English_Path/test111/autonomous_navigation_environment_ego/install/terrain_analysis/lib/python3.8/site-packages'
[32.543s] Level 1:colcon.colcon_core.environment:checking '/home/suxin/English_Path/test111/autonomous_navigation_environment_ego/install/terrain_analysis/bin'
[32.544s] INFO:colcon.colcon_core.shell:Creating package script '/home/suxin/English_Path/test111/autonomous_navigation_environment_ego/install/terrain_analysis/share/terrain_analysis/package.ps1'
[32.544s] DEBUG:colcon.colcon_core.event_handler.log_command:Invoked command in '/home/suxin/English_Path/test111/autonomous_navigation_environment_ego/build/terrain_analysis' returned '0': CMAKE_PREFIX_PATH=/opt/ros/foxy /usr/bin/cmake --install /home/suxin/English_Path/test111/autonomous_navigation_environment_ego/build/terrain_analysis
[32.545s] INFO:colcon.colcon_core.shell:Creating package descriptor '/home/suxin/English_Path/test111/autonomous_navigation_environment_ego/install/terrain_analysis/share/terrain_analysis/package.dsv'
[32.545s] INFO:colcon.colcon_core.shell:Creating package script '/home/suxin/English_Path/test111/autonomous_navigation_environment_ego/install/terrain_analysis/share/terrain_analysis/package.sh'
[32.546s] INFO:colcon.colcon_core.shell:Creating package script '/home/suxin/English_Path/test111/autonomous_navigation_environment_ego/install/terrain_analysis/share/terrain_analysis/package.bash'
[32.546s] INFO:colcon.colcon_core.shell:Creating package script '/home/suxin/English_Path/test111/autonomous_navigation_environment_ego/install/terrain_analysis/share/terrain_analysis/package.zsh'
[32.546s] Level 1:colcon.colcon_core.environment:create_file_with_runtime_dependencies(/home/suxin/English_Path/test111/autonomous_navigation_environment_ego/install/terrain_analysis/share/colcon-core/packages/terrain_analysis)
[32.578s] Level 1:colcon.colcon_core.environment:create_environment_scripts_only(terrain_analysis)
[32.578s] Level 1:colcon.colcon_core.environment:checking '/home/suxin/English_Path/test111/autonomous_navigation_environment_ego/install/terrain_analysis' for CMake module files
[32.579s] Level 1:colcon.colcon_core.environment:checking '/home/suxin/English_Path/test111/autonomous_navigation_environment_ego/install/terrain_analysis' for CMake config files
[32.579s] Level 1:colcon.colcon_core.shell:create_environment_hook('terrain_analysis', 'cmake_prefix_path')
[32.580s] INFO:colcon.colcon_core.shell:Creating environment hook '/home/suxin/English_Path/test111/autonomous_navigation_environment_ego/install/terrain_analysis/share/terrain_analysis/hook/cmake_prefix_path.ps1'
[32.580s] INFO:colcon.colcon_core.shell:Creating environment descriptor '/home/suxin/English_Path/test111/autonomous_navigation_environment_ego/install/terrain_analysis/share/terrain_analysis/hook/cmake_prefix_path.dsv'
[32.581s] INFO:colcon.colcon_core.shell:Creating environment hook '/home/suxin/English_Path/test111/autonomous_navigation_environment_ego/install/terrain_analysis/share/terrain_analysis/hook/cmake_prefix_path.sh'
[32.581s] Level 1:colcon.colcon_core.environment:checking '/home/suxin/English_Path/test111/autonomous_navigation_environment_ego/install/terrain_analysis/lib'
[32.582s] Level 1:colcon.colcon_core.environment:checking '/home/suxin/English_Path/test111/autonomous_navigation_environment_ego/install/terrain_analysis/bin'
[32.582s] Level 1:colcon.colcon_core.environment:checking '/home/suxin/English_Path/test111/autonomous_navigation_environment_ego/install/terrain_analysis/lib/pkgconfig/terrain_analysis.pc'
[32.582s] Level 1:colcon.colcon_core.environment:checking '/home/suxin/English_Path/test111/autonomous_navigation_environment_ego/install/terrain_analysis/lib/python3.8/site-packages'
[32.582s] Level 1:colcon.colcon_core.environment:checking '/home/suxin/English_Path/test111/autonomous_navigation_environment_ego/install/terrain_analysis/bin'
[32.583s] INFO:colcon.colcon_core.shell:Creating package script '/home/suxin/English_Path/test111/autonomous_navigation_environment_ego/install/terrain_analysis/share/terrain_analysis/package.ps1'
[32.583s] INFO:colcon.colcon_core.shell:Creating package descriptor '/home/suxin/English_Path/test111/autonomous_navigation_environment_ego/install/terrain_analysis/share/terrain_analysis/package.dsv'
[32.584s] INFO:colcon.colcon_core.shell:Creating package script '/home/suxin/English_Path/test111/autonomous_navigation_environment_ego/install/terrain_analysis/share/terrain_analysis/package.sh'
[32.584s] INFO:colcon.colcon_core.shell:Creating package script '/home/suxin/English_Path/test111/autonomous_navigation_environment_ego/install/terrain_analysis/share/terrain_analysis/package.bash'
[32.585s] INFO:colcon.colcon_core.shell:Creating package script '/home/suxin/English_Path/test111/autonomous_navigation_environment_ego/install/terrain_analysis/share/terrain_analysis/package.zsh'
[32.585s] Level 1:colcon.colcon_core.environment:create_file_with_runtime_dependencies(/home/suxin/English_Path/test111/autonomous_navigation_environment_ego/install/terrain_analysis/share/colcon-core/packages/terrain_analysis)
[34.827s] DEBUG:colcon.colcon_core.event_handler.log_command:Invoked command in '/home/suxin/English_Path/test111/autonomous_navigation_environment_ego/build/local_pcl_map_provider' returned '0': CMAKE_PREFIX_PATH=/opt/ros/foxy /usr/bin/cmake --build /home/suxin/English_Path/test111/autonomous_navigation_environment_ego/build/local_pcl_map_provider -- -j20 -l20
[34.851s] DEBUG:colcon.colcon_core.event_handler.log_command:Invoking command in '/home/suxin/English_Path/test111/autonomous_navigation_environment_ego/build/local_pcl_map_provider': CMAKE_PREFIX_PATH=/opt/ros/foxy /usr/bin/cmake --install /home/suxin/English_Path/test111/autonomous_navigation_environment_ego/build/local_pcl_map_provider
[34.872s] Level 1:colcon.colcon_core.environment:create_environment_scripts_only(turtlebot3_gazebo)
[34.873s] Level 1:colcon.colcon_core.environment:checking '/home/suxin/English_Path/test111/autonomous_navigation_environment_ego/install/turtlebot3_gazebo' for CMake module files
[34.873s] DEBUG:colcon.colcon_core.event_handler.log_command:Invoked command in '/home/suxin/English_Path/test111/autonomous_navigation_environment_ego/build/turtlebot3_gazebo' returned '0': AMENT_PREFIX_PATH=/home/suxin/English_Path/test111/autonomous_navigation_environment_ego/install/turtlebot3_description:${AMENT_PREFIX_PATH} CMAKE_PREFIX_PATH=/home/suxin/English_Path/test111/autonomous_navigation_environment_ego/install/turtlebot3_description:/opt/ros/foxy /usr/bin/cmake --install /home/suxin/English_Path/test111/autonomous_navigation_environment_ego/build/turtlebot3_gazebo
[34.875s] Level 1:colcon.colcon_core.environment:checking '/home/suxin/English_Path/test111/autonomous_navigation_environment_ego/install/turtlebot3_gazebo' for CMake config files
[34.876s] Level 1:colcon.colcon_core.shell:create_environment_hook('turtlebot3_gazebo', 'cmake_prefix_path')
[34.877s] INFO:colcon.colcon_core.shell:Creating environment hook '/home/suxin/English_Path/test111/autonomous_navigation_environment_ego/install/turtlebot3_gazebo/share/turtlebot3_gazebo/hook/cmake_prefix_path.ps1'
[34.878s] INFO:colcon.colcon_core.shell:Creating environment descriptor '/home/suxin/English_Path/test111/autonomous_navigation_environment_ego/install/turtlebot3_gazebo/share/turtlebot3_gazebo/hook/cmake_prefix_path.dsv'
[34.879s] INFO:colcon.colcon_core.shell:Creating environment hook '/home/suxin/English_Path/test111/autonomous_navigation_environment_ego/install/turtlebot3_gazebo/share/turtlebot3_gazebo/hook/cmake_prefix_path.sh'
[34.880s] Level 1:colcon.colcon_core.environment:checking '/home/suxin/English_Path/test111/autonomous_navigation_environment_ego/install/turtlebot3_gazebo/lib'
[34.880s] Level 1:colcon.colcon_core.environment:checking '/home/suxin/English_Path/test111/autonomous_navigation_environment_ego/install/turtlebot3_gazebo/bin'
[34.880s] Level 1:colcon.colcon_core.environment:checking '/home/suxin/English_Path/test111/autonomous_navigation_environment_ego/install/turtlebot3_gazebo/lib/pkgconfig/turtlebot3_gazebo.pc'
[34.880s] Level 1:colcon.colcon_core.environment:checking '/home/suxin/English_Path/test111/autonomous_navigation_environment_ego/install/turtlebot3_gazebo/lib/python3.8/site-packages'
[34.881s] Level 1:colcon.colcon_core.environment:checking '/home/suxin/English_Path/test111/autonomous_navigation_environment_ego/install/turtlebot3_gazebo/bin'
[34.881s] INFO:colcon.colcon_core.shell:Creating package script '/home/suxin/English_Path/test111/autonomous_navigation_environment_ego/install/turtlebot3_gazebo/share/turtlebot3_gazebo/package.ps1'
[34.882s] INFO:colcon.colcon_core.shell:Creating package descriptor '/home/suxin/English_Path/test111/autonomous_navigation_environment_ego/install/turtlebot3_gazebo/share/turtlebot3_gazebo/package.dsv'
[34.882s] INFO:colcon.colcon_core.shell:Creating package script '/home/suxin/English_Path/test111/autonomous_navigation_environment_ego/install/turtlebot3_gazebo/share/turtlebot3_gazebo/package.sh'
[34.888s] INFO:colcon.colcon_core.shell:Creating package script '/home/suxin/English_Path/test111/autonomous_navigation_environment_ego/install/turtlebot3_gazebo/share/turtlebot3_gazebo/package.bash'
[34.888s] INFO:colcon.colcon_core.shell:Creating package script '/home/suxin/English_Path/test111/autonomous_navigation_environment_ego/install/turtlebot3_gazebo/share/turtlebot3_gazebo/package.zsh'
[34.889s] Level 1:colcon.colcon_core.environment:create_file_with_runtime_dependencies(/home/suxin/English_Path/test111/autonomous_navigation_environment_ego/install/turtlebot3_gazebo/share/colcon-core/packages/turtlebot3_gazebo)
[34.894s] DEBUG:colcon.colcon_core.event_handler.log_command:Invoked command in '/home/suxin/English_Path/test111/autonomous_navigation_environment_ego/build/new' returned '0': AMENT_PREFIX_PATH=/home/suxin/English_Path/test111/autonomous_navigation_environment_ego/install/quadrotor_msgs:${AMENT_PREFIX_PATH} CMAKE_PREFIX_PATH=/home/suxin/English_Path/test111/autonomous_navigation_environment_ego/install/quadrotor_msgs:/opt/ros/foxy LD_LIBRARY_PATH=/home/suxin/English_Path/test111/autonomous_navigation_environment_ego/install/quadrotor_msgs/lib:${LD_LIBRARY_PATH} PYTHONPATH=/home/suxin/English_Path/test111/autonomous_navigation_environment_ego/install/quadrotor_msgs/lib/python3.8/site-packages:${PYTHONPATH} /usr/bin/cmake /home/suxin/English_Path/test111/autonomous_navigation_environment_ego/src/ego_planner_ros2/src/planner/new -DAMENT_CMAKE_SYMLINK_INSTALL=1 -DCMAKE_INSTALL_PREFIX=/home/suxin/English_Path/test111/autonomous_navigation_environment_ego/install/new
[34.896s] DEBUG:colcon.colcon_core.event_handler.log_command:Invoking command in '/home/suxin/English_Path/test111/autonomous_navigation_environment_ego/build/new': AMENT_PREFIX_PATH=/home/suxin/English_Path/test111/autonomous_navigation_environment_ego/install/quadrotor_msgs:${AMENT_PREFIX_PATH} CMAKE_PREFIX_PATH=/home/suxin/English_Path/test111/autonomous_navigation_environment_ego/install/quadrotor_msgs:/opt/ros/foxy LD_LIBRARY_PATH=/home/suxin/English_Path/test111/autonomous_navigation_environment_ego/install/quadrotor_msgs/lib:${LD_LIBRARY_PATH} PYTHONPATH=/home/suxin/English_Path/test111/autonomous_navigation_environment_ego/install/quadrotor_msgs/lib/python3.8/site-packages:${PYTHONPATH} /usr/bin/cmake --build /home/suxin/English_Path/test111/autonomous_navigation_environment_ego/build/new -- -j20 -l20
[34.925s] Level 1:colcon.colcon_core.environment:create_environment_scripts_only(turtlebot3_gazebo)
[34.925s] Level 1:colcon.colcon_core.environment:checking '/home/suxin/English_Path/test111/autonomous_navigation_environment_ego/install/turtlebot3_gazebo' for CMake module files
[34.925s] Level 1:colcon.colcon_core.environment:checking '/home/suxin/English_Path/test111/autonomous_navigation_environment_ego/install/turtlebot3_gazebo' for CMake config files
[34.925s] Level 1:colcon.colcon_core.shell:create_environment_hook('turtlebot3_gazebo', 'cmake_prefix_path')
[34.926s] INFO:colcon.colcon_core.shell:Creating environment hook '/home/suxin/English_Path/test111/autonomous_navigation_environment_ego/install/turtlebot3_gazebo/share/turtlebot3_gazebo/hook/cmake_prefix_path.ps1'
[34.926s] INFO:colcon.colcon_core.shell:Creating environment descriptor '/home/suxin/English_Path/test111/autonomous_navigation_environment_ego/install/turtlebot3_gazebo/share/turtlebot3_gazebo/hook/cmake_prefix_path.dsv'
[34.926s] INFO:colcon.colcon_core.shell:Creating environment hook '/home/suxin/English_Path/test111/autonomous_navigation_environment_ego/install/turtlebot3_gazebo/share/turtlebot3_gazebo/hook/cmake_prefix_path.sh'
[34.927s] Level 1:colcon.colcon_core.environment:checking '/home/suxin/English_Path/test111/autonomous_navigation_environment_ego/install/turtlebot3_gazebo/lib'
[34.927s] Level 1:colcon.colcon_core.environment:checking '/home/suxin/English_Path/test111/autonomous_navigation_environment_ego/install/turtlebot3_gazebo/bin'
[34.927s] Level 1:colcon.colcon_core.environment:checking '/home/suxin/English_Path/test111/autonomous_navigation_environment_ego/install/turtlebot3_gazebo/lib/pkgconfig/turtlebot3_gazebo.pc'
[34.928s] Level 1:colcon.colcon_core.environment:checking '/home/suxin/English_Path/test111/autonomous_navigation_environment_ego/install/turtlebot3_gazebo/lib/python3.8/site-packages'
[34.928s] Level 1:colcon.colcon_core.environment:checking '/home/suxin/English_Path/test111/autonomous_navigation_environment_ego/install/turtlebot3_gazebo/bin'
[34.928s] INFO:colcon.colcon_core.shell:Creating package script '/home/suxin/English_Path/test111/autonomous_navigation_environment_ego/install/turtlebot3_gazebo/share/turtlebot3_gazebo/package.ps1'
[34.929s] INFO:colcon.colcon_core.shell:Creating package descriptor '/home/suxin/English_Path/test111/autonomous_navigation_environment_ego/install/turtlebot3_gazebo/share/turtlebot3_gazebo/package.dsv'
[34.929s] INFO:colcon.colcon_core.shell:Creating package script '/home/suxin/English_Path/test111/autonomous_navigation_environment_ego/install/turtlebot3_gazebo/share/turtlebot3_gazebo/package.sh'
[34.930s] INFO:colcon.colcon_core.shell:Creating package script '/home/suxin/English_Path/test111/autonomous_navigation_environment_ego/install/turtlebot3_gazebo/share/turtlebot3_gazebo/package.bash'
[34.930s] INFO:colcon.colcon_core.shell:Creating package script '/home/suxin/English_Path/test111/autonomous_navigation_environment_ego/install/turtlebot3_gazebo/share/turtlebot3_gazebo/package.zsh'
[34.930s] Level 1:colcon.colcon_core.environment:create_file_with_runtime_dependencies(/home/suxin/English_Path/test111/autonomous_navigation_environment_ego/install/turtlebot3_gazebo/share/colcon-core/packages/turtlebot3_gazebo)
[34.931s] INFO:colcon.colcon_ros.task.ament_cmake.build:Building ROS package in '/home/suxin/English_Path/test111/autonomous_navigation_environment_ego/src/simulation_gazebo_model/launch_files/turtlebot3_simulations' with build type 'ament_cmake'
[34.932s] INFO:colcon.colcon_cmake.task.cmake.build:Building CMake package in '/home/suxin/English_Path/test111/autonomous_navigation_environment_ego/src/simulation_gazebo_model/launch_files/turtlebot3_simulations'
[34.932s] INFO:colcon.colcon_core.shell:Skip shell extension 'powershell' for command environment: Not usable outside of PowerShell
[34.932s] DEBUG:colcon.colcon_core.shell:Skip shell extension 'dsv' for command environment
[34.951s] DEBUG:colcon.colcon_core.event_handler.log_command:Invoking command in '/home/suxin/English_Path/test111/autonomous_navigation_environment_ego/build/turtlebot3_simulations': AMENT_PREFIX_PATH=/home/suxin/English_Path/test111/autonomous_navigation_environment_ego/install/turtlebot3_gazebo:/home/suxin/English_Path/test111/autonomous_navigation_environment_ego/install/turtlebot3_fake_node:/home/suxin/English_Path/test111/autonomous_navigation_environment_ego/install/turtlebot3_description:${AMENT_PREFIX_PATH} CMAKE_PREFIX_PATH=/home/suxin/English_Path/test111/autonomous_navigation_environment_ego/install/turtlebot3_gazebo:/home/suxin/English_Path/test111/autonomous_navigation_environment_ego/install/turtlebot3_fake_node:/home/suxin/English_Path/test111/autonomous_navigation_environment_ego/install/turtlebot3_description:/opt/ros/foxy /usr/bin/cmake /home/suxin/English_Path/test111/autonomous_navigation_environment_ego/src/simulation_gazebo_model/launch_files/turtlebot3_simulations -DAMENT_CMAKE_SYMLINK_INSTALL=1 -DCMAKE_INSTALL_PREFIX=/home/suxin/English_Path/test111/autonomous_navigation_environment_ego/install/turtlebot3_simulations
[35.301s] DEBUG:colcon.colcon_core.event_handler.log_command:Invoked command in '/home/suxin/English_Path/test111/autonomous_navigation_environment_ego/build/odom_visualization' returned '0': AMENT_PREFIX_PATH=/home/suxin/English_Path/test111/autonomous_navigation_environment_ego/install/quadrotor_msgs:${AMENT_PREFIX_PATH} CMAKE_PREFIX_PATH=/home/suxin/English_Path/test111/autonomous_navigation_environment_ego/install/quadrotor_msgs:/opt/ros/foxy LD_LIBRARY_PATH=/home/suxin/English_Path/test111/autonomous_navigation_environment_ego/install/quadrotor_msgs/lib:${LD_LIBRARY_PATH} PYTHONPATH=/home/suxin/English_Path/test111/autonomous_navigation_environment_ego/install/quadrotor_msgs/lib/python3.8/site-packages:${PYTHONPATH} /usr/bin/cmake /home/suxin/English_Path/test111/autonomous_navigation_environment_ego/src/ego_planner_ros2/src/uav_simulator/Utils/odom_visualization -DAMENT_CMAKE_SYMLINK_INSTALL=1 -DCMAKE_INSTALL_PREFIX=/home/suxin/English_Path/test111/autonomous_navigation_environment_ego/install/odom_visualization
[35.301s] DEBUG:colcon.colcon_core.event_handler.log_command:Invoking command in '/home/suxin/English_Path/test111/autonomous_navigation_environment_ego/build/odom_visualization': AMENT_PREFIX_PATH=/home/suxin/English_Path/test111/autonomous_navigation_environment_ego/install/quadrotor_msgs:${AMENT_PREFIX_PATH} CMAKE_PREFIX_PATH=/home/suxin/English_Path/test111/autonomous_navigation_environment_ego/install/quadrotor_msgs:/opt/ros/foxy LD_LIBRARY_PATH=/home/suxin/English_Path/test111/autonomous_navigation_environment_ego/install/quadrotor_msgs/lib:${LD_LIBRARY_PATH} PYTHONPATH=/home/suxin/English_Path/test111/autonomous_navigation_environment_ego/install/quadrotor_msgs/lib/python3.8/site-packages:${PYTHONPATH} /usr/bin/cmake --build /home/suxin/English_Path/test111/autonomous_navigation_environment_ego/build/odom_visualization -- -j20 -l20
[36.667s] DEBUG:colcon.colcon_core.event_handler.log_command:Invoked command in '/home/suxin/English_Path/test111/autonomous_navigation_environment_ego/build/local_sensing_node' returned '0': AMENT_PREFIX_PATH=/home/suxin/English_Path/test111/autonomous_navigation_environment_ego/install/quadrotor_msgs:${AMENT_PREFIX_PATH} CMAKE_PREFIX_PATH=/home/suxin/English_Path/test111/autonomous_navigation_environment_ego/install/quadrotor_msgs:/opt/ros/foxy LD_LIBRARY_PATH=/home/suxin/English_Path/test111/autonomous_navigation_environment_ego/install/quadrotor_msgs/lib:${LD_LIBRARY_PATH} PYTHONPATH=/home/suxin/English_Path/test111/autonomous_navigation_environment_ego/install/quadrotor_msgs/lib/python3.8/site-packages:${PYTHONPATH} /usr/bin/cmake /home/suxin/English_Path/test111/autonomous_navigation_environment_ego/src/ego_planner_ros2/src/uav_simulator/local_sensing -DAMENT_CMAKE_SYMLINK_INSTALL=1 -DCMAKE_INSTALL_PREFIX=/home/suxin/English_Path/test111/autonomous_navigation_environment_ego/install/local_sensing_node
[36.675s] Level 1:colcon.colcon_core.environment:create_environment_scripts_only(local_pcl_map_provider)
[36.675s] Level 1:colcon.colcon_core.environment:checking '/home/suxin/English_Path/test111/autonomous_navigation_environment_ego/install/local_pcl_map_provider' for CMake module files
[36.677s] DEBUG:colcon.colcon_core.event_handler.log_command:Invoking command in '/home/suxin/English_Path/test111/autonomous_navigation_environment_ego/build/local_sensing_node': AMENT_PREFIX_PATH=/home/suxin/English_Path/test111/autonomous_navigation_environment_ego/install/quadrotor_msgs:${AMENT_PREFIX_PATH} CMAKE_PREFIX_PATH=/home/suxin/English_Path/test111/autonomous_navigation_environment_ego/install/quadrotor_msgs:/opt/ros/foxy LD_LIBRARY_PATH=/home/suxin/English_Path/test111/autonomous_navigation_environment_ego/install/quadrotor_msgs/lib:${LD_LIBRARY_PATH} PYTHONPATH=/home/suxin/English_Path/test111/autonomous_navigation_environment_ego/install/quadrotor_msgs/lib/python3.8/site-packages:${PYTHONPATH} /usr/bin/cmake --build /home/suxin/English_Path/test111/autonomous_navigation_environment_ego/build/local_sensing_node -- -j20 -l20
[36.678s] Level 1:colcon.colcon_core.environment:checking '/home/suxin/English_Path/test111/autonomous_navigation_environment_ego/install/local_pcl_map_provider' for CMake config files
[36.678s] Level 1:colcon.colcon_core.shell:create_environment_hook('local_pcl_map_provider', 'cmake_prefix_path')
[36.678s] INFO:colcon.colcon_core.shell:Creating environment hook '/home/suxin/English_Path/test111/autonomous_navigation_environment_ego/install/local_pcl_map_provider/share/local_pcl_map_provider/hook/cmake_prefix_path.ps1'
[36.679s] INFO:colcon.colcon_core.shell:Creating environment descriptor '/home/suxin/English_Path/test111/autonomous_navigation_environment_ego/install/local_pcl_map_provider/share/local_pcl_map_provider/hook/cmake_prefix_path.dsv'
[36.680s] DEBUG:colcon.colcon_core.event_handler.log_command:Invoked command in '/home/suxin/English_Path/test111/autonomous_navigation_environment_ego/build/bridge_test' returned '0': AMENT_PREFIX_PATH=/home/suxin/English_Path/test111/autonomous_navigation_environment_ego/install/traj_utils:/home/suxin/English_Path/test111/autonomous_navigation_environment_ego/install/quadrotor_msgs:${AMENT_PREFIX_PATH} CMAKE_PREFIX_PATH=/home/suxin/English_Path/test111/autonomous_navigation_environment_ego/install/traj_utils:/home/suxin/English_Path/test111/autonomous_navigation_environment_ego/install/quadrotor_msgs:/opt/ros/foxy LD_LIBRARY_PATH=/home/suxin/English_Path/test111/autonomous_navigation_environment_ego/install/traj_utils/lib:/home/suxin/English_Path/test111/autonomous_navigation_environment_ego/install/quadrotor_msgs/lib:${LD_LIBRARY_PATH} PYTHONPATH=/home/suxin/English_Path/test111/autonomous_navigation_environment_ego/install/traj_utils/lib/python3.8/site-packages:/home/suxin/English_Path/test111/autonomous_navigation_environment_ego/install/quadrotor_msgs/lib/python3.8/site-packages:${PYTHONPATH} /usr/bin/cmake /home/suxin/English_Path/test111/autonomous_navigation_environment_ego/src/ego_planner_ros2/src/planner/bridge_test -DAMENT_CMAKE_SYMLINK_INSTALL=1 -DCMAKE_INSTALL_PREFIX=/home/suxin/English_Path/test111/autonomous_navigation_environment_ego/install/bridge_test
[36.681s] DEBUG:colcon.colcon_core.event_handler.log_command:Invoking command in '/home/suxin/English_Path/test111/autonomous_navigation_environment_ego/build/bridge_test': AMENT_PREFIX_PATH=/home/suxin/English_Path/test111/autonomous_navigation_environment_ego/install/traj_utils:/home/suxin/English_Path/test111/autonomous_navigation_environment_ego/install/quadrotor_msgs:${AMENT_PREFIX_PATH} CMAKE_PREFIX_PATH=/home/suxin/English_Path/test111/autonomous_navigation_environment_ego/install/traj_utils:/home/suxin/English_Path/test111/autonomous_navigation_environment_ego/install/quadrotor_msgs:/opt/ros/foxy LD_LIBRARY_PATH=/home/suxin/English_Path/test111/autonomous_navigation_environment_ego/install/traj_utils/lib:/home/suxin/English_Path/test111/autonomous_navigation_environment_ego/install/quadrotor_msgs/lib:${LD_LIBRARY_PATH} PYTHONPATH=/home/suxin/English_Path/test111/autonomous_navigation_environment_ego/install/traj_utils/lib/python3.8/site-packages:/home/suxin/English_Path/test111/autonomous_navigation_environment_ego/install/quadrotor_msgs/lib/python3.8/site-packages:${PYTHONPATH} /usr/bin/cmake --build /home/suxin/English_Path/test111/autonomous_navigation_environment_ego/build/bridge_test -- -j20 -l20
[36.681s] INFO:colcon.colcon_core.shell:Creating environment hook '/home/suxin/English_Path/test111/autonomous_navigation_environment_ego/install/local_pcl_map_provider/share/local_pcl_map_provider/hook/cmake_prefix_path.sh'
[36.682s] DEBUG:colcon.colcon_core.event_handler.log_command:Invoked command in '/home/suxin/English_Path/test111/autonomous_navigation_environment_ego/build/local_pcl_map_provider' returned '0': CMAKE_PREFIX_PATH=/opt/ros/foxy /usr/bin/cmake --install /home/suxin/English_Path/test111/autonomous_navigation_environment_ego/build/local_pcl_map_provider
[36.682s] Level 1:colcon.colcon_core.environment:checking '/home/suxin/English_Path/test111/autonomous_navigation_environment_ego/install/local_pcl_map_provider/lib'
[36.683s] Level 1:colcon.colcon_core.environment:checking '/home/suxin/English_Path/test111/autonomous_navigation_environment_ego/install/local_pcl_map_provider/bin'
[36.683s] Level 1:colcon.colcon_core.environment:checking '/home/suxin/English_Path/test111/autonomous_navigation_environment_ego/install/local_pcl_map_provider/lib/pkgconfig/local_pcl_map_provider.pc'
[36.683s] Level 1:colcon.colcon_core.environment:checking '/home/suxin/English_Path/test111/autonomous_navigation_environment_ego/install/local_pcl_map_provider/lib/python3.8/site-packages'
[36.683s] Level 1:colcon.colcon_core.environment:checking '/home/suxin/English_Path/test111/autonomous_navigation_environment_ego/install/local_pcl_map_provider/bin'
[36.684s] INFO:colcon.colcon_core.shell:Creating package script '/home/suxin/English_Path/test111/autonomous_navigation_environment_ego/install/local_pcl_map_provider/share/local_pcl_map_provider/package.ps1'
[36.684s] INFO:colcon.colcon_core.shell:Creating package descriptor '/home/suxin/English_Path/test111/autonomous_navigation_environment_ego/install/local_pcl_map_provider/share/local_pcl_map_provider/package.dsv'
[36.685s] INFO:colcon.colcon_core.shell:Creating package script '/home/suxin/English_Path/test111/autonomous_navigation_environment_ego/install/local_pcl_map_provider/share/local_pcl_map_provider/package.sh'
[36.685s] INFO:colcon.colcon_core.shell:Creating package script '/home/suxin/English_Path/test111/autonomous_navigation_environment_ego/install/local_pcl_map_provider/share/local_pcl_map_provider/package.bash'
[36.686s] INFO:colcon.colcon_core.shell:Creating package script '/home/suxin/English_Path/test111/autonomous_navigation_environment_ego/install/local_pcl_map_provider/share/local_pcl_map_provider/package.zsh'
[36.687s] Level 1:colcon.colcon_core.environment:create_file_with_runtime_dependencies(/home/suxin/English_Path/test111/autonomous_navigation_environment_ego/install/local_pcl_map_provider/share/colcon-core/packages/local_pcl_map_provider)
[36.745s] Level 1:colcon.colcon_core.environment:create_environment_scripts_only(local_pcl_map_provider)
[36.745s] Level 1:colcon.colcon_core.environment:checking '/home/suxin/English_Path/test111/autonomous_navigation_environment_ego/install/local_pcl_map_provider' for CMake module files
[36.746s] Level 1:colcon.colcon_core.environment:checking '/home/suxin/English_Path/test111/autonomous_navigation_environment_ego/install/local_pcl_map_provider' for CMake config files
[36.746s] Level 1:colcon.colcon_core.shell:create_environment_hook('local_pcl_map_provider', 'cmake_prefix_path')
[36.747s] INFO:colcon.colcon_core.shell:Creating environment hook '/home/suxin/English_Path/test111/autonomous_navigation_environment_ego/install/local_pcl_map_provider/share/local_pcl_map_provider/hook/cmake_prefix_path.ps1'
[36.747s] INFO:colcon.colcon_core.shell:Creating environment descriptor '/home/suxin/English_Path/test111/autonomous_navigation_environment_ego/install/local_pcl_map_provider/share/local_pcl_map_provider/hook/cmake_prefix_path.dsv'
[36.748s] INFO:colcon.colcon_core.shell:Creating environment hook '/home/suxin/English_Path/test111/autonomous_navigation_environment_ego/install/local_pcl_map_provider/share/local_pcl_map_provider/hook/cmake_prefix_path.sh'
[36.749s] Level 1:colcon.colcon_core.environment:checking '/home/suxin/English_Path/test111/autonomous_navigation_environment_ego/install/local_pcl_map_provider/lib'
[36.749s] Level 1:colcon.colcon_core.environment:checking '/home/suxin/English_Path/test111/autonomous_navigation_environment_ego/install/local_pcl_map_provider/bin'
[36.749s] Level 1:colcon.colcon_core.environment:checking '/home/suxin/English_Path/test111/autonomous_navigation_environment_ego/install/local_pcl_map_provider/lib/pkgconfig/local_pcl_map_provider.pc'
[36.749s] Level 1:colcon.colcon_core.environment:checking '/home/suxin/English_Path/test111/autonomous_navigation_environment_ego/install/local_pcl_map_provider/lib/python3.8/site-packages'
[36.749s] Level 1:colcon.colcon_core.environment:checking '/home/suxin/English_Path/test111/autonomous_navigation_environment_ego/install/local_pcl_map_provider/bin'
[36.750s] INFO:colcon.colcon_core.shell:Creating package script '/home/suxin/English_Path/test111/autonomous_navigation_environment_ego/install/local_pcl_map_provider/share/local_pcl_map_provider/package.ps1'
[36.750s] INFO:colcon.colcon_core.shell:Creating package descriptor '/home/suxin/English_Path/test111/autonomous_navigation_environment_ego/install/local_pcl_map_provider/share/local_pcl_map_provider/package.dsv'
[36.751s] INFO:colcon.colcon_core.shell:Creating package script '/home/suxin/English_Path/test111/autonomous_navigation_environment_ego/install/local_pcl_map_provider/share/local_pcl_map_provider/package.sh'
[36.751s] INFO:colcon.colcon_core.shell:Creating package script '/home/suxin/English_Path/test111/autonomous_navigation_environment_ego/install/local_pcl_map_provider/share/local_pcl_map_provider/package.bash'
[36.752s] INFO:colcon.colcon_core.shell:Creating package script '/home/suxin/English_Path/test111/autonomous_navigation_environment_ego/install/local_pcl_map_provider/share/local_pcl_map_provider/package.zsh'
[36.752s] Level 1:colcon.colcon_core.environment:create_file_with_runtime_dependencies(/home/suxin/English_Path/test111/autonomous_navigation_environment_ego/install/local_pcl_map_provider/share/colcon-core/packages/local_pcl_map_provider)
[36.803s] DEBUG:colcon.colcon_core.event_handler.log_command:Invoked command in '/home/suxin/English_Path/test111/autonomous_navigation_environment_ego/build/poscmd_2_odom' returned '0': AMENT_PREFIX_PATH=/home/suxin/English_Path/test111/autonomous_navigation_environment_ego/install/quadrotor_msgs:${AMENT_PREFIX_PATH} CMAKE_PREFIX_PATH=/home/suxin/English_Path/test111/autonomous_navigation_environment_ego/install/quadrotor_msgs:/opt/ros/foxy LD_LIBRARY_PATH=/home/suxin/English_Path/test111/autonomous_navigation_environment_ego/install/quadrotor_msgs/lib:${LD_LIBRARY_PATH} PYTHONPATH=/home/suxin/English_Path/test111/autonomous_navigation_environment_ego/install/quadrotor_msgs/lib/python3.8/site-packages:${PYTHONPATH} /usr/bin/cmake /home/suxin/English_Path/test111/autonomous_navigation_environment_ego/src/ego_planner_ros2/src/uav_simulator/fake_drone -DAMENT_CMAKE_SYMLINK_INSTALL=1 -DCMAKE_INSTALL_PREFIX=/home/suxin/English_Path/test111/autonomous_navigation_environment_ego/install/poscmd_2_odom
[36.808s] DEBUG:colcon.colcon_core.event_handler.log_command:Invoking command in '/home/suxin/English_Path/test111/autonomous_navigation_environment_ego/build/poscmd_2_odom': AMENT_PREFIX_PATH=/home/suxin/English_Path/test111/autonomous_navigation_environment_ego/install/quadrotor_msgs:${AMENT_PREFIX_PATH} CMAKE_PREFIX_PATH=/home/suxin/English_Path/test111/autonomous_navigation_environment_ego/install/quadrotor_msgs:/opt/ros/foxy LD_LIBRARY_PATH=/home/suxin/English_Path/test111/autonomous_navigation_environment_ego/install/quadrotor_msgs/lib:${LD_LIBRARY_PATH} PYTHONPATH=/home/suxin/English_Path/test111/autonomous_navigation_environment_ego/install/quadrotor_msgs/lib/python3.8/site-packages:${PYTHONPATH} /usr/bin/cmake --build /home/suxin/English_Path/test111/autonomous_navigation_environment_ego/build/poscmd_2_odom -- -j20 -l20
[36.809s] DEBUG:colcon.colcon_core.event_handler.log_command:Invoked command in '/home/suxin/English_Path/test111/autonomous_navigation_environment_ego/build/turtlebot3_simulations' returned '0': AMENT_PREFIX_PATH=/home/suxin/English_Path/test111/autonomous_navigation_environment_ego/install/turtlebot3_gazebo:/home/suxin/English_Path/test111/autonomous_navigation_environment_ego/install/turtlebot3_fake_node:/home/suxin/English_Path/test111/autonomous_navigation_environment_ego/install/turtlebot3_description:${AMENT_PREFIX_PATH} CMAKE_PREFIX_PATH=/home/suxin/English_Path/test111/autonomous_navigation_environment_ego/install/turtlebot3_gazebo:/home/suxin/English_Path/test111/autonomous_navigation_environment_ego/install/turtlebot3_fake_node:/home/suxin/English_Path/test111/autonomous_navigation_environment_ego/install/turtlebot3_description:/opt/ros/foxy /usr/bin/cmake /home/suxin/English_Path/test111/autonomous_navigation_environment_ego/src/simulation_gazebo_model/launch_files/turtlebot3_simulations -DAMENT_CMAKE_SYMLINK_INSTALL=1 -DCMAKE_INSTALL_PREFIX=/home/suxin/English_Path/test111/autonomous_navigation_environment_ego/install/turtlebot3_simulations
[36.810s] DEBUG:colcon.colcon_core.event_handler.log_command:Invoking command in '/home/suxin/English_Path/test111/autonomous_navigation_environment_ego/build/turtlebot3_simulations': AMENT_PREFIX_PATH=/home/suxin/English_Path/test111/autonomous_navigation_environment_ego/install/turtlebot3_gazebo:/home/suxin/English_Path/test111/autonomous_navigation_environment_ego/install/turtlebot3_fake_node:/home/suxin/English_Path/test111/autonomous_navigation_environment_ego/install/turtlebot3_description:${AMENT_PREFIX_PATH} CMAKE_PREFIX_PATH=/home/suxin/English_Path/test111/autonomous_navigation_environment_ego/install/turtlebot3_gazebo:/home/suxin/English_Path/test111/autonomous_navigation_environment_ego/install/turtlebot3_fake_node:/home/suxin/English_Path/test111/autonomous_navigation_environment_ego/install/turtlebot3_description:/opt/ros/foxy /usr/bin/cmake --build /home/suxin/English_Path/test111/autonomous_navigation_environment_ego/build/turtlebot3_simulations -- -j20 -l20
[38.462s] DEBUG:colcon.colcon_core.event_handler.log_command:Invoked command in '/home/suxin/English_Path/test111/autonomous_navigation_environment_ego/build/new' returned '0': AMENT_PREFIX_PATH=/home/suxin/English_Path/test111/autonomous_navigation_environment_ego/install/quadrotor_msgs:${AMENT_PREFIX_PATH} CMAKE_PREFIX_PATH=/home/suxin/English_Path/test111/autonomous_navigation_environment_ego/install/quadrotor_msgs:/opt/ros/foxy LD_LIBRARY_PATH=/home/suxin/English_Path/test111/autonomous_navigation_environment_ego/install/quadrotor_msgs/lib:${LD_LIBRARY_PATH} PYTHONPATH=/home/suxin/English_Path/test111/autonomous_navigation_environment_ego/install/quadrotor_msgs/lib/python3.8/site-packages:${PYTHONPATH} /usr/bin/cmake --build /home/suxin/English_Path/test111/autonomous_navigation_environment_ego/build/new -- -j20 -l20
[38.489s] DEBUG:colcon.colcon_core.event_handler.log_command:Invoking command in '/home/suxin/English_Path/test111/autonomous_navigation_environment_ego/build/new': AMENT_PREFIX_PATH=/home/suxin/English_Path/test111/autonomous_navigation_environment_ego/install/quadrotor_msgs:${AMENT_PREFIX_PATH} CMAKE_PREFIX_PATH=/home/suxin/English_Path/test111/autonomous_navigation_environment_ego/install/quadrotor_msgs:/opt/ros/foxy LD_LIBRARY_PATH=/home/suxin/English_Path/test111/autonomous_navigation_environment_ego/install/quadrotor_msgs/lib:${LD_LIBRARY_PATH} PYTHONPATH=/home/suxin/English_Path/test111/autonomous_navigation_environment_ego/install/quadrotor_msgs/lib/python3.8/site-packages:${PYTHONPATH} /usr/bin/cmake --install /home/suxin/English_Path/test111/autonomous_navigation_environment_ego/build/new
[38.562s] DEBUG:colcon.colcon_core.event_handler.log_command:Invoked command in '/home/suxin/English_Path/test111/autonomous_navigation_environment_ego/build/path_searching' returned '0': /usr/bin/cmake --build /home/suxin/English_Path/test111/autonomous_navigation_environment_ego/build/path_searching -- -j20 -l20
[38.608s] DEBUG:colcon.colcon_core.event_handler.log_command:Invoking command in '/home/suxin/English_Path/test111/autonomous_navigation_environment_ego/build/path_searching': /usr/bin/cmake --install /home/suxin/English_Path/test111/autonomous_navigation_environment_ego/build/path_searching
[43.054s] DEBUG:colcon.colcon_core.event_handler.log_command:Invoked command in '/home/suxin/English_Path/test111/autonomous_navigation_environment_ego/build/bridge_test' returned '0': AMENT_PREFIX_PATH=/home/suxin/English_Path/test111/autonomous_navigation_environment_ego/install/traj_utils:/home/suxin/English_Path/test111/autonomous_navigation_environment_ego/install/quadrotor_msgs:${AMENT_PREFIX_PATH} CMAKE_PREFIX_PATH=/home/suxin/English_Path/test111/autonomous_navigation_environment_ego/install/traj_utils:/home/suxin/English_Path/test111/autonomous_navigation_environment_ego/install/quadrotor_msgs:/opt/ros/foxy LD_LIBRARY_PATH=/home/suxin/English_Path/test111/autonomous_navigation_environment_ego/install/traj_utils/lib:/home/suxin/English_Path/test111/autonomous_navigation_environment_ego/install/quadrotor_msgs/lib:${LD_LIBRARY_PATH} PYTHONPATH=/home/suxin/English_Path/test111/autonomous_navigation_environment_ego/install/traj_utils/lib/python3.8/site-packages:/home/suxin/English_Path/test111/autonomous_navigation_environment_ego/install/quadrotor_msgs/lib/python3.8/site-packages:${PYTHONPATH} /usr/bin/cmake --build /home/suxin/English_Path/test111/autonomous_navigation_environment_ego/build/bridge_test -- -j20 -l20
[43.076s] DEBUG:colcon.colcon_core.event_handler.log_command:Invoking command in '/home/suxin/English_Path/test111/autonomous_navigation_environment_ego/build/bridge_test': AMENT_PREFIX_PATH=/home/suxin/English_Path/test111/autonomous_navigation_environment_ego/install/traj_utils:/home/suxin/English_Path/test111/autonomous_navigation_environment_ego/install/quadrotor_msgs:${AMENT_PREFIX_PATH} CMAKE_PREFIX_PATH=/home/suxin/English_Path/test111/autonomous_navigation_environment_ego/install/traj_utils:/home/suxin/English_Path/test111/autonomous_navigation_environment_ego/install/quadrotor_msgs:/opt/ros/foxy LD_LIBRARY_PATH=/home/suxin/English_Path/test111/autonomous_navigation_environment_ego/install/traj_utils/lib:/home/suxin/English_Path/test111/autonomous_navigation_environment_ego/install/quadrotor_msgs/lib:${LD_LIBRARY_PATH} PYTHONPATH=/home/suxin/English_Path/test111/autonomous_navigation_environment_ego/install/traj_utils/lib/python3.8/site-packages:/home/suxin/English_Path/test111/autonomous_navigation_environment_ego/install/quadrotor_msgs/lib/python3.8/site-packages:${PYTHONPATH} /usr/bin/cmake --install /home/suxin/English_Path/test111/autonomous_navigation_environment_ego/build/bridge_test
[44.376s] DEBUG:colcon.colcon_core.event_handler.log_command:Invoked command in '/home/suxin/English_Path/test111/autonomous_navigation_environment_ego/build/local_planner' returned '0': CMAKE_PREFIX_PATH=/opt/ros/foxy /usr/bin/cmake --build /home/suxin/English_Path/test111/autonomous_navigation_environment_ego/build/local_planner -- -j20 -l20
[44.387s] Level 1:colcon.colcon_core.environment:create_environment_scripts_only(new)
[44.388s] Level 1:colcon.colcon_core.environment:checking '/home/suxin/English_Path/test111/autonomous_navigation_environment_ego/install/new' for CMake module files
[44.391s] Level 1:colcon.colcon_core.environment:checking '/home/suxin/English_Path/test111/autonomous_navigation_environment_ego/install/new' for CMake config files
[44.393s] DEBUG:colcon.colcon_core.event_handler.log_command:Invoked command in '/home/suxin/English_Path/test111/autonomous_navigation_environment_ego/build/turtlebot3_simulations' returned '0': AMENT_PREFIX_PATH=/home/suxin/English_Path/test111/autonomous_navigation_environment_ego/install/turtlebot3_gazebo:/home/suxin/English_Path/test111/autonomous_navigation_environment_ego/install/turtlebot3_fake_node:/home/suxin/English_Path/test111/autonomous_navigation_environment_ego/install/turtlebot3_description:${AMENT_PREFIX_PATH} CMAKE_PREFIX_PATH=/home/suxin/English_Path/test111/autonomous_navigation_environment_ego/install/turtlebot3_gazebo:/home/suxin/English_Path/test111/autonomous_navigation_environment_ego/install/turtlebot3_fake_node:/home/suxin/English_Path/test111/autonomous_navigation_environment_ego/install/turtlebot3_description:/opt/ros/foxy /usr/bin/cmake --build /home/suxin/English_Path/test111/autonomous_navigation_environment_ego/build/turtlebot3_simulations -- -j20 -l20
[44.393s] Level 1:colcon.colcon_core.shell:create_environment_hook('new', 'cmake_prefix_path')
[44.394s] INFO:colcon.colcon_core.shell:Creating environment hook '/home/suxin/English_Path/test111/autonomous_navigation_environment_ego/install/new/share/new/hook/cmake_prefix_path.ps1'
[44.394s] DEBUG:colcon.colcon_core.event_handler.log_command:Invoked command in '/home/suxin/English_Path/test111/autonomous_navigation_environment_ego/build/new' returned '0': AMENT_PREFIX_PATH=/home/suxin/English_Path/test111/autonomous_navigation_environment_ego/install/quadrotor_msgs:${AMENT_PREFIX_PATH} CMAKE_PREFIX_PATH=/home/suxin/English_Path/test111/autonomous_navigation_environment_ego/install/quadrotor_msgs:/opt/ros/foxy LD_LIBRARY_PATH=/home/suxin/English_Path/test111/autonomous_navigation_environment_ego/install/quadrotor_msgs/lib:${LD_LIBRARY_PATH} PYTHONPATH=/home/suxin/English_Path/test111/autonomous_navigation_environment_ego/install/quadrotor_msgs/lib/python3.8/site-packages:${PYTHONPATH} /usr/bin/cmake --install /home/suxin/English_Path/test111/autonomous_navigation_environment_ego/build/new
[44.397s] INFO:colcon.colcon_core.shell:Creating environment descriptor '/home/suxin/English_Path/test111/autonomous_navigation_environment_ego/install/new/share/new/hook/cmake_prefix_path.dsv'
[44.398s] INFO:colcon.colcon_core.shell:Creating environment hook '/home/suxin/English_Path/test111/autonomous_navigation_environment_ego/install/new/share/new/hook/cmake_prefix_path.sh'
[44.399s] Level 1:colcon.colcon_core.environment:checking '/home/suxin/English_Path/test111/autonomous_navigation_environment_ego/install/new/lib'
[44.399s] Level 1:colcon.colcon_core.environment:checking '/home/suxin/English_Path/test111/autonomous_navigation_environment_ego/install/new/bin'
[44.399s] Level 1:colcon.colcon_core.environment:checking '/home/suxin/English_Path/test111/autonomous_navigation_environment_ego/install/new/lib/pkgconfig/new.pc'
[44.400s] Level 1:colcon.colcon_core.environment:checking '/home/suxin/English_Path/test111/autonomous_navigation_environment_ego/install/new/lib/python3.8/site-packages'
[44.400s] Level 1:colcon.colcon_core.environment:checking '/home/suxin/English_Path/test111/autonomous_navigation_environment_ego/install/new/bin'
[44.400s] INFO:colcon.colcon_core.shell:Creating package script '/home/suxin/English_Path/test111/autonomous_navigation_environment_ego/install/new/share/new/package.ps1'
[44.401s] INFO:colcon.colcon_core.shell:Creating package descriptor '/home/suxin/English_Path/test111/autonomous_navigation_environment_ego/install/new/share/new/package.dsv'
[44.402s] INFO:colcon.colcon_core.shell:Creating package script '/home/suxin/English_Path/test111/autonomous_navigation_environment_ego/install/new/share/new/package.sh'
[44.402s] INFO:colcon.colcon_core.shell:Creating package script '/home/suxin/English_Path/test111/autonomous_navigation_environment_ego/install/new/share/new/package.bash'
[44.403s] INFO:colcon.colcon_core.shell:Creating package script '/home/suxin/English_Path/test111/autonomous_navigation_environment_ego/install/new/share/new/package.zsh'
[44.404s] Level 1:colcon.colcon_core.environment:create_file_with_runtime_dependencies(/home/suxin/English_Path/test111/autonomous_navigation_environment_ego/install/new/share/colcon-core/packages/new)
[44.409s] DEBUG:colcon.colcon_core.event_handler.log_command:Invoked command in '/home/suxin/English_Path/test111/autonomous_navigation_environment_ego/build/path_searching' returned '0': /usr/bin/cmake --install /home/suxin/English_Path/test111/autonomous_navigation_environment_ego/build/path_searching
[44.413s] Level 1:colcon.colcon_core.environment:create_environment_scripts_only(bridge_test)
[44.414s] Level 1:colcon.colcon_core.environment:checking '/home/suxin/English_Path/test111/autonomous_navigation_environment_ego/install/bridge_test' for CMake module files
[44.415s] DEBUG:colcon.colcon_core.event_handler.log_command:Invoked command in '/home/suxin/English_Path/test111/autonomous_navigation_environment_ego/build/bridge_test' returned '0': AMENT_PREFIX_PATH=/home/suxin/English_Path/test111/autonomous_navigation_environment_ego/install/traj_utils:/home/suxin/English_Path/test111/autonomous_navigation_environment_ego/install/quadrotor_msgs:${AMENT_PREFIX_PATH} CMAKE_PREFIX_PATH=/home/suxin/English_Path/test111/autonomous_navigation_environment_ego/install/traj_utils:/home/suxin/English_Path/test111/autonomous_navigation_environment_ego/install/quadrotor_msgs:/opt/ros/foxy LD_LIBRARY_PATH=/home/suxin/English_Path/test111/autonomous_navigation_environment_ego/install/traj_utils/lib:/home/suxin/English_Path/test111/autonomous_navigation_environment_ego/install/quadrotor_msgs/lib:${LD_LIBRARY_PATH} PYTHONPATH=/home/suxin/English_Path/test111/autonomous_navigation_environment_ego/install/traj_utils/lib/python3.8/site-packages:/home/suxin/English_Path/test111/autonomous_navigation_environment_ego/install/quadrotor_msgs/lib/python3.8/site-packages:${PYTHONPATH} /usr/bin/cmake --install /home/suxin/English_Path/test111/autonomous_navigation_environment_ego/build/bridge_test
[44.416s] Level 1:colcon.colcon_core.environment:checking '/home/suxin/English_Path/test111/autonomous_navigation_environment_ego/install/bridge_test' for CMake config files
[44.416s] Level 1:colcon.colcon_core.shell:create_environment_hook('bridge_test', 'cmake_prefix_path')
[44.416s] INFO:colcon.colcon_core.shell:Creating environment hook '/home/suxin/English_Path/test111/autonomous_navigation_environment_ego/install/bridge_test/share/bridge_test/hook/cmake_prefix_path.ps1'
[44.417s] INFO:colcon.colcon_core.shell:Creating environment descriptor '/home/suxin/English_Path/test111/autonomous_navigation_environment_ego/install/bridge_test/share/bridge_test/hook/cmake_prefix_path.dsv'
[44.417s] INFO:colcon.colcon_core.shell:Creating environment hook '/home/suxin/English_Path/test111/autonomous_navigation_environment_ego/install/bridge_test/share/bridge_test/hook/cmake_prefix_path.sh'
[44.418s] Level 1:colcon.colcon_core.environment:checking '/home/suxin/English_Path/test111/autonomous_navigation_environment_ego/install/bridge_test/lib'
[44.418s] Level 1:colcon.colcon_core.environment:checking '/home/suxin/English_Path/test111/autonomous_navigation_environment_ego/install/bridge_test/bin'
[44.418s] Level 1:colcon.colcon_core.environment:checking '/home/suxin/English_Path/test111/autonomous_navigation_environment_ego/install/bridge_test/lib/pkgconfig/bridge_test.pc'
[44.418s] Level 1:colcon.colcon_core.environment:checking '/home/suxin/English_Path/test111/autonomous_navigation_environment_ego/install/bridge_test/lib/python3.8/site-packages'
[44.419s] Level 1:colcon.colcon_core.environment:checking '/home/suxin/English_Path/test111/autonomous_navigation_environment_ego/install/bridge_test/bin'
[44.419s] INFO:colcon.colcon_core.shell:Creating package script '/home/suxin/English_Path/test111/autonomous_navigation_environment_ego/install/bridge_test/share/bridge_test/package.ps1'
[44.420s] INFO:colcon.colcon_core.shell:Creating package descriptor '/home/suxin/English_Path/test111/autonomous_navigation_environment_ego/install/bridge_test/share/bridge_test/package.dsv'
[44.420s] INFO:colcon.colcon_core.shell:Creating package script '/home/suxin/English_Path/test111/autonomous_navigation_environment_ego/install/bridge_test/share/bridge_test/package.sh'
[44.421s] INFO:colcon.colcon_core.shell:Creating package script '/home/suxin/English_Path/test111/autonomous_navigation_environment_ego/install/bridge_test/share/bridge_test/package.bash'
[44.421s] INFO:colcon.colcon_core.shell:Creating package script '/home/suxin/English_Path/test111/autonomous_navigation_environment_ego/install/bridge_test/share/bridge_test/package.zsh'
[44.422s] Level 1:colcon.colcon_core.environment:create_file_with_runtime_dependencies(/home/suxin/English_Path/test111/autonomous_navigation_environment_ego/install/bridge_test/share/colcon-core/packages/bridge_test)
[44.430s] DEBUG:colcon.colcon_core.event_handler.log_command:Invoking command in '/home/suxin/English_Path/test111/autonomous_navigation_environment_ego/build/local_planner': CMAKE_PREFIX_PATH=/opt/ros/foxy /usr/bin/cmake --install /home/suxin/English_Path/test111/autonomous_navigation_environment_ego/build/local_planner
[44.432s] DEBUG:colcon.colcon_core.event_handler.log_command:Invoking command in '/home/suxin/English_Path/test111/autonomous_navigation_environment_ego/build/turtlebot3_simulations': AMENT_PREFIX_PATH=/home/suxin/English_Path/test111/autonomous_navigation_environment_ego/install/turtlebot3_gazebo:/home/suxin/English_Path/test111/autonomous_navigation_environment_ego/install/turtlebot3_fake_node:/home/suxin/English_Path/test111/autonomous_navigation_environment_ego/install/turtlebot3_description:${AMENT_PREFIX_PATH} CMAKE_PREFIX_PATH=/home/suxin/English_Path/test111/autonomous_navigation_environment_ego/install/turtlebot3_gazebo:/home/suxin/English_Path/test111/autonomous_navigation_environment_ego/install/turtlebot3_fake_node:/home/suxin/English_Path/test111/autonomous_navigation_environment_ego/install/turtlebot3_description:/opt/ros/foxy /usr/bin/cmake --install /home/suxin/English_Path/test111/autonomous_navigation_environment_ego/build/turtlebot3_simulations
[44.436s] Level 1:colcon.colcon_core.environment:create_environment_scripts_only(new)
[44.437s] Level 1:colcon.colcon_core.environment:checking '/home/suxin/English_Path/test111/autonomous_navigation_environment_ego/install/new' for CMake module files
[44.437s] Level 1:colcon.colcon_core.environment:checking '/home/suxin/English_Path/test111/autonomous_navigation_environment_ego/install/new' for CMake config files
[44.438s] Level 1:colcon.colcon_core.shell:create_environment_hook('new', 'cmake_prefix_path')
[44.438s] INFO:colcon.colcon_core.shell:Creating environment hook '/home/suxin/English_Path/test111/autonomous_navigation_environment_ego/install/new/share/new/hook/cmake_prefix_path.ps1'
[44.439s] INFO:colcon.colcon_core.shell:Creating environment descriptor '/home/suxin/English_Path/test111/autonomous_navigation_environment_ego/install/new/share/new/hook/cmake_prefix_path.dsv'
[44.439s] INFO:colcon.colcon_core.shell:Creating environment hook '/home/suxin/English_Path/test111/autonomous_navigation_environment_ego/install/new/share/new/hook/cmake_prefix_path.sh'
[44.440s] Level 1:colcon.colcon_core.environment:checking '/home/suxin/English_Path/test111/autonomous_navigation_environment_ego/install/new/lib'
[44.440s] Level 1:colcon.colcon_core.environment:checking '/home/suxin/English_Path/test111/autonomous_navigation_environment_ego/install/new/bin'
[44.440s] Level 1:colcon.colcon_core.environment:checking '/home/suxin/English_Path/test111/autonomous_navigation_environment_ego/install/new/lib/pkgconfig/new.pc'
[44.441s] Level 1:colcon.colcon_core.environment:checking '/home/suxin/English_Path/test111/autonomous_navigation_environment_ego/install/new/lib/python3.8/site-packages'
[44.441s] Level 1:colcon.colcon_core.environment:checking '/home/suxin/English_Path/test111/autonomous_navigation_environment_ego/install/new/bin'
[44.441s] INFO:colcon.colcon_core.shell:Creating package script '/home/suxin/English_Path/test111/autonomous_navigation_environment_ego/install/new/share/new/package.ps1'
[44.444s] INFO:colcon.colcon_core.shell:Creating package descriptor '/home/suxin/English_Path/test111/autonomous_navigation_environment_ego/install/new/share/new/package.dsv'
[44.445s] INFO:colcon.colcon_core.shell:Creating package script '/home/suxin/English_Path/test111/autonomous_navigation_environment_ego/install/new/share/new/package.sh'
[44.445s] INFO:colcon.colcon_core.shell:Creating package script '/home/suxin/English_Path/test111/autonomous_navigation_environment_ego/install/new/share/new/package.bash'
[44.446s] INFO:colcon.colcon_core.shell:Creating package script '/home/suxin/English_Path/test111/autonomous_navigation_environment_ego/install/new/share/new/package.zsh'
[44.446s] Level 1:colcon.colcon_core.environment:create_file_with_runtime_dependencies(/home/suxin/English_Path/test111/autonomous_navigation_environment_ego/install/new/share/colcon-core/packages/new)
[44.448s] Level 1:colcon.colcon_core.shell:create_environment_hook('path_searching', 'ros_package_path')
[44.448s] INFO:colcon.colcon_core.shell:Creating environment hook '/home/suxin/English_Path/test111/autonomous_navigation_environment_ego/install/path_searching/share/path_searching/hook/ros_package_path.ps1'
[44.450s] INFO:colcon.colcon_core.shell:Creating environment descriptor '/home/suxin/English_Path/test111/autonomous_navigation_environment_ego/install/path_searching/share/path_searching/hook/ros_package_path.dsv'
[44.450s] INFO:colcon.colcon_core.shell:Creating environment hook '/home/suxin/English_Path/test111/autonomous_navigation_environment_ego/install/path_searching/share/path_searching/hook/ros_package_path.sh'
[44.451s] Level 1:colcon.colcon_core.shell:create_environment_hook('path_searching', 'pkg_config_path')
[44.451s] INFO:colcon.colcon_core.shell:Creating environment hook '/home/suxin/English_Path/test111/autonomous_navigation_environment_ego/install/path_searching/share/path_searching/hook/pkg_config_path.ps1'
[44.452s] INFO:colcon.colcon_core.shell:Creating environment descriptor '/home/suxin/English_Path/test111/autonomous_navigation_environment_ego/install/path_searching/share/path_searching/hook/pkg_config_path.dsv'
[44.452s] INFO:colcon.colcon_core.shell:Creating environment hook '/home/suxin/English_Path/test111/autonomous_navigation_environment_ego/install/path_searching/share/path_searching/hook/pkg_config_path.sh'
[44.461s] Level 1:colcon.colcon_core.shell:create_environment_hook('path_searching', 'pkg_config_path_multiarch')
[44.462s] INFO:colcon.colcon_core.shell:Creating environment hook '/home/suxin/English_Path/test111/autonomous_navigation_environment_ego/install/path_searching/share/path_searching/hook/pkg_config_path_multiarch.ps1'
[44.462s] INFO:colcon.colcon_core.shell:Creating environment descriptor '/home/suxin/English_Path/test111/autonomous_navigation_environment_ego/install/path_searching/share/path_searching/hook/pkg_config_path_multiarch.dsv'
[44.463s] INFO:colcon.colcon_core.shell:Creating environment hook '/home/suxin/English_Path/test111/autonomous_navigation_environment_ego/install/path_searching/share/path_searching/hook/pkg_config_path_multiarch.sh'
[44.470s] Level 1:colcon.colcon_core.environment:create_environment_scripts_only(path_searching)
[44.471s] Level 1:colcon.colcon_core.environment:checking '/home/suxin/English_Path/test111/autonomous_navigation_environment_ego/install/path_searching' for CMake module files
[44.472s] Level 1:colcon.colcon_core.environment:checking '/home/suxin/English_Path/test111/autonomous_navigation_environment_ego/install/path_searching' for CMake config files
[44.472s] Level 1:colcon.colcon_core.shell:create_environment_hook('path_searching', 'cmake_prefix_path')
[44.473s] INFO:colcon.colcon_core.shell:Creating environment hook '/home/suxin/English_Path/test111/autonomous_navigation_environment_ego/install/path_searching/share/path_searching/hook/cmake_prefix_path.ps1'
[44.473s] INFO:colcon.colcon_core.shell:Creating environment descriptor '/home/suxin/English_Path/test111/autonomous_navigation_environment_ego/install/path_searching/share/path_searching/hook/cmake_prefix_path.dsv'
[44.474s] INFO:colcon.colcon_core.shell:Creating environment hook '/home/suxin/English_Path/test111/autonomous_navigation_environment_ego/install/path_searching/share/path_searching/hook/cmake_prefix_path.sh'
[44.474s] Level 1:colcon.colcon_core.environment:checking '/home/suxin/English_Path/test111/autonomous_navigation_environment_ego/install/path_searching/lib'
[44.474s] Level 1:colcon.colcon_core.environment:checking '/home/suxin/English_Path/test111/autonomous_navigation_environment_ego/install/path_searching/bin'
[44.475s] Level 1:colcon.colcon_core.environment:checking '/home/suxin/English_Path/test111/autonomous_navigation_environment_ego/install/path_searching/lib/pkgconfig/path_searching.pc'
[44.475s] Level 1:colcon.colcon_core.environment:checking '/home/suxin/English_Path/test111/autonomous_navigation_environment_ego/install/path_searching/lib/python3.8/site-packages'
[44.475s] Level 1:colcon.colcon_core.environment:checking '/home/suxin/English_Path/test111/autonomous_navigation_environment_ego/install/path_searching/bin'
[44.476s] INFO:colcon.colcon_core.shell:Creating package script '/home/suxin/English_Path/test111/autonomous_navigation_environment_ego/install/path_searching/share/path_searching/package.ps1'
[44.476s] INFO:colcon.colcon_core.shell:Creating package descriptor '/home/suxin/English_Path/test111/autonomous_navigation_environment_ego/install/path_searching/share/path_searching/package.dsv'
[44.477s] INFO:colcon.colcon_core.shell:Creating package script '/home/suxin/English_Path/test111/autonomous_navigation_environment_ego/install/path_searching/share/path_searching/package.sh'
[44.478s] INFO:colcon.colcon_core.shell:Creating package script '/home/suxin/English_Path/test111/autonomous_navigation_environment_ego/install/path_searching/share/path_searching/package.bash'
[44.478s] INFO:colcon.colcon_core.shell:Creating package script '/home/suxin/English_Path/test111/autonomous_navigation_environment_ego/install/path_searching/share/path_searching/package.zsh'
[44.478s] Level 1:colcon.colcon_core.environment:create_file_with_runtime_dependencies(/home/suxin/English_Path/test111/autonomous_navigation_environment_ego/install/path_searching/share/colcon-core/packages/path_searching)
[44.479s] Level 1:colcon.colcon_core.environment:create_environment_scripts_only(bridge_test)
[44.480s] Level 1:colcon.colcon_core.environment:checking '/home/suxin/English_Path/test111/autonomous_navigation_environment_ego/install/bridge_test' for CMake module files
[44.481s] Level 1:colcon.colcon_core.environment:checking '/home/suxin/English_Path/test111/autonomous_navigation_environment_ego/install/bridge_test' for CMake config files
[44.481s] Level 1:colcon.colcon_core.shell:create_environment_hook('bridge_test', 'cmake_prefix_path')
[44.482s] INFO:colcon.colcon_core.shell:Creating environment hook '/home/suxin/English_Path/test111/autonomous_navigation_environment_ego/install/bridge_test/share/bridge_test/hook/cmake_prefix_path.ps1'
[44.482s] INFO:colcon.colcon_core.shell:Creating environment descriptor '/home/suxin/English_Path/test111/autonomous_navigation_environment_ego/install/bridge_test/share/bridge_test/hook/cmake_prefix_path.dsv'
[44.483s] INFO:colcon.colcon_core.shell:Creating environment hook '/home/suxin/English_Path/test111/autonomous_navigation_environment_ego/install/bridge_test/share/bridge_test/hook/cmake_prefix_path.sh'
[44.484s] Level 1:colcon.colcon_core.environment:checking '/home/suxin/English_Path/test111/autonomous_navigation_environment_ego/install/bridge_test/lib'
[44.484s] Level 1:colcon.colcon_core.environment:checking '/home/suxin/English_Path/test111/autonomous_navigation_environment_ego/install/bridge_test/bin'
[44.484s] Level 1:colcon.colcon_core.environment:checking '/home/suxin/English_Path/test111/autonomous_navigation_environment_ego/install/bridge_test/lib/pkgconfig/bridge_test.pc'
[44.484s] Level 1:colcon.colcon_core.environment:checking '/home/suxin/English_Path/test111/autonomous_navigation_environment_ego/install/bridge_test/lib/python3.8/site-packages'
[44.485s] Level 1:colcon.colcon_core.environment:checking '/home/suxin/English_Path/test111/autonomous_navigation_environment_ego/install/bridge_test/bin'
[44.485s] INFO:colcon.colcon_core.shell:Creating package script '/home/suxin/English_Path/test111/autonomous_navigation_environment_ego/install/bridge_test/share/bridge_test/package.ps1'
[44.486s] INFO:colcon.colcon_core.shell:Creating package descriptor '/home/suxin/English_Path/test111/autonomous_navigation_environment_ego/install/bridge_test/share/bridge_test/package.dsv'
[44.486s] INFO:colcon.colcon_core.shell:Creating package script '/home/suxin/English_Path/test111/autonomous_navigation_environment_ego/install/bridge_test/share/bridge_test/package.sh'
[44.487s] INFO:colcon.colcon_core.shell:Creating package script '/home/suxin/English_Path/test111/autonomous_navigation_environment_ego/install/bridge_test/share/bridge_test/package.bash'
[44.487s] INFO:colcon.colcon_core.shell:Creating package script '/home/suxin/English_Path/test111/autonomous_navigation_environment_ego/install/bridge_test/share/bridge_test/package.zsh'
[44.488s] Level 1:colcon.colcon_core.environment:create_file_with_runtime_dependencies(/home/suxin/English_Path/test111/autonomous_navigation_environment_ego/install/bridge_test/share/colcon-core/packages/bridge_test)
[44.634s] Level 1:colcon.colcon_core.environment:create_environment_scripts_only(local_planner)
[44.635s] Level 1:colcon.colcon_core.environment:checking '/home/suxin/English_Path/test111/autonomous_navigation_environment_ego/install/local_planner' for CMake module files
[44.636s] DEBUG:colcon.colcon_core.event_handler.log_command:Invoked command in '/home/suxin/English_Path/test111/autonomous_navigation_environment_ego/build/local_planner' returned '0': CMAKE_PREFIX_PATH=/opt/ros/foxy /usr/bin/cmake --install /home/suxin/English_Path/test111/autonomous_navigation_environment_ego/build/local_planner
[44.637s] Level 1:colcon.colcon_core.environment:checking '/home/suxin/English_Path/test111/autonomous_navigation_environment_ego/install/local_planner' for CMake config files
[44.637s] Level 1:colcon.colcon_core.shell:create_environment_hook('local_planner', 'cmake_prefix_path')
[44.638s] INFO:colcon.colcon_core.shell:Creating environment hook '/home/suxin/English_Path/test111/autonomous_navigation_environment_ego/install/local_planner/share/local_planner/hook/cmake_prefix_path.ps1'
[44.638s] INFO:colcon.colcon_core.shell:Creating environment descriptor '/home/suxin/English_Path/test111/autonomous_navigation_environment_ego/install/local_planner/share/local_planner/hook/cmake_prefix_path.dsv'
[44.638s] INFO:colcon.colcon_core.shell:Creating environment hook '/home/suxin/English_Path/test111/autonomous_navigation_environment_ego/install/local_planner/share/local_planner/hook/cmake_prefix_path.sh'
[44.639s] Level 1:colcon.colcon_core.environment:checking '/home/suxin/English_Path/test111/autonomous_navigation_environment_ego/install/local_planner/lib'
[44.639s] Level 1:colcon.colcon_core.environment:checking '/home/suxin/English_Path/test111/autonomous_navigation_environment_ego/install/local_planner/bin'
[44.639s] Level 1:colcon.colcon_core.environment:checking '/home/suxin/English_Path/test111/autonomous_navigation_environment_ego/install/local_planner/lib/pkgconfig/local_planner.pc'
[44.639s] Level 1:colcon.colcon_core.environment:checking '/home/suxin/English_Path/test111/autonomous_navigation_environment_ego/install/local_planner/lib/python3.8/site-packages'
[44.639s] Level 1:colcon.colcon_core.environment:checking '/home/suxin/English_Path/test111/autonomous_navigation_environment_ego/install/local_planner/bin'
[44.640s] INFO:colcon.colcon_core.shell:Creating package script '/home/suxin/English_Path/test111/autonomous_navigation_environment_ego/install/local_planner/share/local_planner/package.ps1'
[44.640s] INFO:colcon.colcon_core.shell:Creating package descriptor '/home/suxin/English_Path/test111/autonomous_navigation_environment_ego/install/local_planner/share/local_planner/package.dsv'
[44.640s] INFO:colcon.colcon_core.shell:Creating package script '/home/suxin/English_Path/test111/autonomous_navigation_environment_ego/install/local_planner/share/local_planner/package.sh'
[44.640s] INFO:colcon.colcon_core.shell:Creating package script '/home/suxin/English_Path/test111/autonomous_navigation_environment_ego/install/local_planner/share/local_planner/package.bash'
[44.641s] INFO:colcon.colcon_core.shell:Creating package script '/home/suxin/English_Path/test111/autonomous_navigation_environment_ego/install/local_planner/share/local_planner/package.zsh'
[44.641s] Level 1:colcon.colcon_core.environment:create_file_with_runtime_dependencies(/home/suxin/English_Path/test111/autonomous_navigation_environment_ego/install/local_planner/share/colcon-core/packages/local_planner)
[44.645s] Level 1:colcon.colcon_core.environment:create_environment_scripts_only(turtlebot3_simulations)
[44.645s] Level 1:colcon.colcon_core.environment:checking '/home/suxin/English_Path/test111/autonomous_navigation_environment_ego/install/turtlebot3_simulations' for CMake module files
[44.646s] DEBUG:colcon.colcon_core.event_handler.log_command:Invoked command in '/home/suxin/English_Path/test111/autonomous_navigation_environment_ego/build/turtlebot3_simulations' returned '0': AMENT_PREFIX_PATH=/home/suxin/English_Path/test111/autonomous_navigation_environment_ego/install/turtlebot3_gazebo:/home/suxin/English_Path/test111/autonomous_navigation_environment_ego/install/turtlebot3_fake_node:/home/suxin/English_Path/test111/autonomous_navigation_environment_ego/install/turtlebot3_description:${AMENT_PREFIX_PATH} CMAKE_PREFIX_PATH=/home/suxin/English_Path/test111/autonomous_navigation_environment_ego/install/turtlebot3_gazebo:/home/suxin/English_Path/test111/autonomous_navigation_environment_ego/install/turtlebot3_fake_node:/home/suxin/English_Path/test111/autonomous_navigation_environment_ego/install/turtlebot3_description:/opt/ros/foxy /usr/bin/cmake --install /home/suxin/English_Path/test111/autonomous_navigation_environment_ego/build/turtlebot3_simulations
[44.646s] Level 1:colcon.colcon_core.environment:checking '/home/suxin/English_Path/test111/autonomous_navigation_environment_ego/install/turtlebot3_simulations' for CMake config files
[44.647s] Level 1:colcon.colcon_core.shell:create_environment_hook('turtlebot3_simulations', 'cmake_prefix_path')
[44.647s] INFO:colcon.colcon_core.shell:Creating environment hook '/home/suxin/English_Path/test111/autonomous_navigation_environment_ego/install/turtlebot3_simulations/share/turtlebot3_simulations/hook/cmake_prefix_path.ps1'
[44.648s] INFO:colcon.colcon_core.shell:Creating environment descriptor '/home/suxin/English_Path/test111/autonomous_navigation_environment_ego/install/turtlebot3_simulations/share/turtlebot3_simulations/hook/cmake_prefix_path.dsv'
[44.648s] INFO:colcon.colcon_core.shell:Creating environment hook '/home/suxin/English_Path/test111/autonomous_navigation_environment_ego/install/turtlebot3_simulations/share/turtlebot3_simulations/hook/cmake_prefix_path.sh'
[44.649s] Level 1:colcon.colcon_core.environment:checking '/home/suxin/English_Path/test111/autonomous_navigation_environment_ego/install/turtlebot3_simulations/bin'
[44.649s] Level 1:colcon.colcon_core.environment:checking '/home/suxin/English_Path/test111/autonomous_navigation_environment_ego/install/turtlebot3_simulations/lib/pkgconfig/turtlebot3_simulations.pc'
[44.649s] Level 1:colcon.colcon_core.environment:checking '/home/suxin/English_Path/test111/autonomous_navigation_environment_ego/install/turtlebot3_simulations/lib/python3.8/site-packages'
[44.649s] Level 1:colcon.colcon_core.environment:checking '/home/suxin/English_Path/test111/autonomous_navigation_environment_ego/install/turtlebot3_simulations/bin'
[44.650s] INFO:colcon.colcon_core.shell:Creating package script '/home/suxin/English_Path/test111/autonomous_navigation_environment_ego/install/turtlebot3_simulations/share/turtlebot3_simulations/package.ps1'
[44.650s] INFO:colcon.colcon_core.shell:Creating package descriptor '/home/suxin/English_Path/test111/autonomous_navigation_environment_ego/install/turtlebot3_simulations/share/turtlebot3_simulations/package.dsv'
[44.651s] INFO:colcon.colcon_core.shell:Creating package script '/home/suxin/English_Path/test111/autonomous_navigation_environment_ego/install/turtlebot3_simulations/share/turtlebot3_simulations/package.sh'
[44.651s] INFO:colcon.colcon_core.shell:Creating package script '/home/suxin/English_Path/test111/autonomous_navigation_environment_ego/install/turtlebot3_simulations/share/turtlebot3_simulations/package.bash'
[44.651s] INFO:colcon.colcon_core.shell:Creating package script '/home/suxin/English_Path/test111/autonomous_navigation_environment_ego/install/turtlebot3_simulations/share/turtlebot3_simulations/package.zsh'
[44.652s] Level 1:colcon.colcon_core.environment:create_file_with_runtime_dependencies(/home/suxin/English_Path/test111/autonomous_navigation_environment_ego/install/turtlebot3_simulations/share/colcon-core/packages/turtlebot3_simulations)
[44.664s] Level 1:colcon.colcon_core.environment:create_environment_scripts_only(local_planner)
[44.664s] Level 1:colcon.colcon_core.environment:checking '/home/suxin/English_Path/test111/autonomous_navigation_environment_ego/install/local_planner' for CMake module files
[44.665s] Level 1:colcon.colcon_core.environment:checking '/home/suxin/English_Path/test111/autonomous_navigation_environment_ego/install/local_planner' for CMake config files
[44.665s] Level 1:colcon.colcon_core.shell:create_environment_hook('local_planner', 'cmake_prefix_path')
[44.665s] INFO:colcon.colcon_core.shell:Creating environment hook '/home/suxin/English_Path/test111/autonomous_navigation_environment_ego/install/local_planner/share/local_planner/hook/cmake_prefix_path.ps1'
[44.666s] INFO:colcon.colcon_core.shell:Creating environment descriptor '/home/suxin/English_Path/test111/autonomous_navigation_environment_ego/install/local_planner/share/local_planner/hook/cmake_prefix_path.dsv'
[44.667s] INFO:colcon.colcon_core.shell:Creating environment hook '/home/suxin/English_Path/test111/autonomous_navigation_environment_ego/install/local_planner/share/local_planner/hook/cmake_prefix_path.sh'
[44.668s] Level 1:colcon.colcon_core.environment:checking '/home/suxin/English_Path/test111/autonomous_navigation_environment_ego/install/local_planner/lib'
[44.668s] Level 1:colcon.colcon_core.environment:checking '/home/suxin/English_Path/test111/autonomous_navigation_environment_ego/install/local_planner/bin'
[44.668s] Level 1:colcon.colcon_core.environment:checking '/home/suxin/English_Path/test111/autonomous_navigation_environment_ego/install/local_planner/lib/pkgconfig/local_planner.pc'
[44.668s] Level 1:colcon.colcon_core.environment:checking '/home/suxin/English_Path/test111/autonomous_navigation_environment_ego/install/local_planner/lib/python3.8/site-packages'
[44.669s] Level 1:colcon.colcon_core.environment:checking '/home/suxin/English_Path/test111/autonomous_navigation_environment_ego/install/local_planner/bin'
[44.669s] INFO:colcon.colcon_core.shell:Creating package script '/home/suxin/English_Path/test111/autonomous_navigation_environment_ego/install/local_planner/share/local_planner/package.ps1'
[44.670s] INFO:colcon.colcon_core.shell:Creating package descriptor '/home/suxin/English_Path/test111/autonomous_navigation_environment_ego/install/local_planner/share/local_planner/package.dsv'
[44.670s] INFO:colcon.colcon_core.shell:Creating package script '/home/suxin/English_Path/test111/autonomous_navigation_environment_ego/install/local_planner/share/local_planner/package.sh'
[44.671s] INFO:colcon.colcon_core.shell:Creating package script '/home/suxin/English_Path/test111/autonomous_navigation_environment_ego/install/local_planner/share/local_planner/package.bash'
[44.671s] INFO:colcon.colcon_core.shell:Creating package script '/home/suxin/English_Path/test111/autonomous_navigation_environment_ego/install/local_planner/share/local_planner/package.zsh'
[44.672s] Level 1:colcon.colcon_core.environment:create_file_with_runtime_dependencies(/home/suxin/English_Path/test111/autonomous_navigation_environment_ego/install/local_planner/share/colcon-core/packages/local_planner)
[44.673s] Level 1:colcon.colcon_core.environment:create_environment_scripts_only(turtlebot3_simulations)
[44.674s] Level 1:colcon.colcon_core.environment:checking '/home/suxin/English_Path/test111/autonomous_navigation_environment_ego/install/turtlebot3_simulations' for CMake module files
[44.675s] Level 1:colcon.colcon_core.environment:checking '/home/suxin/English_Path/test111/autonomous_navigation_environment_ego/install/turtlebot3_simulations' for CMake config files
[44.675s] Level 1:colcon.colcon_core.shell:create_environment_hook('turtlebot3_simulations', 'cmake_prefix_path')
[44.675s] INFO:colcon.colcon_core.shell:Creating environment hook '/home/suxin/English_Path/test111/autonomous_navigation_environment_ego/install/turtlebot3_simulations/share/turtlebot3_simulations/hook/cmake_prefix_path.ps1'
[44.676s] INFO:colcon.colcon_core.shell:Creating environment descriptor '/home/suxin/English_Path/test111/autonomous_navigation_environment_ego/install/turtlebot3_simulations/share/turtlebot3_simulations/hook/cmake_prefix_path.dsv'
[44.676s] INFO:colcon.colcon_core.shell:Creating environment hook '/home/suxin/English_Path/test111/autonomous_navigation_environment_ego/install/turtlebot3_simulations/share/turtlebot3_simulations/hook/cmake_prefix_path.sh'
[44.677s] Level 1:colcon.colcon_core.environment:checking '/home/suxin/English_Path/test111/autonomous_navigation_environment_ego/install/turtlebot3_simulations/bin'
[44.677s] Level 1:colcon.colcon_core.environment:checking '/home/suxin/English_Path/test111/autonomous_navigation_environment_ego/install/turtlebot3_simulations/lib/pkgconfig/turtlebot3_simulations.pc'
[44.677s] Level 1:colcon.colcon_core.environment:checking '/home/suxin/English_Path/test111/autonomous_navigation_environment_ego/install/turtlebot3_simulations/lib/python3.8/site-packages'
[44.678s] Level 1:colcon.colcon_core.environment:checking '/home/suxin/English_Path/test111/autonomous_navigation_environment_ego/install/turtlebot3_simulations/bin'
[44.678s] INFO:colcon.colcon_core.shell:Creating package script '/home/suxin/English_Path/test111/autonomous_navigation_environment_ego/install/turtlebot3_simulations/share/turtlebot3_simulations/package.ps1'
[44.679s] INFO:colcon.colcon_core.shell:Creating package descriptor '/home/suxin/English_Path/test111/autonomous_navigation_environment_ego/install/turtlebot3_simulations/share/turtlebot3_simulations/package.dsv'
[44.679s] INFO:colcon.colcon_core.shell:Creating package script '/home/suxin/English_Path/test111/autonomous_navigation_environment_ego/install/turtlebot3_simulations/share/turtlebot3_simulations/package.sh'
[44.680s] INFO:colcon.colcon_core.shell:Creating package script '/home/suxin/English_Path/test111/autonomous_navigation_environment_ego/install/turtlebot3_simulations/share/turtlebot3_simulations/package.bash'
[44.680s] INFO:colcon.colcon_core.shell:Creating package script '/home/suxin/English_Path/test111/autonomous_navigation_environment_ego/install/turtlebot3_simulations/share/turtlebot3_simulations/package.zsh'
[44.681s] Level 1:colcon.colcon_core.environment:create_file_with_runtime_dependencies(/home/suxin/English_Path/test111/autonomous_navigation_environment_ego/install/turtlebot3_simulations/share/colcon-core/packages/turtlebot3_simulations)
[44.941s] DEBUG:colcon.colcon_core.event_handler.log_command:Invoked command in '/home/suxin/English_Path/test111/autonomous_navigation_environment_ego/build/visualization_tools' returned '0': CMAKE_PREFIX_PATH=/opt/ros/foxy /usr/bin/cmake --build /home/suxin/English_Path/test111/autonomous_navigation_environment_ego/build/visualization_tools -- -j20 -l20
[44.962s] DEBUG:colcon.colcon_core.event_handler.log_command:Invoking command in '/home/suxin/English_Path/test111/autonomous_navigation_environment_ego/build/visualization_tools': CMAKE_PREFIX_PATH=/opt/ros/foxy /usr/bin/cmake --install /home/suxin/English_Path/test111/autonomous_navigation_environment_ego/build/visualization_tools
[45.114s] Level 1:colcon.colcon_core.environment:create_environment_scripts_only(visualization_tools)
[45.115s] Level 1:colcon.colcon_core.environment:checking '/home/suxin/English_Path/test111/autonomous_navigation_environment_ego/install/visualization_tools' for CMake module files
[45.115s] DEBUG:colcon.colcon_core.event_handler.log_command:Invoked command in '/home/suxin/English_Path/test111/autonomous_navigation_environment_ego/build/visualization_tools' returned '0': CMAKE_PREFIX_PATH=/opt/ros/foxy /usr/bin/cmake --install /home/suxin/English_Path/test111/autonomous_navigation_environment_ego/build/visualization_tools
[45.116s] Level 1:colcon.colcon_core.environment:checking '/home/suxin/English_Path/test111/autonomous_navigation_environment_ego/install/visualization_tools' for CMake config files
[45.116s] Level 1:colcon.colcon_core.shell:create_environment_hook('visualization_tools', 'cmake_prefix_path')
[45.116s] INFO:colcon.colcon_core.shell:Creating environment hook '/home/suxin/English_Path/test111/autonomous_navigation_environment_ego/install/visualization_tools/share/visualization_tools/hook/cmake_prefix_path.ps1'
[45.117s] INFO:colcon.colcon_core.shell:Creating environment descriptor '/home/suxin/English_Path/test111/autonomous_navigation_environment_ego/install/visualization_tools/share/visualization_tools/hook/cmake_prefix_path.dsv'
[45.118s] INFO:colcon.colcon_core.shell:Creating environment hook '/home/suxin/English_Path/test111/autonomous_navigation_environment_ego/install/visualization_tools/share/visualization_tools/hook/cmake_prefix_path.sh'
[45.118s] Level 1:colcon.colcon_core.environment:checking '/home/suxin/English_Path/test111/autonomous_navigation_environment_ego/install/visualization_tools/lib'
[45.119s] Level 1:colcon.colcon_core.environment:checking '/home/suxin/English_Path/test111/autonomous_navigation_environment_ego/install/visualization_tools/bin'
[45.119s] Level 1:colcon.colcon_core.environment:checking '/home/suxin/English_Path/test111/autonomous_navigation_environment_ego/install/visualization_tools/lib/pkgconfig/visualization_tools.pc'
[45.119s] Level 1:colcon.colcon_core.environment:checking '/home/suxin/English_Path/test111/autonomous_navigation_environment_ego/install/visualization_tools/lib/python3.8/site-packages'
[45.119s] Level 1:colcon.colcon_core.environment:checking '/home/suxin/English_Path/test111/autonomous_navigation_environment_ego/install/visualization_tools/bin'
[45.119s] INFO:colcon.colcon_core.shell:Creating package script '/home/suxin/English_Path/test111/autonomous_navigation_environment_ego/install/visualization_tools/share/visualization_tools/package.ps1'
[45.120s] INFO:colcon.colcon_core.shell:Creating package descriptor '/home/suxin/English_Path/test111/autonomous_navigation_environment_ego/install/visualization_tools/share/visualization_tools/package.dsv'
[45.120s] INFO:colcon.colcon_core.shell:Creating package script '/home/suxin/English_Path/test111/autonomous_navigation_environment_ego/install/visualization_tools/share/visualization_tools/package.sh'
[45.121s] INFO:colcon.colcon_core.shell:Creating package script '/home/suxin/English_Path/test111/autonomous_navigation_environment_ego/install/visualization_tools/share/visualization_tools/package.bash'
[45.121s] INFO:colcon.colcon_core.shell:Creating package script '/home/suxin/English_Path/test111/autonomous_navigation_environment_ego/install/visualization_tools/share/visualization_tools/package.zsh'
[45.122s] Level 1:colcon.colcon_core.environment:create_file_with_runtime_dependencies(/home/suxin/English_Path/test111/autonomous_navigation_environment_ego/install/visualization_tools/share/colcon-core/packages/visualization_tools)
[45.142s] Level 1:colcon.colcon_core.environment:create_environment_scripts_only(visualization_tools)
[45.142s] Level 1:colcon.colcon_core.environment:checking '/home/suxin/English_Path/test111/autonomous_navigation_environment_ego/install/visualization_tools' for CMake module files
[45.143s] Level 1:colcon.colcon_core.environment:checking '/home/suxin/English_Path/test111/autonomous_navigation_environment_ego/install/visualization_tools' for CMake config files
[45.143s] Level 1:colcon.colcon_core.shell:create_environment_hook('visualization_tools', 'cmake_prefix_path')
[45.143s] INFO:colcon.colcon_core.shell:Creating environment hook '/home/suxin/English_Path/test111/autonomous_navigation_environment_ego/install/visualization_tools/share/visualization_tools/hook/cmake_prefix_path.ps1'
[45.144s] INFO:colcon.colcon_core.shell:Creating environment descriptor '/home/suxin/English_Path/test111/autonomous_navigation_environment_ego/install/visualization_tools/share/visualization_tools/hook/cmake_prefix_path.dsv'
[45.144s] INFO:colcon.colcon_core.shell:Creating environment hook '/home/suxin/English_Path/test111/autonomous_navigation_environment_ego/install/visualization_tools/share/visualization_tools/hook/cmake_prefix_path.sh'
[45.145s] Level 1:colcon.colcon_core.environment:checking '/home/suxin/English_Path/test111/autonomous_navigation_environment_ego/install/visualization_tools/lib'
[45.145s] Level 1:colcon.colcon_core.environment:checking '/home/suxin/English_Path/test111/autonomous_navigation_environment_ego/install/visualization_tools/bin'
[45.145s] Level 1:colcon.colcon_core.environment:checking '/home/suxin/English_Path/test111/autonomous_navigation_environment_ego/install/visualization_tools/lib/pkgconfig/visualization_tools.pc'
[45.146s] Level 1:colcon.colcon_core.environment:checking '/home/suxin/English_Path/test111/autonomous_navigation_environment_ego/install/visualization_tools/lib/python3.8/site-packages'
[45.146s] Level 1:colcon.colcon_core.environment:checking '/home/suxin/English_Path/test111/autonomous_navigation_environment_ego/install/visualization_tools/bin'
[45.146s] INFO:colcon.colcon_core.shell:Creating package script '/home/suxin/English_Path/test111/autonomous_navigation_environment_ego/install/visualization_tools/share/visualization_tools/package.ps1'
[45.147s] INFO:colcon.colcon_core.shell:Creating package descriptor '/home/suxin/English_Path/test111/autonomous_navigation_environment_ego/install/visualization_tools/share/visualization_tools/package.dsv'
[45.147s] INFO:colcon.colcon_core.shell:Creating package script '/home/suxin/English_Path/test111/autonomous_navigation_environment_ego/install/visualization_tools/share/visualization_tools/package.sh'
[45.148s] INFO:colcon.colcon_core.shell:Creating package script '/home/suxin/English_Path/test111/autonomous_navigation_environment_ego/install/visualization_tools/share/visualization_tools/package.bash'
[45.148s] INFO:colcon.colcon_core.shell:Creating package script '/home/suxin/English_Path/test111/autonomous_navigation_environment_ego/install/visualization_tools/share/visualization_tools/package.zsh'
[45.149s] Level 1:colcon.colcon_core.environment:create_file_with_runtime_dependencies(/home/suxin/English_Path/test111/autonomous_navigation_environment_ego/install/visualization_tools/share/colcon-core/packages/visualization_tools)
[45.923s] DEBUG:colcon.colcon_core.event_handler.log_command:Invoked command in '/home/suxin/English_Path/test111/autonomous_navigation_environment_ego/build/map_generator' returned '0': CMAKE_PREFIX_PATH=/opt/ros/foxy /usr/bin/cmake --build /home/suxin/English_Path/test111/autonomous_navigation_environment_ego/build/map_generator -- -j20 -l20
[45.942s] DEBUG:colcon.colcon_core.event_handler.log_command:Invoking command in '/home/suxin/English_Path/test111/autonomous_navigation_environment_ego/build/map_generator': CMAKE_PREFIX_PATH=/opt/ros/foxy /usr/bin/cmake --install /home/suxin/English_Path/test111/autonomous_navigation_environment_ego/build/map_generator
[46.061s] Level 1:colcon.colcon_core.environment:create_environment_scripts_only(map_generator)
[46.062s] Level 1:colcon.colcon_core.environment:checking '/home/suxin/English_Path/test111/autonomous_navigation_environment_ego/install/map_generator' for CMake module files
[46.062s] DEBUG:colcon.colcon_core.event_handler.log_command:Invoked command in '/home/suxin/English_Path/test111/autonomous_navigation_environment_ego/build/map_generator' returned '0': CMAKE_PREFIX_PATH=/opt/ros/foxy /usr/bin/cmake --install /home/suxin/English_Path/test111/autonomous_navigation_environment_ego/build/map_generator
[46.062s] Level 1:colcon.colcon_core.environment:checking '/home/suxin/English_Path/test111/autonomous_navigation_environment_ego/install/map_generator' for CMake config files
[46.062s] Level 1:colcon.colcon_core.shell:create_environment_hook('map_generator', 'cmake_prefix_path')
[46.063s] INFO:colcon.colcon_core.shell:Creating environment hook '/home/suxin/English_Path/test111/autonomous_navigation_environment_ego/install/map_generator/share/map_generator/hook/cmake_prefix_path.ps1'
[46.063s] INFO:colcon.colcon_core.shell:Creating environment descriptor '/home/suxin/English_Path/test111/autonomous_navigation_environment_ego/install/map_generator/share/map_generator/hook/cmake_prefix_path.dsv'
[46.063s] INFO:colcon.colcon_core.shell:Creating environment hook '/home/suxin/English_Path/test111/autonomous_navigation_environment_ego/install/map_generator/share/map_generator/hook/cmake_prefix_path.sh'
[46.064s] Level 1:colcon.colcon_core.environment:checking '/home/suxin/English_Path/test111/autonomous_navigation_environment_ego/install/map_generator/lib'
[46.064s] Level 1:colcon.colcon_core.environment:checking '/home/suxin/English_Path/test111/autonomous_navigation_environment_ego/install/map_generator/bin'
[46.064s] Level 1:colcon.colcon_core.environment:checking '/home/suxin/English_Path/test111/autonomous_navigation_environment_ego/install/map_generator/lib/pkgconfig/map_generator.pc'
[46.064s] Level 1:colcon.colcon_core.environment:checking '/home/suxin/English_Path/test111/autonomous_navigation_environment_ego/install/map_generator/lib/python3.8/site-packages'
[46.064s] Level 1:colcon.colcon_core.environment:checking '/home/suxin/English_Path/test111/autonomous_navigation_environment_ego/install/map_generator/bin'
[46.065s] INFO:colcon.colcon_core.shell:Creating package script '/home/suxin/English_Path/test111/autonomous_navigation_environment_ego/install/map_generator/share/map_generator/package.ps1'
[46.065s] INFO:colcon.colcon_core.shell:Creating package descriptor '/home/suxin/English_Path/test111/autonomous_navigation_environment_ego/install/map_generator/share/map_generator/package.dsv'
[46.065s] INFO:colcon.colcon_core.shell:Creating package script '/home/suxin/English_Path/test111/autonomous_navigation_environment_ego/install/map_generator/share/map_generator/package.sh'
[46.065s] INFO:colcon.colcon_core.shell:Creating package script '/home/suxin/English_Path/test111/autonomous_navigation_environment_ego/install/map_generator/share/map_generator/package.bash'
[46.066s] INFO:colcon.colcon_core.shell:Creating package script '/home/suxin/English_Path/test111/autonomous_navigation_environment_ego/install/map_generator/share/map_generator/package.zsh'
[46.066s] Level 1:colcon.colcon_core.environment:create_file_with_runtime_dependencies(/home/suxin/English_Path/test111/autonomous_navigation_environment_ego/install/map_generator/share/colcon-core/packages/map_generator)
[46.084s] Level 1:colcon.colcon_core.environment:create_environment_scripts_only(map_generator)
[46.085s] Level 1:colcon.colcon_core.environment:checking '/home/suxin/English_Path/test111/autonomous_navigation_environment_ego/install/map_generator' for CMake module files
[46.085s] Level 1:colcon.colcon_core.environment:checking '/home/suxin/English_Path/test111/autonomous_navigation_environment_ego/install/map_generator' for CMake config files
[46.085s] Level 1:colcon.colcon_core.shell:create_environment_hook('map_generator', 'cmake_prefix_path')
[46.085s] INFO:colcon.colcon_core.shell:Creating environment hook '/home/suxin/English_Path/test111/autonomous_navigation_environment_ego/install/map_generator/share/map_generator/hook/cmake_prefix_path.ps1'
[46.086s] INFO:colcon.colcon_core.shell:Creating environment descriptor '/home/suxin/English_Path/test111/autonomous_navigation_environment_ego/install/map_generator/share/map_generator/hook/cmake_prefix_path.dsv'
[46.086s] INFO:colcon.colcon_core.shell:Creating environment hook '/home/suxin/English_Path/test111/autonomous_navigation_environment_ego/install/map_generator/share/map_generator/hook/cmake_prefix_path.sh'
[46.087s] Level 1:colcon.colcon_core.environment:checking '/home/suxin/English_Path/test111/autonomous_navigation_environment_ego/install/map_generator/lib'
[46.087s] Level 1:colcon.colcon_core.environment:checking '/home/suxin/English_Path/test111/autonomous_navigation_environment_ego/install/map_generator/bin'
[46.087s] Level 1:colcon.colcon_core.environment:checking '/home/suxin/English_Path/test111/autonomous_navigation_environment_ego/install/map_generator/lib/pkgconfig/map_generator.pc'
[46.087s] Level 1:colcon.colcon_core.environment:checking '/home/suxin/English_Path/test111/autonomous_navigation_environment_ego/install/map_generator/lib/python3.8/site-packages'
[46.087s] Level 1:colcon.colcon_core.environment:checking '/home/suxin/English_Path/test111/autonomous_navigation_environment_ego/install/map_generator/bin'
[46.087s] INFO:colcon.colcon_core.shell:Creating package script '/home/suxin/English_Path/test111/autonomous_navigation_environment_ego/install/map_generator/share/map_generator/package.ps1'
[46.088s] INFO:colcon.colcon_core.shell:Creating package descriptor '/home/suxin/English_Path/test111/autonomous_navigation_environment_ego/install/map_generator/share/map_generator/package.dsv'
[46.089s] INFO:colcon.colcon_core.shell:Creating package script '/home/suxin/English_Path/test111/autonomous_navigation_environment_ego/install/map_generator/share/map_generator/package.sh'
[46.089s] INFO:colcon.colcon_core.shell:Creating package script '/home/suxin/English_Path/test111/autonomous_navigation_environment_ego/install/map_generator/share/map_generator/package.bash'
[46.089s] INFO:colcon.colcon_core.shell:Creating package script '/home/suxin/English_Path/test111/autonomous_navigation_environment_ego/install/map_generator/share/map_generator/package.zsh'
[46.089s] Level 1:colcon.colcon_core.environment:create_file_with_runtime_dependencies(/home/suxin/English_Path/test111/autonomous_navigation_environment_ego/install/map_generator/share/colcon-core/packages/map_generator)
[46.551s] DEBUG:colcon.colcon_core.event_handler.log_command:Invoked command in '/home/suxin/English_Path/test111/autonomous_navigation_environment_ego/build/terrain_analysis_ext' returned '0': CMAKE_PREFIX_PATH=/opt/ros/foxy /usr/bin/cmake --build /home/suxin/English_Path/test111/autonomous_navigation_environment_ego/build/terrain_analysis_ext -- -j20 -l20
[46.572s] DEBUG:colcon.colcon_core.event_handler.log_command:Invoking command in '/home/suxin/English_Path/test111/autonomous_navigation_environment_ego/build/terrain_analysis_ext': CMAKE_PREFIX_PATH=/opt/ros/foxy /usr/bin/cmake --install /home/suxin/English_Path/test111/autonomous_navigation_environment_ego/build/terrain_analysis_ext
[46.728s] Level 1:colcon.colcon_core.environment:create_environment_scripts_only(terrain_analysis_ext)
[46.729s] Level 1:colcon.colcon_core.environment:checking '/home/suxin/English_Path/test111/autonomous_navigation_environment_ego/install/terrain_analysis_ext' for CMake module files
[46.730s] DEBUG:colcon.colcon_core.event_handler.log_command:Invoked command in '/home/suxin/English_Path/test111/autonomous_navigation_environment_ego/build/terrain_analysis_ext' returned '0': CMAKE_PREFIX_PATH=/opt/ros/foxy /usr/bin/cmake --install /home/suxin/English_Path/test111/autonomous_navigation_environment_ego/build/terrain_analysis_ext
[46.730s] Level 1:colcon.colcon_core.environment:checking '/home/suxin/English_Path/test111/autonomous_navigation_environment_ego/install/terrain_analysis_ext' for CMake config files
[46.731s] Level 1:colcon.colcon_core.shell:create_environment_hook('terrain_analysis_ext', 'cmake_prefix_path')
[46.731s] INFO:colcon.colcon_core.shell:Creating environment hook '/home/suxin/English_Path/test111/autonomous_navigation_environment_ego/install/terrain_analysis_ext/share/terrain_analysis_ext/hook/cmake_prefix_path.ps1'
[46.732s] INFO:colcon.colcon_core.shell:Creating environment descriptor '/home/suxin/English_Path/test111/autonomous_navigation_environment_ego/install/terrain_analysis_ext/share/terrain_analysis_ext/hook/cmake_prefix_path.dsv'
[46.732s] INFO:colcon.colcon_core.shell:Creating environment hook '/home/suxin/English_Path/test111/autonomous_navigation_environment_ego/install/terrain_analysis_ext/share/terrain_analysis_ext/hook/cmake_prefix_path.sh'
[46.733s] Level 1:colcon.colcon_core.environment:checking '/home/suxin/English_Path/test111/autonomous_navigation_environment_ego/install/terrain_analysis_ext/lib'
[46.733s] Level 1:colcon.colcon_core.environment:checking '/home/suxin/English_Path/test111/autonomous_navigation_environment_ego/install/terrain_analysis_ext/bin'
[46.733s] Level 1:colcon.colcon_core.environment:checking '/home/suxin/English_Path/test111/autonomous_navigation_environment_ego/install/terrain_analysis_ext/lib/pkgconfig/terrain_analysis_ext.pc'
[46.733s] Level 1:colcon.colcon_core.environment:checking '/home/suxin/English_Path/test111/autonomous_navigation_environment_ego/install/terrain_analysis_ext/lib/python3.8/site-packages'
[46.733s] Level 1:colcon.colcon_core.environment:checking '/home/suxin/English_Path/test111/autonomous_navigation_environment_ego/install/terrain_analysis_ext/bin'
[46.734s] INFO:colcon.colcon_core.shell:Creating package script '/home/suxin/English_Path/test111/autonomous_navigation_environment_ego/install/terrain_analysis_ext/share/terrain_analysis_ext/package.ps1'
[46.735s] INFO:colcon.colcon_core.shell:Creating package descriptor '/home/suxin/English_Path/test111/autonomous_navigation_environment_ego/install/terrain_analysis_ext/share/terrain_analysis_ext/package.dsv'
[46.735s] INFO:colcon.colcon_core.shell:Creating package script '/home/suxin/English_Path/test111/autonomous_navigation_environment_ego/install/terrain_analysis_ext/share/terrain_analysis_ext/package.sh'
[46.735s] INFO:colcon.colcon_core.shell:Creating package script '/home/suxin/English_Path/test111/autonomous_navigation_environment_ego/install/terrain_analysis_ext/share/terrain_analysis_ext/package.bash'
[46.736s] INFO:colcon.colcon_core.shell:Creating package script '/home/suxin/English_Path/test111/autonomous_navigation_environment_ego/install/terrain_analysis_ext/share/terrain_analysis_ext/package.zsh'
[46.736s] Level 1:colcon.colcon_core.environment:create_file_with_runtime_dependencies(/home/suxin/English_Path/test111/autonomous_navigation_environment_ego/install/terrain_analysis_ext/share/colcon-core/packages/terrain_analysis_ext)
[46.759s] Level 1:colcon.colcon_core.environment:create_environment_scripts_only(terrain_analysis_ext)
[46.760s] Level 1:colcon.colcon_core.environment:checking '/home/suxin/English_Path/test111/autonomous_navigation_environment_ego/install/terrain_analysis_ext' for CMake module files
[46.761s] Level 1:colcon.colcon_core.environment:checking '/home/suxin/English_Path/test111/autonomous_navigation_environment_ego/install/terrain_analysis_ext' for CMake config files
[46.762s] Level 1:colcon.colcon_core.shell:create_environment_hook('terrain_analysis_ext', 'cmake_prefix_path')
[46.762s] INFO:colcon.colcon_core.shell:Creating environment hook '/home/suxin/English_Path/test111/autonomous_navigation_environment_ego/install/terrain_analysis_ext/share/terrain_analysis_ext/hook/cmake_prefix_path.ps1'
[46.763s] INFO:colcon.colcon_core.shell:Creating environment descriptor '/home/suxin/English_Path/test111/autonomous_navigation_environment_ego/install/terrain_analysis_ext/share/terrain_analysis_ext/hook/cmake_prefix_path.dsv'
[46.763s] INFO:colcon.colcon_core.shell:Creating environment hook '/home/suxin/English_Path/test111/autonomous_navigation_environment_ego/install/terrain_analysis_ext/share/terrain_analysis_ext/hook/cmake_prefix_path.sh'
[46.764s] Level 1:colcon.colcon_core.environment:checking '/home/suxin/English_Path/test111/autonomous_navigation_environment_ego/install/terrain_analysis_ext/lib'
[46.764s] Level 1:colcon.colcon_core.environment:checking '/home/suxin/English_Path/test111/autonomous_navigation_environment_ego/install/terrain_analysis_ext/bin'
[46.764s] Level 1:colcon.colcon_core.environment:checking '/home/suxin/English_Path/test111/autonomous_navigation_environment_ego/install/terrain_analysis_ext/lib/pkgconfig/terrain_analysis_ext.pc'
[46.764s] Level 1:colcon.colcon_core.environment:checking '/home/suxin/English_Path/test111/autonomous_navigation_environment_ego/install/terrain_analysis_ext/lib/python3.8/site-packages'
[46.764s] Level 1:colcon.colcon_core.environment:checking '/home/suxin/English_Path/test111/autonomous_navigation_environment_ego/install/terrain_analysis_ext/bin'
[46.765s] INFO:colcon.colcon_core.shell:Creating package script '/home/suxin/English_Path/test111/autonomous_navigation_environment_ego/install/terrain_analysis_ext/share/terrain_analysis_ext/package.ps1'
[46.765s] INFO:colcon.colcon_core.shell:Creating package descriptor '/home/suxin/English_Path/test111/autonomous_navigation_environment_ego/install/terrain_analysis_ext/share/terrain_analysis_ext/package.dsv'
[46.766s] INFO:colcon.colcon_core.shell:Creating package script '/home/suxin/English_Path/test111/autonomous_navigation_environment_ego/install/terrain_analysis_ext/share/terrain_analysis_ext/package.sh'
[46.766s] INFO:colcon.colcon_core.shell:Creating package script '/home/suxin/English_Path/test111/autonomous_navigation_environment_ego/install/terrain_analysis_ext/share/terrain_analysis_ext/package.bash'
[46.767s] INFO:colcon.colcon_core.shell:Creating package script '/home/suxin/English_Path/test111/autonomous_navigation_environment_ego/install/terrain_analysis_ext/share/terrain_analysis_ext/package.zsh'
[46.767s] Level 1:colcon.colcon_core.environment:create_file_with_runtime_dependencies(/home/suxin/English_Path/test111/autonomous_navigation_environment_ego/install/terrain_analysis_ext/share/colcon-core/packages/terrain_analysis_ext)
[47.135s] DEBUG:colcon.colcon_core.event_handler.log_command:Invoked command in '/home/suxin/English_Path/test111/autonomous_navigation_environment_ego/build/traj_utils_so' returned '0': CMAKE_PREFIX_PATH=/opt/ros/foxy /usr/bin/cmake --build /home/suxin/English_Path/test111/autonomous_navigation_environment_ego/build/traj_utils_so -- -j20 -l20
[47.157s] DEBUG:colcon.colcon_core.event_handler.log_command:Invoking command in '/home/suxin/English_Path/test111/autonomous_navigation_environment_ego/build/traj_utils_so': CMAKE_PREFIX_PATH=/opt/ros/foxy /usr/bin/cmake --install /home/suxin/English_Path/test111/autonomous_navigation_environment_ego/build/traj_utils_so
[47.273s] Level 1:colcon.colcon_core.environment:create_environment_scripts_only(traj_utils_so)
[47.273s] DEBUG:colcon.colcon_core.event_handler.log_command:Invoked command in '/home/suxin/English_Path/test111/autonomous_navigation_environment_ego/build/traj_utils_so' returned '0': CMAKE_PREFIX_PATH=/opt/ros/foxy /usr/bin/cmake --install /home/suxin/English_Path/test111/autonomous_navigation_environment_ego/build/traj_utils_so
[47.273s] Level 1:colcon.colcon_core.environment:checking '/home/suxin/English_Path/test111/autonomous_navigation_environment_ego/install/traj_utils_so' for CMake module files
[47.274s] Level 1:colcon.colcon_core.environment:checking '/home/suxin/English_Path/test111/autonomous_navigation_environment_ego/install/traj_utils_so' for CMake config files
[47.274s] Level 1:colcon.colcon_core.shell:create_environment_hook('traj_utils_so', 'cmake_prefix_path')
[47.274s] INFO:colcon.colcon_core.shell:Creating environment hook '/home/suxin/English_Path/test111/autonomous_navigation_environment_ego/install/traj_utils_so/share/traj_utils_so/hook/cmake_prefix_path.ps1'
[47.275s] INFO:colcon.colcon_core.shell:Creating environment descriptor '/home/suxin/English_Path/test111/autonomous_navigation_environment_ego/install/traj_utils_so/share/traj_utils_so/hook/cmake_prefix_path.dsv'
[47.275s] INFO:colcon.colcon_core.shell:Creating environment hook '/home/suxin/English_Path/test111/autonomous_navigation_environment_ego/install/traj_utils_so/share/traj_utils_so/hook/cmake_prefix_path.sh'
[47.275s] Level 1:colcon.colcon_core.environment:checking '/home/suxin/English_Path/test111/autonomous_navigation_environment_ego/install/traj_utils_so/lib'
[47.275s] Level 1:colcon.colcon_core.environment:checking '/home/suxin/English_Path/test111/autonomous_navigation_environment_ego/install/traj_utils_so/bin'
[47.275s] Level 1:colcon.colcon_core.environment:checking '/home/suxin/English_Path/test111/autonomous_navigation_environment_ego/install/traj_utils_so/lib/pkgconfig/traj_utils_so.pc'
[47.276s] Level 1:colcon.colcon_core.environment:checking '/home/suxin/English_Path/test111/autonomous_navigation_environment_ego/install/traj_utils_so/lib/python3.8/site-packages'
[47.276s] Level 1:colcon.colcon_core.environment:checking '/home/suxin/English_Path/test111/autonomous_navigation_environment_ego/install/traj_utils_so/bin'
[47.276s] INFO:colcon.colcon_core.shell:Creating package script '/home/suxin/English_Path/test111/autonomous_navigation_environment_ego/install/traj_utils_so/share/traj_utils_so/package.ps1'
[47.276s] INFO:colcon.colcon_core.shell:Creating package descriptor '/home/suxin/English_Path/test111/autonomous_navigation_environment_ego/install/traj_utils_so/share/traj_utils_so/package.dsv'
[47.276s] INFO:colcon.colcon_core.shell:Creating package script '/home/suxin/English_Path/test111/autonomous_navigation_environment_ego/install/traj_utils_so/share/traj_utils_so/package.sh'
[47.277s] INFO:colcon.colcon_core.shell:Creating package script '/home/suxin/English_Path/test111/autonomous_navigation_environment_ego/install/traj_utils_so/share/traj_utils_so/package.bash'
[47.277s] INFO:colcon.colcon_core.shell:Creating package script '/home/suxin/English_Path/test111/autonomous_navigation_environment_ego/install/traj_utils_so/share/traj_utils_so/package.zsh'
[47.277s] Level 1:colcon.colcon_core.environment:create_file_with_runtime_dependencies(/home/suxin/English_Path/test111/autonomous_navigation_environment_ego/install/traj_utils_so/share/colcon-core/packages/traj_utils_so)
[47.290s] DEBUG:colcon.colcon_core.event_handler.log_command:Invoked command in '/home/suxin/English_Path/test111/autonomous_navigation_environment_ego/build/vehicle_simulator' returned '0': CMAKE_PREFIX_PATH=/opt/ros/foxy /usr/bin/cmake --build /home/suxin/English_Path/test111/autonomous_navigation_environment_ego/build/vehicle_simulator -- -j20 -l20
[47.295s] Level 1:colcon.colcon_core.environment:create_environment_scripts_only(traj_utils_so)
[47.295s] Level 1:colcon.colcon_core.environment:checking '/home/suxin/English_Path/test111/autonomous_navigation_environment_ego/install/traj_utils_so' for CMake module files
[47.296s] Level 1:colcon.colcon_core.environment:checking '/home/suxin/English_Path/test111/autonomous_navigation_environment_ego/install/traj_utils_so' for CMake config files
[47.296s] Level 1:colcon.colcon_core.shell:create_environment_hook('traj_utils_so', 'cmake_prefix_path')
[47.296s] INFO:colcon.colcon_core.shell:Creating environment hook '/home/suxin/English_Path/test111/autonomous_navigation_environment_ego/install/traj_utils_so/share/traj_utils_so/hook/cmake_prefix_path.ps1'
[47.297s] INFO:colcon.colcon_core.shell:Creating environment descriptor '/home/suxin/English_Path/test111/autonomous_navigation_environment_ego/install/traj_utils_so/share/traj_utils_so/hook/cmake_prefix_path.dsv'
[47.297s] INFO:colcon.colcon_core.shell:Creating environment hook '/home/suxin/English_Path/test111/autonomous_navigation_environment_ego/install/traj_utils_so/share/traj_utils_so/hook/cmake_prefix_path.sh'
[47.297s] Level 1:colcon.colcon_core.environment:checking '/home/suxin/English_Path/test111/autonomous_navigation_environment_ego/install/traj_utils_so/lib'
[47.297s] Level 1:colcon.colcon_core.environment:checking '/home/suxin/English_Path/test111/autonomous_navigation_environment_ego/install/traj_utils_so/bin'
[47.297s] Level 1:colcon.colcon_core.environment:checking '/home/suxin/English_Path/test111/autonomous_navigation_environment_ego/install/traj_utils_so/lib/pkgconfig/traj_utils_so.pc'
[47.298s] Level 1:colcon.colcon_core.environment:checking '/home/suxin/English_Path/test111/autonomous_navigation_environment_ego/install/traj_utils_so/lib/python3.8/site-packages'
[47.298s] Level 1:colcon.colcon_core.environment:checking '/home/suxin/English_Path/test111/autonomous_navigation_environment_ego/install/traj_utils_so/bin'
[47.298s] INFO:colcon.colcon_core.shell:Creating package script '/home/suxin/English_Path/test111/autonomous_navigation_environment_ego/install/traj_utils_so/share/traj_utils_so/package.ps1'
[47.298s] INFO:colcon.colcon_core.shell:Creating package descriptor '/home/suxin/English_Path/test111/autonomous_navigation_environment_ego/install/traj_utils_so/share/traj_utils_so/package.dsv'
[47.299s] INFO:colcon.colcon_core.shell:Creating package script '/home/suxin/English_Path/test111/autonomous_navigation_environment_ego/install/traj_utils_so/share/traj_utils_so/package.sh'
[47.299s] INFO:colcon.colcon_core.shell:Creating package script '/home/suxin/English_Path/test111/autonomous_navigation_environment_ego/install/traj_utils_so/share/traj_utils_so/package.bash'
[47.299s] INFO:colcon.colcon_core.shell:Creating package script '/home/suxin/English_Path/test111/autonomous_navigation_environment_ego/install/traj_utils_so/share/traj_utils_so/package.zsh'
[47.299s] Level 1:colcon.colcon_core.environment:create_file_with_runtime_dependencies(/home/suxin/English_Path/test111/autonomous_navigation_environment_ego/install/traj_utils_so/share/colcon-core/packages/traj_utils_so)
[47.307s] DEBUG:colcon.colcon_core.event_handler.log_command:Invoking command in '/home/suxin/English_Path/test111/autonomous_navigation_environment_ego/build/vehicle_simulator': CMAKE_PREFIX_PATH=/opt/ros/foxy /usr/bin/cmake --install /home/suxin/English_Path/test111/autonomous_navigation_environment_ego/build/vehicle_simulator
[47.309s] DEBUG:colcon.colcon_core.event_handler.log_command:Invoked command in '/home/suxin/English_Path/test111/autonomous_navigation_environment_ego/build/sensor_scan_generation' returned '0': CMAKE_PREFIX_PATH=/opt/ros/foxy /usr/bin/cmake --build /home/suxin/English_Path/test111/autonomous_navigation_environment_ego/build/sensor_scan_generation -- -j20 -l20
[47.329s] DEBUG:colcon.colcon_core.event_handler.log_command:Invoking command in '/home/suxin/English_Path/test111/autonomous_navigation_environment_ego/build/sensor_scan_generation': CMAKE_PREFIX_PATH=/opt/ros/foxy /usr/bin/cmake --install /home/suxin/English_Path/test111/autonomous_navigation_environment_ego/build/sensor_scan_generation
[47.453s] Level 1:colcon.colcon_core.environment:create_environment_scripts_only(sensor_scan_generation)
[47.453s] DEBUG:colcon.colcon_core.event_handler.log_command:Invoked command in '/home/suxin/English_Path/test111/autonomous_navigation_environment_ego/build/sensor_scan_generation' returned '0': CMAKE_PREFIX_PATH=/opt/ros/foxy /usr/bin/cmake --install /home/suxin/English_Path/test111/autonomous_navigation_environment_ego/build/sensor_scan_generation
[47.453s] Level 1:colcon.colcon_core.environment:checking '/home/suxin/English_Path/test111/autonomous_navigation_environment_ego/install/sensor_scan_generation' for CMake module files
[47.454s] Level 1:colcon.colcon_core.environment:checking '/home/suxin/English_Path/test111/autonomous_navigation_environment_ego/install/sensor_scan_generation' for CMake config files
[47.454s] Level 1:colcon.colcon_core.shell:create_environment_hook('sensor_scan_generation', 'cmake_prefix_path')
[47.455s] INFO:colcon.colcon_core.shell:Creating environment hook '/home/suxin/English_Path/test111/autonomous_navigation_environment_ego/install/sensor_scan_generation/share/sensor_scan_generation/hook/cmake_prefix_path.ps1'
[47.456s] INFO:colcon.colcon_core.shell:Creating environment descriptor '/home/suxin/English_Path/test111/autonomous_navigation_environment_ego/install/sensor_scan_generation/share/sensor_scan_generation/hook/cmake_prefix_path.dsv'
[47.456s] INFO:colcon.colcon_core.shell:Creating environment hook '/home/suxin/English_Path/test111/autonomous_navigation_environment_ego/install/sensor_scan_generation/share/sensor_scan_generation/hook/cmake_prefix_path.sh'
[47.456s] Level 1:colcon.colcon_core.environment:checking '/home/suxin/English_Path/test111/autonomous_navigation_environment_ego/install/sensor_scan_generation/lib'
[47.457s] Level 1:colcon.colcon_core.environment:checking '/home/suxin/English_Path/test111/autonomous_navigation_environment_ego/install/sensor_scan_generation/bin'
[47.457s] Level 1:colcon.colcon_core.environment:checking '/home/suxin/English_Path/test111/autonomous_navigation_environment_ego/install/sensor_scan_generation/lib/pkgconfig/sensor_scan_generation.pc'
[47.457s] Level 1:colcon.colcon_core.environment:checking '/home/suxin/English_Path/test111/autonomous_navigation_environment_ego/install/sensor_scan_generation/lib/python3.8/site-packages'
[47.457s] Level 1:colcon.colcon_core.environment:checking '/home/suxin/English_Path/test111/autonomous_navigation_environment_ego/install/sensor_scan_generation/bin'
[47.457s] INFO:colcon.colcon_core.shell:Creating package script '/home/suxin/English_Path/test111/autonomous_navigation_environment_ego/install/sensor_scan_generation/share/sensor_scan_generation/package.ps1'
[47.458s] INFO:colcon.colcon_core.shell:Creating package descriptor '/home/suxin/English_Path/test111/autonomous_navigation_environment_ego/install/sensor_scan_generation/share/sensor_scan_generation/package.dsv'
[47.458s] INFO:colcon.colcon_core.shell:Creating package script '/home/suxin/English_Path/test111/autonomous_navigation_environment_ego/install/sensor_scan_generation/share/sensor_scan_generation/package.sh'
[47.458s] INFO:colcon.colcon_core.shell:Creating package script '/home/suxin/English_Path/test111/autonomous_navigation_environment_ego/install/sensor_scan_generation/share/sensor_scan_generation/package.bash'
[47.459s] INFO:colcon.colcon_core.shell:Creating package script '/home/suxin/English_Path/test111/autonomous_navigation_environment_ego/install/sensor_scan_generation/share/sensor_scan_generation/package.zsh'
[47.459s] Level 1:colcon.colcon_core.environment:create_file_with_runtime_dependencies(/home/suxin/English_Path/test111/autonomous_navigation_environment_ego/install/sensor_scan_generation/share/colcon-core/packages/sensor_scan_generation)
[47.475s] Level 1:colcon.colcon_core.environment:create_environment_scripts_only(sensor_scan_generation)
[47.475s] Level 1:colcon.colcon_core.environment:checking '/home/suxin/English_Path/test111/autonomous_navigation_environment_ego/install/sensor_scan_generation' for CMake module files
[47.476s] Level 1:colcon.colcon_core.environment:checking '/home/suxin/English_Path/test111/autonomous_navigation_environment_ego/install/sensor_scan_generation' for CMake config files
[47.476s] Level 1:colcon.colcon_core.shell:create_environment_hook('sensor_scan_generation', 'cmake_prefix_path')
[47.476s] INFO:colcon.colcon_core.shell:Creating environment hook '/home/suxin/English_Path/test111/autonomous_navigation_environment_ego/install/sensor_scan_generation/share/sensor_scan_generation/hook/cmake_prefix_path.ps1'
[47.477s] INFO:colcon.colcon_core.shell:Creating environment descriptor '/home/suxin/English_Path/test111/autonomous_navigation_environment_ego/install/sensor_scan_generation/share/sensor_scan_generation/hook/cmake_prefix_path.dsv'
[47.477s] INFO:colcon.colcon_core.shell:Creating environment hook '/home/suxin/English_Path/test111/autonomous_navigation_environment_ego/install/sensor_scan_generation/share/sensor_scan_generation/hook/cmake_prefix_path.sh'
[47.478s] Level 1:colcon.colcon_core.environment:checking '/home/suxin/English_Path/test111/autonomous_navigation_environment_ego/install/sensor_scan_generation/lib'
[47.478s] Level 1:colcon.colcon_core.environment:checking '/home/suxin/English_Path/test111/autonomous_navigation_environment_ego/install/sensor_scan_generation/bin'
[47.478s] Level 1:colcon.colcon_core.environment:checking '/home/suxin/English_Path/test111/autonomous_navigation_environment_ego/install/sensor_scan_generation/lib/pkgconfig/sensor_scan_generation.pc'
[47.478s] Level 1:colcon.colcon_core.environment:checking '/home/suxin/English_Path/test111/autonomous_navigation_environment_ego/install/sensor_scan_generation/lib/python3.8/site-packages'
[47.478s] Level 1:colcon.colcon_core.environment:checking '/home/suxin/English_Path/test111/autonomous_navigation_environment_ego/install/sensor_scan_generation/bin'
[47.479s] INFO:colcon.colcon_core.shell:Creating package script '/home/suxin/English_Path/test111/autonomous_navigation_environment_ego/install/sensor_scan_generation/share/sensor_scan_generation/package.ps1'
[47.479s] INFO:colcon.colcon_core.shell:Creating package descriptor '/home/suxin/English_Path/test111/autonomous_navigation_environment_ego/install/sensor_scan_generation/share/sensor_scan_generation/package.dsv'
[47.480s] INFO:colcon.colcon_core.shell:Creating package script '/home/suxin/English_Path/test111/autonomous_navigation_environment_ego/install/sensor_scan_generation/share/sensor_scan_generation/package.sh'
[47.480s] INFO:colcon.colcon_core.shell:Creating package script '/home/suxin/English_Path/test111/autonomous_navigation_environment_ego/install/sensor_scan_generation/share/sensor_scan_generation/package.bash'
[47.481s] INFO:colcon.colcon_core.shell:Creating package script '/home/suxin/English_Path/test111/autonomous_navigation_environment_ego/install/sensor_scan_generation/share/sensor_scan_generation/package.zsh'
[47.481s] Level 1:colcon.colcon_core.environment:create_file_with_runtime_dependencies(/home/suxin/English_Path/test111/autonomous_navigation_environment_ego/install/sensor_scan_generation/share/colcon-core/packages/sensor_scan_generation)
[47.571s] Level 1:colcon.colcon_core.environment:create_environment_scripts_only(vehicle_simulator)
[47.572s] DEBUG:colcon.colcon_core.event_handler.log_command:Invoked command in '/home/suxin/English_Path/test111/autonomous_navigation_environment_ego/build/vehicle_simulator' returned '0': CMAKE_PREFIX_PATH=/opt/ros/foxy /usr/bin/cmake --install /home/suxin/English_Path/test111/autonomous_navigation_environment_ego/build/vehicle_simulator
[47.572s] Level 1:colcon.colcon_core.environment:checking '/home/suxin/English_Path/test111/autonomous_navigation_environment_ego/install/vehicle_simulator' for CMake module files
[47.573s] Level 1:colcon.colcon_core.environment:checking '/home/suxin/English_Path/test111/autonomous_navigation_environment_ego/install/vehicle_simulator' for CMake config files
[47.573s] Level 1:colcon.colcon_core.shell:create_environment_hook('vehicle_simulator', 'cmake_prefix_path')
[47.573s] INFO:colcon.colcon_core.shell:Creating environment hook '/home/suxin/English_Path/test111/autonomous_navigation_environment_ego/install/vehicle_simulator/share/vehicle_simulator/hook/cmake_prefix_path.ps1'
[47.574s] INFO:colcon.colcon_core.shell:Creating environment descriptor '/home/suxin/English_Path/test111/autonomous_navigation_environment_ego/install/vehicle_simulator/share/vehicle_simulator/hook/cmake_prefix_path.dsv'
[47.574s] INFO:colcon.colcon_core.shell:Creating environment hook '/home/suxin/English_Path/test111/autonomous_navigation_environment_ego/install/vehicle_simulator/share/vehicle_simulator/hook/cmake_prefix_path.sh'
[47.574s] Level 1:colcon.colcon_core.environment:checking '/home/suxin/English_Path/test111/autonomous_navigation_environment_ego/install/vehicle_simulator/lib'
[47.574s] Level 1:colcon.colcon_core.environment:checking '/home/suxin/English_Path/test111/autonomous_navigation_environment_ego/install/vehicle_simulator/bin'
[47.575s] Level 1:colcon.colcon_core.environment:checking '/home/suxin/English_Path/test111/autonomous_navigation_environment_ego/install/vehicle_simulator/lib/pkgconfig/vehicle_simulator.pc'
[47.575s] Level 1:colcon.colcon_core.environment:checking '/home/suxin/English_Path/test111/autonomous_navigation_environment_ego/install/vehicle_simulator/lib/python3.8/site-packages'
[47.575s] Level 1:colcon.colcon_core.environment:checking '/home/suxin/English_Path/test111/autonomous_navigation_environment_ego/install/vehicle_simulator/bin'
[47.575s] INFO:colcon.colcon_core.shell:Creating package script '/home/suxin/English_Path/test111/autonomous_navigation_environment_ego/install/vehicle_simulator/share/vehicle_simulator/package.ps1'
[47.576s] INFO:colcon.colcon_core.shell:Creating package descriptor '/home/suxin/English_Path/test111/autonomous_navigation_environment_ego/install/vehicle_simulator/share/vehicle_simulator/package.dsv'
[47.576s] INFO:colcon.colcon_core.shell:Creating package script '/home/suxin/English_Path/test111/autonomous_navigation_environment_ego/install/vehicle_simulator/share/vehicle_simulator/package.sh'
[47.576s] INFO:colcon.colcon_core.shell:Creating package script '/home/suxin/English_Path/test111/autonomous_navigation_environment_ego/install/vehicle_simulator/share/vehicle_simulator/package.bash'
[47.577s] INFO:colcon.colcon_core.shell:Creating package script '/home/suxin/English_Path/test111/autonomous_navigation_environment_ego/install/vehicle_simulator/share/vehicle_simulator/package.zsh'
[47.577s] Level 1:colcon.colcon_core.environment:create_file_with_runtime_dependencies(/home/suxin/English_Path/test111/autonomous_navigation_environment_ego/install/vehicle_simulator/share/colcon-core/packages/vehicle_simulator)
[47.593s] Level 1:colcon.colcon_core.environment:create_environment_scripts_only(vehicle_simulator)
[47.594s] Level 1:colcon.colcon_core.environment:checking '/home/suxin/English_Path/test111/autonomous_navigation_environment_ego/install/vehicle_simulator' for CMake module files
[47.594s] Level 1:colcon.colcon_core.environment:checking '/home/suxin/English_Path/test111/autonomous_navigation_environment_ego/install/vehicle_simulator' for CMake config files
[47.594s] Level 1:colcon.colcon_core.shell:create_environment_hook('vehicle_simulator', 'cmake_prefix_path')
[47.595s] INFO:colcon.colcon_core.shell:Creating environment hook '/home/suxin/English_Path/test111/autonomous_navigation_environment_ego/install/vehicle_simulator/share/vehicle_simulator/hook/cmake_prefix_path.ps1'
[47.595s] INFO:colcon.colcon_core.shell:Creating environment descriptor '/home/suxin/English_Path/test111/autonomous_navigation_environment_ego/install/vehicle_simulator/share/vehicle_simulator/hook/cmake_prefix_path.dsv'
[47.595s] INFO:colcon.colcon_core.shell:Creating environment hook '/home/suxin/English_Path/test111/autonomous_navigation_environment_ego/install/vehicle_simulator/share/vehicle_simulator/hook/cmake_prefix_path.sh'
[47.596s] Level 1:colcon.colcon_core.environment:checking '/home/suxin/English_Path/test111/autonomous_navigation_environment_ego/install/vehicle_simulator/lib'
[47.596s] Level 1:colcon.colcon_core.environment:checking '/home/suxin/English_Path/test111/autonomous_navigation_environment_ego/install/vehicle_simulator/bin'
[47.596s] Level 1:colcon.colcon_core.environment:checking '/home/suxin/English_Path/test111/autonomous_navigation_environment_ego/install/vehicle_simulator/lib/pkgconfig/vehicle_simulator.pc'
[47.596s] Level 1:colcon.colcon_core.environment:checking '/home/suxin/English_Path/test111/autonomous_navigation_environment_ego/install/vehicle_simulator/lib/python3.8/site-packages'
[47.597s] Level 1:colcon.colcon_core.environment:checking '/home/suxin/English_Path/test111/autonomous_navigation_environment_ego/install/vehicle_simulator/bin'
[47.597s] INFO:colcon.colcon_core.shell:Creating package script '/home/suxin/English_Path/test111/autonomous_navigation_environment_ego/install/vehicle_simulator/share/vehicle_simulator/package.ps1'
[47.597s] INFO:colcon.colcon_core.shell:Creating package descriptor '/home/suxin/English_Path/test111/autonomous_navigation_environment_ego/install/vehicle_simulator/share/vehicle_simulator/package.dsv'
[47.598s] INFO:colcon.colcon_core.shell:Creating package script '/home/suxin/English_Path/test111/autonomous_navigation_environment_ego/install/vehicle_simulator/share/vehicle_simulator/package.sh'
[47.598s] INFO:colcon.colcon_core.shell:Creating package script '/home/suxin/English_Path/test111/autonomous_navigation_environment_ego/install/vehicle_simulator/share/vehicle_simulator/package.bash'
[47.599s] INFO:colcon.colcon_core.shell:Creating package script '/home/suxin/English_Path/test111/autonomous_navigation_environment_ego/install/vehicle_simulator/share/vehicle_simulator/package.zsh'
[47.599s] Level 1:colcon.colcon_core.environment:create_file_with_runtime_dependencies(/home/suxin/English_Path/test111/autonomous_navigation_environment_ego/install/vehicle_simulator/share/colcon-core/packages/vehicle_simulator)
[52.400s] DEBUG:colcon.colcon_core.event_handler.log_command:Invoked command in '/home/suxin/English_Path/test111/autonomous_navigation_environment_ego/build/local_sensing_node' returned '0': AMENT_PREFIX_PATH=/home/suxin/English_Path/test111/autonomous_navigation_environment_ego/install/quadrotor_msgs:${AMENT_PREFIX_PATH} CMAKE_PREFIX_PATH=/home/suxin/English_Path/test111/autonomous_navigation_environment_ego/install/quadrotor_msgs:/opt/ros/foxy LD_LIBRARY_PATH=/home/suxin/English_Path/test111/autonomous_navigation_environment_ego/install/quadrotor_msgs/lib:${LD_LIBRARY_PATH} PYTHONPATH=/home/suxin/English_Path/test111/autonomous_navigation_environment_ego/install/quadrotor_msgs/lib/python3.8/site-packages:${PYTHONPATH} /usr/bin/cmake --build /home/suxin/English_Path/test111/autonomous_navigation_environment_ego/build/local_sensing_node -- -j20 -l20
[52.418s] DEBUG:colcon.colcon_core.event_handler.log_command:Invoking command in '/home/suxin/English_Path/test111/autonomous_navigation_environment_ego/build/local_sensing_node': AMENT_PREFIX_PATH=/home/suxin/English_Path/test111/autonomous_navigation_environment_ego/install/quadrotor_msgs:${AMENT_PREFIX_PATH} CMAKE_PREFIX_PATH=/home/suxin/English_Path/test111/autonomous_navigation_environment_ego/install/quadrotor_msgs:/opt/ros/foxy LD_LIBRARY_PATH=/home/suxin/English_Path/test111/autonomous_navigation_environment_ego/install/quadrotor_msgs/lib:${LD_LIBRARY_PATH} PYTHONPATH=/home/suxin/English_Path/test111/autonomous_navigation_environment_ego/install/quadrotor_msgs/lib/python3.8/site-packages:${PYTHONPATH} /usr/bin/cmake --install /home/suxin/English_Path/test111/autonomous_navigation_environment_ego/build/local_sensing_node
[52.511s] Level 1:colcon.colcon_core.environment:create_environment_scripts_only(local_sensing_node)
[52.511s] Level 1:colcon.colcon_core.environment:checking '/home/suxin/English_Path/test111/autonomous_navigation_environment_ego/install/local_sensing_node' for CMake module files
[52.512s] DEBUG:colcon.colcon_core.event_handler.log_command:Invoked command in '/home/suxin/English_Path/test111/autonomous_navigation_environment_ego/build/local_sensing_node' returned '0': AMENT_PREFIX_PATH=/home/suxin/English_Path/test111/autonomous_navigation_environment_ego/install/quadrotor_msgs:${AMENT_PREFIX_PATH} CMAKE_PREFIX_PATH=/home/suxin/English_Path/test111/autonomous_navigation_environment_ego/install/quadrotor_msgs:/opt/ros/foxy LD_LIBRARY_PATH=/home/suxin/English_Path/test111/autonomous_navigation_environment_ego/install/quadrotor_msgs/lib:${LD_LIBRARY_PATH} PYTHONPATH=/home/suxin/English_Path/test111/autonomous_navigation_environment_ego/install/quadrotor_msgs/lib/python3.8/site-packages:${PYTHONPATH} /usr/bin/cmake --install /home/suxin/English_Path/test111/autonomous_navigation_environment_ego/build/local_sensing_node
[52.512s] Level 1:colcon.colcon_core.environment:checking '/home/suxin/English_Path/test111/autonomous_navigation_environment_ego/install/local_sensing_node' for CMake config files
[52.513s] Level 1:colcon.colcon_core.shell:create_environment_hook('local_sensing_node', 'cmake_prefix_path')
[52.513s] INFO:colcon.colcon_core.shell:Creating environment hook '/home/suxin/English_Path/test111/autonomous_navigation_environment_ego/install/local_sensing_node/share/local_sensing_node/hook/cmake_prefix_path.ps1'
[52.513s] INFO:colcon.colcon_core.shell:Creating environment descriptor '/home/suxin/English_Path/test111/autonomous_navigation_environment_ego/install/local_sensing_node/share/local_sensing_node/hook/cmake_prefix_path.dsv'
[52.514s] INFO:colcon.colcon_core.shell:Creating environment hook '/home/suxin/English_Path/test111/autonomous_navigation_environment_ego/install/local_sensing_node/share/local_sensing_node/hook/cmake_prefix_path.sh'
[52.514s] Level 1:colcon.colcon_core.environment:checking '/home/suxin/English_Path/test111/autonomous_navigation_environment_ego/install/local_sensing_node/lib'
[52.514s] Level 1:colcon.colcon_core.environment:checking '/home/suxin/English_Path/test111/autonomous_navigation_environment_ego/install/local_sensing_node/bin'
[52.514s] Level 1:colcon.colcon_core.environment:checking '/home/suxin/English_Path/test111/autonomous_navigation_environment_ego/install/local_sensing_node/lib/pkgconfig/local_sensing_node.pc'
[52.515s] Level 1:colcon.colcon_core.environment:checking '/home/suxin/English_Path/test111/autonomous_navigation_environment_ego/install/local_sensing_node/lib/python3.8/site-packages'
[52.515s] Level 1:colcon.colcon_core.environment:checking '/home/suxin/English_Path/test111/autonomous_navigation_environment_ego/install/local_sensing_node/bin'
[52.515s] INFO:colcon.colcon_core.shell:Creating package script '/home/suxin/English_Path/test111/autonomous_navigation_environment_ego/install/local_sensing_node/share/local_sensing_node/package.ps1'
[52.515s] INFO:colcon.colcon_core.shell:Creating package descriptor '/home/suxin/English_Path/test111/autonomous_navigation_environment_ego/install/local_sensing_node/share/local_sensing_node/package.dsv'
[52.516s] INFO:colcon.colcon_core.shell:Creating package script '/home/suxin/English_Path/test111/autonomous_navigation_environment_ego/install/local_sensing_node/share/local_sensing_node/package.sh'
[52.516s] INFO:colcon.colcon_core.shell:Creating package script '/home/suxin/English_Path/test111/autonomous_navigation_environment_ego/install/local_sensing_node/share/local_sensing_node/package.bash'
[52.516s] INFO:colcon.colcon_core.shell:Creating package script '/home/suxin/English_Path/test111/autonomous_navigation_environment_ego/install/local_sensing_node/share/local_sensing_node/package.zsh'
[52.517s] Level 1:colcon.colcon_core.environment:create_file_with_runtime_dependencies(/home/suxin/English_Path/test111/autonomous_navigation_environment_ego/install/local_sensing_node/share/colcon-core/packages/local_sensing_node)
[52.532s] Level 1:colcon.colcon_core.environment:create_environment_scripts_only(local_sensing_node)
[52.533s] Level 1:colcon.colcon_core.environment:checking '/home/suxin/English_Path/test111/autonomous_navigation_environment_ego/install/local_sensing_node' for CMake module files
[52.533s] Level 1:colcon.colcon_core.environment:checking '/home/suxin/English_Path/test111/autonomous_navigation_environment_ego/install/local_sensing_node' for CMake config files
[52.533s] Level 1:colcon.colcon_core.shell:create_environment_hook('local_sensing_node', 'cmake_prefix_path')
[52.534s] INFO:colcon.colcon_core.shell:Creating environment hook '/home/suxin/English_Path/test111/autonomous_navigation_environment_ego/install/local_sensing_node/share/local_sensing_node/hook/cmake_prefix_path.ps1'
[52.534s] INFO:colcon.colcon_core.shell:Creating environment descriptor '/home/suxin/English_Path/test111/autonomous_navigation_environment_ego/install/local_sensing_node/share/local_sensing_node/hook/cmake_prefix_path.dsv'
[52.534s] INFO:colcon.colcon_core.shell:Creating environment hook '/home/suxin/English_Path/test111/autonomous_navigation_environment_ego/install/local_sensing_node/share/local_sensing_node/hook/cmake_prefix_path.sh'
[52.535s] Level 1:colcon.colcon_core.environment:checking '/home/suxin/English_Path/test111/autonomous_navigation_environment_ego/install/local_sensing_node/lib'
[52.535s] Level 1:colcon.colcon_core.environment:checking '/home/suxin/English_Path/test111/autonomous_navigation_environment_ego/install/local_sensing_node/bin'
[52.535s] Level 1:colcon.colcon_core.environment:checking '/home/suxin/English_Path/test111/autonomous_navigation_environment_ego/install/local_sensing_node/lib/pkgconfig/local_sensing_node.pc'
[52.535s] Level 1:colcon.colcon_core.environment:checking '/home/suxin/English_Path/test111/autonomous_navigation_environment_ego/install/local_sensing_node/lib/python3.8/site-packages'
[52.536s] Level 1:colcon.colcon_core.environment:checking '/home/suxin/English_Path/test111/autonomous_navigation_environment_ego/install/local_sensing_node/bin'
[52.536s] INFO:colcon.colcon_core.shell:Creating package script '/home/suxin/English_Path/test111/autonomous_navigation_environment_ego/install/local_sensing_node/share/local_sensing_node/package.ps1'
[52.536s] INFO:colcon.colcon_core.shell:Creating package descriptor '/home/suxin/English_Path/test111/autonomous_navigation_environment_ego/install/local_sensing_node/share/local_sensing_node/package.dsv'
[52.537s] INFO:colcon.colcon_core.shell:Creating package script '/home/suxin/English_Path/test111/autonomous_navigation_environment_ego/install/local_sensing_node/share/local_sensing_node/package.sh'
[52.537s] INFO:colcon.colcon_core.shell:Creating package script '/home/suxin/English_Path/test111/autonomous_navigation_environment_ego/install/local_sensing_node/share/local_sensing_node/package.bash'
[52.538s] INFO:colcon.colcon_core.shell:Creating package script '/home/suxin/English_Path/test111/autonomous_navigation_environment_ego/install/local_sensing_node/share/local_sensing_node/package.zsh'
[52.538s] Level 1:colcon.colcon_core.environment:create_file_with_runtime_dependencies(/home/suxin/English_Path/test111/autonomous_navigation_environment_ego/install/local_sensing_node/share/colcon-core/packages/local_sensing_node)
[54.398s] DEBUG:colcon.colcon_core.event_handler.log_command:Invoked command in '/home/suxin/English_Path/test111/autonomous_navigation_environment_ego/build/bspline_opt' returned '0': CMAKE_PREFIX_PATH=/opt/ros/foxy /usr/bin/cmake --build /home/suxin/English_Path/test111/autonomous_navigation_environment_ego/build/bspline_opt -- -j20 -l20
[54.418s] DEBUG:colcon.colcon_core.event_handler.log_command:Invoking command in '/home/suxin/English_Path/test111/autonomous_navigation_environment_ego/build/bspline_opt': CMAKE_PREFIX_PATH=/opt/ros/foxy /usr/bin/cmake --install /home/suxin/English_Path/test111/autonomous_navigation_environment_ego/build/bspline_opt
[54.519s] Level 1:colcon.colcon_core.environment:create_environment_scripts_only(bspline_opt)
[54.519s] Level 1:colcon.colcon_core.environment:checking '/home/suxin/English_Path/test111/autonomous_navigation_environment_ego/install/bspline_opt' for CMake module files
[54.520s] DEBUG:colcon.colcon_core.event_handler.log_command:Invoked command in '/home/suxin/English_Path/test111/autonomous_navigation_environment_ego/build/bspline_opt' returned '0': CMAKE_PREFIX_PATH=/opt/ros/foxy /usr/bin/cmake --install /home/suxin/English_Path/test111/autonomous_navigation_environment_ego/build/bspline_opt
[54.520s] Level 1:colcon.colcon_core.environment:checking '/home/suxin/English_Path/test111/autonomous_navigation_environment_ego/install/bspline_opt' for CMake config files
[54.521s] Level 1:colcon.colcon_core.shell:create_environment_hook('bspline_opt', 'cmake_prefix_path')
[54.521s] INFO:colcon.colcon_core.shell:Creating environment hook '/home/suxin/English_Path/test111/autonomous_navigation_environment_ego/install/bspline_opt/share/bspline_opt/hook/cmake_prefix_path.ps1'
[54.521s] INFO:colcon.colcon_core.shell:Creating environment descriptor '/home/suxin/English_Path/test111/autonomous_navigation_environment_ego/install/bspline_opt/share/bspline_opt/hook/cmake_prefix_path.dsv'
[54.522s] INFO:colcon.colcon_core.shell:Creating environment hook '/home/suxin/English_Path/test111/autonomous_navigation_environment_ego/install/bspline_opt/share/bspline_opt/hook/cmake_prefix_path.sh'
[54.522s] Level 1:colcon.colcon_core.environment:checking '/home/suxin/English_Path/test111/autonomous_navigation_environment_ego/install/bspline_opt/lib'
[54.522s] Level 1:colcon.colcon_core.environment:checking '/home/suxin/English_Path/test111/autonomous_navigation_environment_ego/install/bspline_opt/bin'
[54.522s] Level 1:colcon.colcon_core.environment:checking '/home/suxin/English_Path/test111/autonomous_navigation_environment_ego/install/bspline_opt/lib/pkgconfig/bspline_opt.pc'
[54.522s] Level 1:colcon.colcon_core.environment:checking '/home/suxin/English_Path/test111/autonomous_navigation_environment_ego/install/bspline_opt/lib/python3.8/site-packages'
[54.523s] Level 1:colcon.colcon_core.environment:checking '/home/suxin/English_Path/test111/autonomous_navigation_environment_ego/install/bspline_opt/bin'
[54.523s] INFO:colcon.colcon_core.shell:Creating package script '/home/suxin/English_Path/test111/autonomous_navigation_environment_ego/install/bspline_opt/share/bspline_opt/package.ps1'
[54.523s] INFO:colcon.colcon_core.shell:Creating package descriptor '/home/suxin/English_Path/test111/autonomous_navigation_environment_ego/install/bspline_opt/share/bspline_opt/package.dsv'
[54.524s] INFO:colcon.colcon_core.shell:Creating package script '/home/suxin/English_Path/test111/autonomous_navigation_environment_ego/install/bspline_opt/share/bspline_opt/package.sh'
[54.524s] INFO:colcon.colcon_core.shell:Creating package script '/home/suxin/English_Path/test111/autonomous_navigation_environment_ego/install/bspline_opt/share/bspline_opt/package.bash'
[54.524s] INFO:colcon.colcon_core.shell:Creating package script '/home/suxin/English_Path/test111/autonomous_navigation_environment_ego/install/bspline_opt/share/bspline_opt/package.zsh'
[54.525s] Level 1:colcon.colcon_core.environment:create_file_with_runtime_dependencies(/home/suxin/English_Path/test111/autonomous_navigation_environment_ego/install/bspline_opt/share/colcon-core/packages/bspline_opt)
[54.541s] Level 1:colcon.colcon_core.environment:create_environment_scripts_only(bspline_opt)
[54.542s] Level 1:colcon.colcon_core.environment:checking '/home/suxin/English_Path/test111/autonomous_navigation_environment_ego/install/bspline_opt' for CMake module files
[54.542s] Level 1:colcon.colcon_core.environment:checking '/home/suxin/English_Path/test111/autonomous_navigation_environment_ego/install/bspline_opt' for CMake config files
[54.543s] Level 1:colcon.colcon_core.shell:create_environment_hook('bspline_opt', 'cmake_prefix_path')
[54.543s] INFO:colcon.colcon_core.shell:Creating environment hook '/home/suxin/English_Path/test111/autonomous_navigation_environment_ego/install/bspline_opt/share/bspline_opt/hook/cmake_prefix_path.ps1'
[54.544s] INFO:colcon.colcon_core.shell:Creating environment descriptor '/home/suxin/English_Path/test111/autonomous_navigation_environment_ego/install/bspline_opt/share/bspline_opt/hook/cmake_prefix_path.dsv'
[54.544s] INFO:colcon.colcon_core.shell:Creating environment hook '/home/suxin/English_Path/test111/autonomous_navigation_environment_ego/install/bspline_opt/share/bspline_opt/hook/cmake_prefix_path.sh'
[54.545s] Level 1:colcon.colcon_core.environment:checking '/home/suxin/English_Path/test111/autonomous_navigation_environment_ego/install/bspline_opt/lib'
[54.545s] Level 1:colcon.colcon_core.environment:checking '/home/suxin/English_Path/test111/autonomous_navigation_environment_ego/install/bspline_opt/bin'
[54.545s] Level 1:colcon.colcon_core.environment:checking '/home/suxin/English_Path/test111/autonomous_navigation_environment_ego/install/bspline_opt/lib/pkgconfig/bspline_opt.pc'
[54.545s] Level 1:colcon.colcon_core.environment:checking '/home/suxin/English_Path/test111/autonomous_navigation_environment_ego/install/bspline_opt/lib/python3.8/site-packages'
[54.545s] Level 1:colcon.colcon_core.environment:checking '/home/suxin/English_Path/test111/autonomous_navigation_environment_ego/install/bspline_opt/bin'
[54.545s] INFO:colcon.colcon_core.shell:Creating package script '/home/suxin/English_Path/test111/autonomous_navigation_environment_ego/install/bspline_opt/share/bspline_opt/package.ps1'
[54.546s] INFO:colcon.colcon_core.shell:Creating package descriptor '/home/suxin/English_Path/test111/autonomous_navigation_environment_ego/install/bspline_opt/share/bspline_opt/package.dsv'
[54.546s] INFO:colcon.colcon_core.shell:Creating package script '/home/suxin/English_Path/test111/autonomous_navigation_environment_ego/install/bspline_opt/share/bspline_opt/package.sh'
[54.553s] INFO:colcon.colcon_core.shell:Creating package script '/home/suxin/English_Path/test111/autonomous_navigation_environment_ego/install/bspline_opt/share/bspline_opt/package.bash'
[54.553s] INFO:colcon.colcon_core.shell:Creating package script '/home/suxin/English_Path/test111/autonomous_navigation_environment_ego/install/bspline_opt/share/bspline_opt/package.zsh'
[54.554s] Level 1:colcon.colcon_core.environment:create_file_with_runtime_dependencies(/home/suxin/English_Path/test111/autonomous_navigation_environment_ego/install/bspline_opt/share/colcon-core/packages/bspline_opt)
[60.358s] DEBUG:colcon.colcon_core.event_handler.log_command:Invoked command in '/home/suxin/English_Path/test111/autonomous_navigation_environment_ego/build/odom_visualization' returned '0': AMENT_PREFIX_PATH=/home/suxin/English_Path/test111/autonomous_navigation_environment_ego/install/quadrotor_msgs:${AMENT_PREFIX_PATH} CMAKE_PREFIX_PATH=/home/suxin/English_Path/test111/autonomous_navigation_environment_ego/install/quadrotor_msgs:/opt/ros/foxy LD_LIBRARY_PATH=/home/suxin/English_Path/test111/autonomous_navigation_environment_ego/install/quadrotor_msgs/lib:${LD_LIBRARY_PATH} PYTHONPATH=/home/suxin/English_Path/test111/autonomous_navigation_environment_ego/install/quadrotor_msgs/lib/python3.8/site-packages:${PYTHONPATH} /usr/bin/cmake --build /home/suxin/English_Path/test111/autonomous_navigation_environment_ego/build/odom_visualization -- -j20 -l20
[60.374s] DEBUG:colcon.colcon_core.event_handler.log_command:Invoking command in '/home/suxin/English_Path/test111/autonomous_navigation_environment_ego/build/odom_visualization': AMENT_PREFIX_PATH=/home/suxin/English_Path/test111/autonomous_navigation_environment_ego/install/quadrotor_msgs:${AMENT_PREFIX_PATH} CMAKE_PREFIX_PATH=/home/suxin/English_Path/test111/autonomous_navigation_environment_ego/install/quadrotor_msgs:/opt/ros/foxy LD_LIBRARY_PATH=/home/suxin/English_Path/test111/autonomous_navigation_environment_ego/install/quadrotor_msgs/lib:${LD_LIBRARY_PATH} PYTHONPATH=/home/suxin/English_Path/test111/autonomous_navigation_environment_ego/install/quadrotor_msgs/lib/python3.8/site-packages:${PYTHONPATH} /usr/bin/cmake --install /home/suxin/English_Path/test111/autonomous_navigation_environment_ego/build/odom_visualization
[60.459s] Level 1:colcon.colcon_core.environment:create_environment_scripts_only(odom_visualization)
[60.459s] Level 1:colcon.colcon_core.environment:checking '/home/suxin/English_Path/test111/autonomous_navigation_environment_ego/install/odom_visualization' for CMake module files
[60.460s] DEBUG:colcon.colcon_core.event_handler.log_command:Invoked command in '/home/suxin/English_Path/test111/autonomous_navigation_environment_ego/build/odom_visualization' returned '0': AMENT_PREFIX_PATH=/home/suxin/English_Path/test111/autonomous_navigation_environment_ego/install/quadrotor_msgs:${AMENT_PREFIX_PATH} CMAKE_PREFIX_PATH=/home/suxin/English_Path/test111/autonomous_navigation_environment_ego/install/quadrotor_msgs:/opt/ros/foxy LD_LIBRARY_PATH=/home/suxin/English_Path/test111/autonomous_navigation_environment_ego/install/quadrotor_msgs/lib:${LD_LIBRARY_PATH} PYTHONPATH=/home/suxin/English_Path/test111/autonomous_navigation_environment_ego/install/quadrotor_msgs/lib/python3.8/site-packages:${PYTHONPATH} /usr/bin/cmake --install /home/suxin/English_Path/test111/autonomous_navigation_environment_ego/build/odom_visualization
[60.460s] Level 1:colcon.colcon_core.environment:checking '/home/suxin/English_Path/test111/autonomous_navigation_environment_ego/install/odom_visualization' for CMake config files
[60.460s] Level 1:colcon.colcon_core.shell:create_environment_hook('odom_visualization', 'cmake_prefix_path')
[60.461s] INFO:colcon.colcon_core.shell:Creating environment hook '/home/suxin/English_Path/test111/autonomous_navigation_environment_ego/install/odom_visualization/share/odom_visualization/hook/cmake_prefix_path.ps1'
[60.461s] INFO:colcon.colcon_core.shell:Creating environment descriptor '/home/suxin/English_Path/test111/autonomous_navigation_environment_ego/install/odom_visualization/share/odom_visualization/hook/cmake_prefix_path.dsv'
[60.461s] INFO:colcon.colcon_core.shell:Creating environment hook '/home/suxin/English_Path/test111/autonomous_navigation_environment_ego/install/odom_visualization/share/odom_visualization/hook/cmake_prefix_path.sh'
[60.462s] Level 1:colcon.colcon_core.environment:checking '/home/suxin/English_Path/test111/autonomous_navigation_environment_ego/install/odom_visualization/lib'
[60.462s] Level 1:colcon.colcon_core.environment:checking '/home/suxin/English_Path/test111/autonomous_navigation_environment_ego/install/odom_visualization/bin'
[60.462s] Level 1:colcon.colcon_core.environment:checking '/home/suxin/English_Path/test111/autonomous_navigation_environment_ego/install/odom_visualization/lib/pkgconfig/odom_visualization.pc'
[60.462s] Level 1:colcon.colcon_core.environment:checking '/home/suxin/English_Path/test111/autonomous_navigation_environment_ego/install/odom_visualization/lib/python3.8/site-packages'
[60.463s] Level 1:colcon.colcon_core.environment:checking '/home/suxin/English_Path/test111/autonomous_navigation_environment_ego/install/odom_visualization/bin'
[60.463s] INFO:colcon.colcon_core.shell:Creating package script '/home/suxin/English_Path/test111/autonomous_navigation_environment_ego/install/odom_visualization/share/odom_visualization/package.ps1'
[60.463s] INFO:colcon.colcon_core.shell:Creating package descriptor '/home/suxin/English_Path/test111/autonomous_navigation_environment_ego/install/odom_visualization/share/odom_visualization/package.dsv'
[60.464s] INFO:colcon.colcon_core.shell:Creating package script '/home/suxin/English_Path/test111/autonomous_navigation_environment_ego/install/odom_visualization/share/odom_visualization/package.sh'
[60.464s] INFO:colcon.colcon_core.shell:Creating package script '/home/suxin/English_Path/test111/autonomous_navigation_environment_ego/install/odom_visualization/share/odom_visualization/package.bash'
[60.464s] INFO:colcon.colcon_core.shell:Creating package script '/home/suxin/English_Path/test111/autonomous_navigation_environment_ego/install/odom_visualization/share/odom_visualization/package.zsh'
[60.465s] Level 1:colcon.colcon_core.environment:create_file_with_runtime_dependencies(/home/suxin/English_Path/test111/autonomous_navigation_environment_ego/install/odom_visualization/share/colcon-core/packages/odom_visualization)
[60.479s] Level 1:colcon.colcon_core.environment:create_environment_scripts_only(odom_visualization)
[60.480s] Level 1:colcon.colcon_core.environment:checking '/home/suxin/English_Path/test111/autonomous_navigation_environment_ego/install/odom_visualization' for CMake module files
[60.480s] Level 1:colcon.colcon_core.environment:checking '/home/suxin/English_Path/test111/autonomous_navigation_environment_ego/install/odom_visualization' for CMake config files
[60.481s] Level 1:colcon.colcon_core.shell:create_environment_hook('odom_visualization', 'cmake_prefix_path')
[60.481s] INFO:colcon.colcon_core.shell:Creating environment hook '/home/suxin/English_Path/test111/autonomous_navigation_environment_ego/install/odom_visualization/share/odom_visualization/hook/cmake_prefix_path.ps1'
[60.481s] INFO:colcon.colcon_core.shell:Creating environment descriptor '/home/suxin/English_Path/test111/autonomous_navigation_environment_ego/install/odom_visualization/share/odom_visualization/hook/cmake_prefix_path.dsv'
[60.482s] INFO:colcon.colcon_core.shell:Creating environment hook '/home/suxin/English_Path/test111/autonomous_navigation_environment_ego/install/odom_visualization/share/odom_visualization/hook/cmake_prefix_path.sh'
[60.482s] Level 1:colcon.colcon_core.environment:checking '/home/suxin/English_Path/test111/autonomous_navigation_environment_ego/install/odom_visualization/lib'
[60.482s] Level 1:colcon.colcon_core.environment:checking '/home/suxin/English_Path/test111/autonomous_navigation_environment_ego/install/odom_visualization/bin'
[60.482s] Level 1:colcon.colcon_core.environment:checking '/home/suxin/English_Path/test111/autonomous_navigation_environment_ego/install/odom_visualization/lib/pkgconfig/odom_visualization.pc'
[60.483s] Level 1:colcon.colcon_core.environment:checking '/home/suxin/English_Path/test111/autonomous_navigation_environment_ego/install/odom_visualization/lib/python3.8/site-packages'
[60.483s] Level 1:colcon.colcon_core.environment:checking '/home/suxin/English_Path/test111/autonomous_navigation_environment_ego/install/odom_visualization/bin'
[60.483s] INFO:colcon.colcon_core.shell:Creating package script '/home/suxin/English_Path/test111/autonomous_navigation_environment_ego/install/odom_visualization/share/odom_visualization/package.ps1'
[60.484s] INFO:colcon.colcon_core.shell:Creating package descriptor '/home/suxin/English_Path/test111/autonomous_navigation_environment_ego/install/odom_visualization/share/odom_visualization/package.dsv'
[60.484s] INFO:colcon.colcon_core.shell:Creating package script '/home/suxin/English_Path/test111/autonomous_navigation_environment_ego/install/odom_visualization/share/odom_visualization/package.sh'
[60.484s] INFO:colcon.colcon_core.shell:Creating package script '/home/suxin/English_Path/test111/autonomous_navigation_environment_ego/install/odom_visualization/share/odom_visualization/package.bash'
[60.485s] INFO:colcon.colcon_core.shell:Creating package script '/home/suxin/English_Path/test111/autonomous_navigation_environment_ego/install/odom_visualization/share/odom_visualization/package.zsh'
[60.485s] Level 1:colcon.colcon_core.environment:create_file_with_runtime_dependencies(/home/suxin/English_Path/test111/autonomous_navigation_environment_ego/install/odom_visualization/share/colcon-core/packages/odom_visualization)
[63.066s] DEBUG:colcon.colcon_core.event_handler.log_command:Invoked command in '/home/suxin/English_Path/test111/autonomous_navigation_environment_ego/build/poscmd_2_odom' returned '0': AMENT_PREFIX_PATH=/home/suxin/English_Path/test111/autonomous_navigation_environment_ego/install/quadrotor_msgs:${AMENT_PREFIX_PATH} CMAKE_PREFIX_PATH=/home/suxin/English_Path/test111/autonomous_navigation_environment_ego/install/quadrotor_msgs:/opt/ros/foxy LD_LIBRARY_PATH=/home/suxin/English_Path/test111/autonomous_navigation_environment_ego/install/quadrotor_msgs/lib:${LD_LIBRARY_PATH} PYTHONPATH=/home/suxin/English_Path/test111/autonomous_navigation_environment_ego/install/quadrotor_msgs/lib/python3.8/site-packages:${PYTHONPATH} /usr/bin/cmake --build /home/suxin/English_Path/test111/autonomous_navigation_environment_ego/build/poscmd_2_odom -- -j20 -l20
[63.082s] DEBUG:colcon.colcon_core.event_handler.log_command:Invoking command in '/home/suxin/English_Path/test111/autonomous_navigation_environment_ego/build/poscmd_2_odom': AMENT_PREFIX_PATH=/home/suxin/English_Path/test111/autonomous_navigation_environment_ego/install/quadrotor_msgs:${AMENT_PREFIX_PATH} CMAKE_PREFIX_PATH=/home/suxin/English_Path/test111/autonomous_navigation_environment_ego/install/quadrotor_msgs:/opt/ros/foxy LD_LIBRARY_PATH=/home/suxin/English_Path/test111/autonomous_navigation_environment_ego/install/quadrotor_msgs/lib:${LD_LIBRARY_PATH} PYTHONPATH=/home/suxin/English_Path/test111/autonomous_navigation_environment_ego/install/quadrotor_msgs/lib/python3.8/site-packages:${PYTHONPATH} /usr/bin/cmake --install /home/suxin/English_Path/test111/autonomous_navigation_environment_ego/build/poscmd_2_odom
[63.168s] Level 1:colcon.colcon_core.environment:create_environment_scripts_only(poscmd_2_odom)
[63.169s] Level 1:colcon.colcon_core.environment:checking '/home/suxin/English_Path/test111/autonomous_navigation_environment_ego/install/poscmd_2_odom' for CMake module files
[63.170s] DEBUG:colcon.colcon_core.event_handler.log_command:Invoked command in '/home/suxin/English_Path/test111/autonomous_navigation_environment_ego/build/poscmd_2_odom' returned '0': AMENT_PREFIX_PATH=/home/suxin/English_Path/test111/autonomous_navigation_environment_ego/install/quadrotor_msgs:${AMENT_PREFIX_PATH} CMAKE_PREFIX_PATH=/home/suxin/English_Path/test111/autonomous_navigation_environment_ego/install/quadrotor_msgs:/opt/ros/foxy LD_LIBRARY_PATH=/home/suxin/English_Path/test111/autonomous_navigation_environment_ego/install/quadrotor_msgs/lib:${LD_LIBRARY_PATH} PYTHONPATH=/home/suxin/English_Path/test111/autonomous_navigation_environment_ego/install/quadrotor_msgs/lib/python3.8/site-packages:${PYTHONPATH} /usr/bin/cmake --install /home/suxin/English_Path/test111/autonomous_navigation_environment_ego/build/poscmd_2_odom
[63.170s] Level 1:colcon.colcon_core.environment:checking '/home/suxin/English_Path/test111/autonomous_navigation_environment_ego/install/poscmd_2_odom' for CMake config files
[63.170s] Level 1:colcon.colcon_core.shell:create_environment_hook('poscmd_2_odom', 'cmake_prefix_path')
[63.170s] INFO:colcon.colcon_core.shell:Creating environment hook '/home/suxin/English_Path/test111/autonomous_navigation_environment_ego/install/poscmd_2_odom/share/poscmd_2_odom/hook/cmake_prefix_path.ps1'
[63.171s] INFO:colcon.colcon_core.shell:Creating environment descriptor '/home/suxin/English_Path/test111/autonomous_navigation_environment_ego/install/poscmd_2_odom/share/poscmd_2_odom/hook/cmake_prefix_path.dsv'
[63.171s] INFO:colcon.colcon_core.shell:Creating environment hook '/home/suxin/English_Path/test111/autonomous_navigation_environment_ego/install/poscmd_2_odom/share/poscmd_2_odom/hook/cmake_prefix_path.sh'
[63.172s] Level 1:colcon.colcon_core.environment:checking '/home/suxin/English_Path/test111/autonomous_navigation_environment_ego/install/poscmd_2_odom/lib'
[63.172s] Level 1:colcon.colcon_core.environment:checking '/home/suxin/English_Path/test111/autonomous_navigation_environment_ego/install/poscmd_2_odom/bin'
[63.172s] Level 1:colcon.colcon_core.environment:checking '/home/suxin/English_Path/test111/autonomous_navigation_environment_ego/install/poscmd_2_odom/lib/pkgconfig/poscmd_2_odom.pc'
[63.172s] Level 1:colcon.colcon_core.environment:checking '/home/suxin/English_Path/test111/autonomous_navigation_environment_ego/install/poscmd_2_odom/lib/python3.8/site-packages'
[63.173s] Level 1:colcon.colcon_core.environment:checking '/home/suxin/English_Path/test111/autonomous_navigation_environment_ego/install/poscmd_2_odom/bin'
[63.173s] INFO:colcon.colcon_core.shell:Creating package script '/home/suxin/English_Path/test111/autonomous_navigation_environment_ego/install/poscmd_2_odom/share/poscmd_2_odom/package.ps1'
[63.173s] INFO:colcon.colcon_core.shell:Creating package descriptor '/home/suxin/English_Path/test111/autonomous_navigation_environment_ego/install/poscmd_2_odom/share/poscmd_2_odom/package.dsv'
[63.174s] INFO:colcon.colcon_core.shell:Creating package script '/home/suxin/English_Path/test111/autonomous_navigation_environment_ego/install/poscmd_2_odom/share/poscmd_2_odom/package.sh'
[63.174s] INFO:colcon.colcon_core.shell:Creating package script '/home/suxin/English_Path/test111/autonomous_navigation_environment_ego/install/poscmd_2_odom/share/poscmd_2_odom/package.bash'
[63.174s] INFO:colcon.colcon_core.shell:Creating package script '/home/suxin/English_Path/test111/autonomous_navigation_environment_ego/install/poscmd_2_odom/share/poscmd_2_odom/package.zsh'
[63.175s] Level 1:colcon.colcon_core.environment:create_file_with_runtime_dependencies(/home/suxin/English_Path/test111/autonomous_navigation_environment_ego/install/poscmd_2_odom/share/colcon-core/packages/poscmd_2_odom)
[63.189s] Level 1:colcon.colcon_core.environment:create_environment_scripts_only(poscmd_2_odom)
[63.190s] Level 1:colcon.colcon_core.environment:checking '/home/suxin/English_Path/test111/autonomous_navigation_environment_ego/install/poscmd_2_odom' for CMake module files
[63.190s] Level 1:colcon.colcon_core.environment:checking '/home/suxin/English_Path/test111/autonomous_navigation_environment_ego/install/poscmd_2_odom' for CMake config files
[63.191s] Level 1:colcon.colcon_core.shell:create_environment_hook('poscmd_2_odom', 'cmake_prefix_path')
[63.191s] INFO:colcon.colcon_core.shell:Creating environment hook '/home/suxin/English_Path/test111/autonomous_navigation_environment_ego/install/poscmd_2_odom/share/poscmd_2_odom/hook/cmake_prefix_path.ps1'
[63.191s] INFO:colcon.colcon_core.shell:Creating environment descriptor '/home/suxin/English_Path/test111/autonomous_navigation_environment_ego/install/poscmd_2_odom/share/poscmd_2_odom/hook/cmake_prefix_path.dsv'
[63.192s] INFO:colcon.colcon_core.shell:Creating environment hook '/home/suxin/English_Path/test111/autonomous_navigation_environment_ego/install/poscmd_2_odom/share/poscmd_2_odom/hook/cmake_prefix_path.sh'
[63.192s] Level 1:colcon.colcon_core.environment:checking '/home/suxin/English_Path/test111/autonomous_navigation_environment_ego/install/poscmd_2_odom/lib'
[63.192s] Level 1:colcon.colcon_core.environment:checking '/home/suxin/English_Path/test111/autonomous_navigation_environment_ego/install/poscmd_2_odom/bin'
[63.192s] Level 1:colcon.colcon_core.environment:checking '/home/suxin/English_Path/test111/autonomous_navigation_environment_ego/install/poscmd_2_odom/lib/pkgconfig/poscmd_2_odom.pc'
[63.193s] Level 1:colcon.colcon_core.environment:checking '/home/suxin/English_Path/test111/autonomous_navigation_environment_ego/install/poscmd_2_odom/lib/python3.8/site-packages'
[63.193s] Level 1:colcon.colcon_core.environment:checking '/home/suxin/English_Path/test111/autonomous_navigation_environment_ego/install/poscmd_2_odom/bin'
[63.193s] INFO:colcon.colcon_core.shell:Creating package script '/home/suxin/English_Path/test111/autonomous_navigation_environment_ego/install/poscmd_2_odom/share/poscmd_2_odom/package.ps1'
[63.193s] INFO:colcon.colcon_core.shell:Creating package descriptor '/home/suxin/English_Path/test111/autonomous_navigation_environment_ego/install/poscmd_2_odom/share/poscmd_2_odom/package.dsv'
[63.194s] INFO:colcon.colcon_core.shell:Creating package script '/home/suxin/English_Path/test111/autonomous_navigation_environment_ego/install/poscmd_2_odom/share/poscmd_2_odom/package.sh'
[63.194s] INFO:colcon.colcon_core.shell:Creating package script '/home/suxin/English_Path/test111/autonomous_navigation_environment_ego/install/poscmd_2_odom/share/poscmd_2_odom/package.bash'
[63.195s] INFO:colcon.colcon_core.shell:Creating package script '/home/suxin/English_Path/test111/autonomous_navigation_environment_ego/install/poscmd_2_odom/share/poscmd_2_odom/package.zsh'
[63.195s] Level 1:colcon.colcon_core.environment:create_file_with_runtime_dependencies(/home/suxin/English_Path/test111/autonomous_navigation_environment_ego/install/poscmd_2_odom/share/colcon-core/packages/poscmd_2_odom)
[68.748s] DEBUG:colcon.colcon_core.event_handler.log_command:Invoked command in '/home/suxin/English_Path/test111/autonomous_navigation_environment_ego/build/plan_env' returned '0': CMAKE_PREFIX_PATH=/opt/ros/foxy /usr/bin/cmake --build /home/suxin/English_Path/test111/autonomous_navigation_environment_ego/build/plan_env -- -j20 -l20
[68.765s] DEBUG:colcon.colcon_core.event_handler.log_command:Invoking command in '/home/suxin/English_Path/test111/autonomous_navigation_environment_ego/build/plan_env': CMAKE_PREFIX_PATH=/opt/ros/foxy /usr/bin/cmake --install /home/suxin/English_Path/test111/autonomous_navigation_environment_ego/build/plan_env
[68.850s] Level 1:colcon.colcon_core.environment:create_environment_scripts_only(plan_env)
[68.850s] Level 1:colcon.colcon_core.environment:checking '/home/suxin/English_Path/test111/autonomous_navigation_environment_ego/install/plan_env' for CMake module files
[68.851s] DEBUG:colcon.colcon_core.event_handler.log_command:Invoked command in '/home/suxin/English_Path/test111/autonomous_navigation_environment_ego/build/plan_env' returned '0': CMAKE_PREFIX_PATH=/opt/ros/foxy /usr/bin/cmake --install /home/suxin/English_Path/test111/autonomous_navigation_environment_ego/build/plan_env
[68.851s] Level 1:colcon.colcon_core.environment:checking '/home/suxin/English_Path/test111/autonomous_navigation_environment_ego/install/plan_env' for CMake config files
[68.851s] Level 1:colcon.colcon_core.shell:create_environment_hook('plan_env', 'cmake_prefix_path')
[68.852s] INFO:colcon.colcon_core.shell:Creating environment hook '/home/suxin/English_Path/test111/autonomous_navigation_environment_ego/install/plan_env/share/plan_env/hook/cmake_prefix_path.ps1'
[68.852s] INFO:colcon.colcon_core.shell:Creating environment descriptor '/home/suxin/English_Path/test111/autonomous_navigation_environment_ego/install/plan_env/share/plan_env/hook/cmake_prefix_path.dsv'
[68.852s] INFO:colcon.colcon_core.shell:Creating environment hook '/home/suxin/English_Path/test111/autonomous_navigation_environment_ego/install/plan_env/share/plan_env/hook/cmake_prefix_path.sh'
[68.853s] Level 1:colcon.colcon_core.environment:checking '/home/suxin/English_Path/test111/autonomous_navigation_environment_ego/install/plan_env/lib'
[68.853s] Level 1:colcon.colcon_core.environment:checking '/home/suxin/English_Path/test111/autonomous_navigation_environment_ego/install/plan_env/bin'
[68.853s] Level 1:colcon.colcon_core.environment:checking '/home/suxin/English_Path/test111/autonomous_navigation_environment_ego/install/plan_env/lib/pkgconfig/plan_env.pc'
[68.854s] Level 1:colcon.colcon_core.environment:checking '/home/suxin/English_Path/test111/autonomous_navigation_environment_ego/install/plan_env/lib/python3.8/site-packages'
[68.854s] Level 1:colcon.colcon_core.environment:checking '/home/suxin/English_Path/test111/autonomous_navigation_environment_ego/install/plan_env/bin'
[68.854s] INFO:colcon.colcon_core.shell:Creating package script '/home/suxin/English_Path/test111/autonomous_navigation_environment_ego/install/plan_env/share/plan_env/package.ps1'
[68.854s] INFO:colcon.colcon_core.shell:Creating package descriptor '/home/suxin/English_Path/test111/autonomous_navigation_environment_ego/install/plan_env/share/plan_env/package.dsv'
[68.855s] INFO:colcon.colcon_core.shell:Creating package script '/home/suxin/English_Path/test111/autonomous_navigation_environment_ego/install/plan_env/share/plan_env/package.sh'
[68.855s] INFO:colcon.colcon_core.shell:Creating package script '/home/suxin/English_Path/test111/autonomous_navigation_environment_ego/install/plan_env/share/plan_env/package.bash'
[68.855s] INFO:colcon.colcon_core.shell:Creating package script '/home/suxin/English_Path/test111/autonomous_navigation_environment_ego/install/plan_env/share/plan_env/package.zsh'
[68.855s] Level 1:colcon.colcon_core.environment:create_file_with_runtime_dependencies(/home/suxin/English_Path/test111/autonomous_navigation_environment_ego/install/plan_env/share/colcon-core/packages/plan_env)
[68.873s] Level 1:colcon.colcon_core.environment:create_environment_scripts_only(plan_env)
[68.873s] Level 1:colcon.colcon_core.environment:checking '/home/suxin/English_Path/test111/autonomous_navigation_environment_ego/install/plan_env' for CMake module files
[68.874s] Level 1:colcon.colcon_core.environment:checking '/home/suxin/English_Path/test111/autonomous_navigation_environment_ego/install/plan_env' for CMake config files
[68.874s] Level 1:colcon.colcon_core.shell:create_environment_hook('plan_env', 'cmake_prefix_path')
[68.874s] INFO:colcon.colcon_core.shell:Creating environment hook '/home/suxin/English_Path/test111/autonomous_navigation_environment_ego/install/plan_env/share/plan_env/hook/cmake_prefix_path.ps1'
[68.875s] INFO:colcon.colcon_core.shell:Creating environment descriptor '/home/suxin/English_Path/test111/autonomous_navigation_environment_ego/install/plan_env/share/plan_env/hook/cmake_prefix_path.dsv'
[68.875s] INFO:colcon.colcon_core.shell:Creating environment hook '/home/suxin/English_Path/test111/autonomous_navigation_environment_ego/install/plan_env/share/plan_env/hook/cmake_prefix_path.sh'
[68.876s] Level 1:colcon.colcon_core.environment:checking '/home/suxin/English_Path/test111/autonomous_navigation_environment_ego/install/plan_env/lib'
[68.876s] Level 1:colcon.colcon_core.environment:checking '/home/suxin/English_Path/test111/autonomous_navigation_environment_ego/install/plan_env/bin'
[68.876s] Level 1:colcon.colcon_core.environment:checking '/home/suxin/English_Path/test111/autonomous_navigation_environment_ego/install/plan_env/lib/pkgconfig/plan_env.pc'
[68.876s] Level 1:colcon.colcon_core.environment:checking '/home/suxin/English_Path/test111/autonomous_navigation_environment_ego/install/plan_env/lib/python3.8/site-packages'
[68.876s] Level 1:colcon.colcon_core.environment:checking '/home/suxin/English_Path/test111/autonomous_navigation_environment_ego/install/plan_env/bin'
[68.876s] INFO:colcon.colcon_core.shell:Creating package script '/home/suxin/English_Path/test111/autonomous_navigation_environment_ego/install/plan_env/share/plan_env/package.ps1'
[68.877s] INFO:colcon.colcon_core.shell:Creating package descriptor '/home/suxin/English_Path/test111/autonomous_navigation_environment_ego/install/plan_env/share/plan_env/package.dsv'
[68.877s] INFO:colcon.colcon_core.shell:Creating package script '/home/suxin/English_Path/test111/autonomous_navigation_environment_ego/install/plan_env/share/plan_env/package.sh'
[68.878s] INFO:colcon.colcon_core.shell:Creating package script '/home/suxin/English_Path/test111/autonomous_navigation_environment_ego/install/plan_env/share/plan_env/package.bash'
[68.878s] INFO:colcon.colcon_core.shell:Creating package script '/home/suxin/English_Path/test111/autonomous_navigation_environment_ego/install/plan_env/share/plan_env/package.zsh'
[68.878s] Level 1:colcon.colcon_core.environment:create_file_with_runtime_dependencies(/home/suxin/English_Path/test111/autonomous_navigation_environment_ego/install/plan_env/share/colcon-core/packages/plan_env)
[68.879s] INFO:colcon.colcon_ros.task.ament_cmake.build:Building ROS package in '/home/suxin/English_Path/test111/autonomous_navigation_environment_ego/src/ego_planner_ros2/src/planner/plan_manage' with build type 'ament_cmake'
[68.879s] INFO:colcon.colcon_cmake.task.cmake.build:Building CMake package in '/home/suxin/English_Path/test111/autonomous_navigation_environment_ego/src/ego_planner_ros2/src/planner/plan_manage'
[68.879s] INFO:colcon.colcon_core.shell:Skip shell extension 'powershell' for command environment: Not usable outside of PowerShell
[68.879s] DEBUG:colcon.colcon_core.shell:Skip shell extension 'dsv' for command environment
[68.895s] DEBUG:colcon.colcon_core.event_handler.log_command:Invoking command in '/home/suxin/English_Path/test111/autonomous_navigation_environment_ego/build/ego_planner': AMENT_PREFIX_PATH=/home/suxin/English_Path/test111/autonomous_navigation_environment_ego/install/traj_utils_so:/home/suxin/English_Path/test111/autonomous_navigation_environment_ego/install/traj_utils:/home/suxin/English_Path/test111/autonomous_navigation_environment_ego/install/quadrotor_msgs:/home/suxin/English_Path/test111/autonomous_navigation_environment_ego/install/plan_env:/home/suxin/English_Path/test111/autonomous_navigation_environment_ego/install/bspline_opt:${AMENT_PREFIX_PATH} CMAKE_PREFIX_PATH=/home/suxin/English_Path/test111/autonomous_navigation_environment_ego/install/traj_utils_so:/home/suxin/English_Path/test111/autonomous_navigation_environment_ego/install/traj_utils:/home/suxin/English_Path/test111/autonomous_navigation_environment_ego/install/quadrotor_msgs:/home/suxin/English_Path/test111/autonomous_navigation_environment_ego/install/plan_env:/opt/ros/foxy:/home/suxin/English_Path/test111/autonomous_navigation_environment_ego/install/path_searching:/home/suxin/English_Path/test111/autonomous_navigation_environment_ego/install/bspline_opt LD_LIBRARY_PATH=/home/suxin/English_Path/test111/autonomous_navigation_environment_ego/install/traj_utils/lib:/home/suxin/English_Path/test111/autonomous_navigation_environment_ego/install/quadrotor_msgs/lib:${LD_LIBRARY_PATH} PKG_CONFIG_PATH=/home/suxin/English_Path/test111/autonomous_navigation_environment_ego/install/path_searching/lib/x86_64-linux-gnu/pkgconfig:/home/suxin/English_Path/test111/autonomous_navigation_environment_ego/install/path_searching/lib/pkgconfig PYTHONPATH=/home/suxin/English_Path/test111/autonomous_navigation_environment_ego/install/traj_utils/lib/python3.8/site-packages:/home/suxin/English_Path/test111/autonomous_navigation_environment_ego/install/quadrotor_msgs/lib/python3.8/site-packages:${PYTHONPATH} ROS_PACKAGE_PATH=/home/suxin/English_Path/test111/autonomous_navigation_environment_ego/install/path_searching/share /usr/bin/cmake /home/suxin/English_Path/test111/autonomous_navigation_environment_ego/src/ego_planner_ros2/src/planner/plan_manage -DAMENT_CMAKE_SYMLINK_INSTALL=1 -DCMAKE_INSTALL_PREFIX=/home/suxin/English_Path/test111/autonomous_navigation_environment_ego/install/ego_planner
[71.020s] DEBUG:colcon.colcon_core.event_handler.log_command:Invoked command in '/home/suxin/English_Path/test111/autonomous_navigation_environment_ego/build/ego_planner' returned '0': AMENT_PREFIX_PATH=/home/suxin/English_Path/test111/autonomous_navigation_environment_ego/install/traj_utils_so:/home/suxin/English_Path/test111/autonomous_navigation_environment_ego/install/traj_utils:/home/suxin/English_Path/test111/autonomous_navigation_environment_ego/install/quadrotor_msgs:/home/suxin/English_Path/test111/autonomous_navigation_environment_ego/install/plan_env:/home/suxin/English_Path/test111/autonomous_navigation_environment_ego/install/bspline_opt:${AMENT_PREFIX_PATH} CMAKE_PREFIX_PATH=/home/suxin/English_Path/test111/autonomous_navigation_environment_ego/install/traj_utils_so:/home/suxin/English_Path/test111/autonomous_navigation_environment_ego/install/traj_utils:/home/suxin/English_Path/test111/autonomous_navigation_environment_ego/install/quadrotor_msgs:/home/suxin/English_Path/test111/autonomous_navigation_environment_ego/install/plan_env:/opt/ros/foxy:/home/suxin/English_Path/test111/autonomous_navigation_environment_ego/install/path_searching:/home/suxin/English_Path/test111/autonomous_navigation_environment_ego/install/bspline_opt LD_LIBRARY_PATH=/home/suxin/English_Path/test111/autonomous_navigation_environment_ego/install/traj_utils/lib:/home/suxin/English_Path/test111/autonomous_navigation_environment_ego/install/quadrotor_msgs/lib:${LD_LIBRARY_PATH} PKG_CONFIG_PATH=/home/suxin/English_Path/test111/autonomous_navigation_environment_ego/install/path_searching/lib/x86_64-linux-gnu/pkgconfig:/home/suxin/English_Path/test111/autonomous_navigation_environment_ego/install/path_searching/lib/pkgconfig PYTHONPATH=/home/suxin/English_Path/test111/autonomous_navigation_environment_ego/install/traj_utils/lib/python3.8/site-packages:/home/suxin/English_Path/test111/autonomous_navigation_environment_ego/install/quadrotor_msgs/lib/python3.8/site-packages:${PYTHONPATH} ROS_PACKAGE_PATH=/home/suxin/English_Path/test111/autonomous_navigation_environment_ego/install/path_searching/share /usr/bin/cmake /home/suxin/English_Path/test111/autonomous_navigation_environment_ego/src/ego_planner_ros2/src/planner/plan_manage -DAMENT_CMAKE_SYMLINK_INSTALL=1 -DCMAKE_INSTALL_PREFIX=/home/suxin/English_Path/test111/autonomous_navigation_environment_ego/install/ego_planner
[71.024s] DEBUG:colcon.colcon_core.event_handler.log_command:Invoking command in '/home/suxin/English_Path/test111/autonomous_navigation_environment_ego/build/ego_planner': AMENT_PREFIX_PATH=/home/suxin/English_Path/test111/autonomous_navigation_environment_ego/install/traj_utils_so:/home/suxin/English_Path/test111/autonomous_navigation_environment_ego/install/traj_utils:/home/suxin/English_Path/test111/autonomous_navigation_environment_ego/install/quadrotor_msgs:/home/suxin/English_Path/test111/autonomous_navigation_environment_ego/install/plan_env:/home/suxin/English_Path/test111/autonomous_navigation_environment_ego/install/bspline_opt:${AMENT_PREFIX_PATH} CMAKE_PREFIX_PATH=/home/suxin/English_Path/test111/autonomous_navigation_environment_ego/install/traj_utils_so:/home/suxin/English_Path/test111/autonomous_navigation_environment_ego/install/traj_utils:/home/suxin/English_Path/test111/autonomous_navigation_environment_ego/install/quadrotor_msgs:/home/suxin/English_Path/test111/autonomous_navigation_environment_ego/install/plan_env:/opt/ros/foxy:/home/suxin/English_Path/test111/autonomous_navigation_environment_ego/install/path_searching:/home/suxin/English_Path/test111/autonomous_navigation_environment_ego/install/bspline_opt LD_LIBRARY_PATH=/home/suxin/English_Path/test111/autonomous_navigation_environment_ego/install/traj_utils/lib:/home/suxin/English_Path/test111/autonomous_navigation_environment_ego/install/quadrotor_msgs/lib:${LD_LIBRARY_PATH} PKG_CONFIG_PATH=/home/suxin/English_Path/test111/autonomous_navigation_environment_ego/install/path_searching/lib/x86_64-linux-gnu/pkgconfig:/home/suxin/English_Path/test111/autonomous_navigation_environment_ego/install/path_searching/lib/pkgconfig PYTHONPATH=/home/suxin/English_Path/test111/autonomous_navigation_environment_ego/install/traj_utils/lib/python3.8/site-packages:/home/suxin/English_Path/test111/autonomous_navigation_environment_ego/install/quadrotor_msgs/lib/python3.8/site-packages:${PYTHONPATH} ROS_PACKAGE_PATH=/home/suxin/English_Path/test111/autonomous_navigation_environment_ego/install/path_searching/share /usr/bin/cmake --build /home/suxin/English_Path/test111/autonomous_navigation_environment_ego/build/ego_planner -- -j20 -l20
[115.680s] DEBUG:colcon.colcon_core.event_handler.log_command:Invoked command in '/home/suxin/English_Path/test111/autonomous_navigation_environment_ego/build/ego_planner' returned '0': AMENT_PREFIX_PATH=/home/suxin/English_Path/test111/autonomous_navigation_environment_ego/install/traj_utils_so:/home/suxin/English_Path/test111/autonomous_navigation_environment_ego/install/traj_utils:/home/suxin/English_Path/test111/autonomous_navigation_environment_ego/install/quadrotor_msgs:/home/suxin/English_Path/test111/autonomous_navigation_environment_ego/install/plan_env:/home/suxin/English_Path/test111/autonomous_navigation_environment_ego/install/bspline_opt:${AMENT_PREFIX_PATH} CMAKE_PREFIX_PATH=/home/suxin/English_Path/test111/autonomous_navigation_environment_ego/install/traj_utils_so:/home/suxin/English_Path/test111/autonomous_navigation_environment_ego/install/traj_utils:/home/suxin/English_Path/test111/autonomous_navigation_environment_ego/install/quadrotor_msgs:/home/suxin/English_Path/test111/autonomous_navigation_environment_ego/install/plan_env:/opt/ros/foxy:/home/suxin/English_Path/test111/autonomous_navigation_environment_ego/install/path_searching:/home/suxin/English_Path/test111/autonomous_navigation_environment_ego/install/bspline_opt LD_LIBRARY_PATH=/home/suxin/English_Path/test111/autonomous_navigation_environment_ego/install/traj_utils/lib:/home/suxin/English_Path/test111/autonomous_navigation_environment_ego/install/quadrotor_msgs/lib:${LD_LIBRARY_PATH} PKG_CONFIG_PATH=/home/suxin/English_Path/test111/autonomous_navigation_environment_ego/install/path_searching/lib/x86_64-linux-gnu/pkgconfig:/home/suxin/English_Path/test111/autonomous_navigation_environment_ego/install/path_searching/lib/pkgconfig PYTHONPATH=/home/suxin/English_Path/test111/autonomous_navigation_environment_ego/install/traj_utils/lib/python3.8/site-packages:/home/suxin/English_Path/test111/autonomous_navigation_environment_ego/install/quadrotor_msgs/lib/python3.8/site-packages:${PYTHONPATH} ROS_PACKAGE_PATH=/home/suxin/English_Path/test111/autonomous_navigation_environment_ego/install/path_searching/share /usr/bin/cmake --build /home/suxin/English_Path/test111/autonomous_navigation_environment_ego/build/ego_planner -- -j20 -l20
[115.698s] DEBUG:colcon.colcon_core.event_handler.log_command:Invoking command in '/home/suxin/English_Path/test111/autonomous_navigation_environment_ego/build/ego_planner': AMENT_PREFIX_PATH=/home/suxin/English_Path/test111/autonomous_navigation_environment_ego/install/traj_utils_so:/home/suxin/English_Path/test111/autonomous_navigation_environment_ego/install/traj_utils:/home/suxin/English_Path/test111/autonomous_navigation_environment_ego/install/quadrotor_msgs:/home/suxin/English_Path/test111/autonomous_navigation_environment_ego/install/plan_env:/home/suxin/English_Path/test111/autonomous_navigation_environment_ego/install/bspline_opt:${AMENT_PREFIX_PATH} CMAKE_PREFIX_PATH=/home/suxin/English_Path/test111/autonomous_navigation_environment_ego/install/traj_utils_so:/home/suxin/English_Path/test111/autonomous_navigation_environment_ego/install/traj_utils:/home/suxin/English_Path/test111/autonomous_navigation_environment_ego/install/quadrotor_msgs:/home/suxin/English_Path/test111/autonomous_navigation_environment_ego/install/plan_env:/opt/ros/foxy:/home/suxin/English_Path/test111/autonomous_navigation_environment_ego/install/path_searching:/home/suxin/English_Path/test111/autonomous_navigation_environment_ego/install/bspline_opt LD_LIBRARY_PATH=/home/suxin/English_Path/test111/autonomous_navigation_environment_ego/install/traj_utils/lib:/home/suxin/English_Path/test111/autonomous_navigation_environment_ego/install/quadrotor_msgs/lib:${LD_LIBRARY_PATH} PKG_CONFIG_PATH=/home/suxin/English_Path/test111/autonomous_navigation_environment_ego/install/path_searching/lib/x86_64-linux-gnu/pkgconfig:/home/suxin/English_Path/test111/autonomous_navigation_environment_ego/install/path_searching/lib/pkgconfig PYTHONPATH=/home/suxin/English_Path/test111/autonomous_navigation_environment_ego/install/traj_utils/lib/python3.8/site-packages:/home/suxin/English_Path/test111/autonomous_navigation_environment_ego/install/quadrotor_msgs/lib/python3.8/site-packages:${PYTHONPATH} ROS_PACKAGE_PATH=/home/suxin/English_Path/test111/autonomous_navigation_environment_ego/install/path_searching/share /usr/bin/cmake --install /home/suxin/English_Path/test111/autonomous_navigation_environment_ego/build/ego_planner
[115.891s] Level 1:colcon.colcon_core.environment:create_environment_scripts_only(ego_planner)
[115.892s] Level 1:colcon.colcon_core.environment:checking '/home/suxin/English_Path/test111/autonomous_navigation_environment_ego/install/ego_planner' for CMake module files
[115.892s] DEBUG:colcon.colcon_core.event_handler.log_command:Invoked command in '/home/suxin/English_Path/test111/autonomous_navigation_environment_ego/build/ego_planner' returned '0': AMENT_PREFIX_PATH=/home/suxin/English_Path/test111/autonomous_navigation_environment_ego/install/traj_utils_so:/home/suxin/English_Path/test111/autonomous_navigation_environment_ego/install/traj_utils:/home/suxin/English_Path/test111/autonomous_navigation_environment_ego/install/quadrotor_msgs:/home/suxin/English_Path/test111/autonomous_navigation_environment_ego/install/plan_env:/home/suxin/English_Path/test111/autonomous_navigation_environment_ego/install/bspline_opt:${AMENT_PREFIX_PATH} CMAKE_PREFIX_PATH=/home/suxin/English_Path/test111/autonomous_navigation_environment_ego/install/traj_utils_so:/home/suxin/English_Path/test111/autonomous_navigation_environment_ego/install/traj_utils:/home/suxin/English_Path/test111/autonomous_navigation_environment_ego/install/quadrotor_msgs:/home/suxin/English_Path/test111/autonomous_navigation_environment_ego/install/plan_env:/opt/ros/foxy:/home/suxin/English_Path/test111/autonomous_navigation_environment_ego/install/path_searching:/home/suxin/English_Path/test111/autonomous_navigation_environment_ego/install/bspline_opt LD_LIBRARY_PATH=/home/suxin/English_Path/test111/autonomous_navigation_environment_ego/install/traj_utils/lib:/home/suxin/English_Path/test111/autonomous_navigation_environment_ego/install/quadrotor_msgs/lib:${LD_LIBRARY_PATH} PKG_CONFIG_PATH=/home/suxin/English_Path/test111/autonomous_navigation_environment_ego/install/path_searching/lib/x86_64-linux-gnu/pkgconfig:/home/suxin/English_Path/test111/autonomous_navigation_environment_ego/install/path_searching/lib/pkgconfig PYTHONPATH=/home/suxin/English_Path/test111/autonomous_navigation_environment_ego/install/traj_utils/lib/python3.8/site-packages:/home/suxin/English_Path/test111/autonomous_navigation_environment_ego/install/quadrotor_msgs/lib/python3.8/site-packages:${PYTHONPATH} ROS_PACKAGE_PATH=/home/suxin/English_Path/test111/autonomous_navigation_environment_ego/install/path_searching/share /usr/bin/cmake --install /home/suxin/English_Path/test111/autonomous_navigation_environment_ego/build/ego_planner
[115.893s] Level 1:colcon.colcon_core.environment:checking '/home/suxin/English_Path/test111/autonomous_navigation_environment_ego/install/ego_planner' for CMake config files
[115.893s] Level 1:colcon.colcon_core.shell:create_environment_hook('ego_planner', 'cmake_prefix_path')
[115.893s] INFO:colcon.colcon_core.shell:Creating environment hook '/home/suxin/English_Path/test111/autonomous_navigation_environment_ego/install/ego_planner/share/ego_planner/hook/cmake_prefix_path.ps1'
[115.894s] INFO:colcon.colcon_core.shell:Creating environment descriptor '/home/suxin/English_Path/test111/autonomous_navigation_environment_ego/install/ego_planner/share/ego_planner/hook/cmake_prefix_path.dsv'
[115.894s] INFO:colcon.colcon_core.shell:Creating environment hook '/home/suxin/English_Path/test111/autonomous_navigation_environment_ego/install/ego_planner/share/ego_planner/hook/cmake_prefix_path.sh'
[115.894s] Level 1:colcon.colcon_core.environment:checking '/home/suxin/English_Path/test111/autonomous_navigation_environment_ego/install/ego_planner/lib'
[115.894s] Level 1:colcon.colcon_core.environment:checking '/home/suxin/English_Path/test111/autonomous_navigation_environment_ego/install/ego_planner/bin'
[115.895s] Level 1:colcon.colcon_core.environment:checking '/home/suxin/English_Path/test111/autonomous_navigation_environment_ego/install/ego_planner/lib/pkgconfig/ego_planner.pc'
[115.895s] Level 1:colcon.colcon_core.environment:checking '/home/suxin/English_Path/test111/autonomous_navigation_environment_ego/install/ego_planner/lib/python3.8/site-packages'
[115.895s] Level 1:colcon.colcon_core.environment:checking '/home/suxin/English_Path/test111/autonomous_navigation_environment_ego/install/ego_planner/bin'
[115.895s] INFO:colcon.colcon_core.shell:Creating package script '/home/suxin/English_Path/test111/autonomous_navigation_environment_ego/install/ego_planner/share/ego_planner/package.ps1'
[115.896s] INFO:colcon.colcon_core.shell:Creating package descriptor '/home/suxin/English_Path/test111/autonomous_navigation_environment_ego/install/ego_planner/share/ego_planner/package.dsv'
[115.896s] INFO:colcon.colcon_core.shell:Creating package script '/home/suxin/English_Path/test111/autonomous_navigation_environment_ego/install/ego_planner/share/ego_planner/package.sh'
[115.896s] INFO:colcon.colcon_core.shell:Creating package script '/home/suxin/English_Path/test111/autonomous_navigation_environment_ego/install/ego_planner/share/ego_planner/package.bash'
[115.896s] INFO:colcon.colcon_core.shell:Creating package script '/home/suxin/English_Path/test111/autonomous_navigation_environment_ego/install/ego_planner/share/ego_planner/package.zsh'
[115.897s] Level 1:colcon.colcon_core.environment:create_file_with_runtime_dependencies(/home/suxin/English_Path/test111/autonomous_navigation_environment_ego/install/ego_planner/share/colcon-core/packages/ego_planner)
[115.918s] Level 1:colcon.colcon_core.environment:create_environment_scripts_only(ego_planner)
[115.919s] Level 1:colcon.colcon_core.environment:checking '/home/suxin/English_Path/test111/autonomous_navigation_environment_ego/install/ego_planner' for CMake module files
[115.919s] Level 1:colcon.colcon_core.environment:checking '/home/suxin/English_Path/test111/autonomous_navigation_environment_ego/install/ego_planner' for CMake config files
[115.919s] Level 1:colcon.colcon_core.shell:create_environment_hook('ego_planner', 'cmake_prefix_path')
[115.920s] INFO:colcon.colcon_core.shell:Creating environment hook '/home/suxin/English_Path/test111/autonomous_navigation_environment_ego/install/ego_planner/share/ego_planner/hook/cmake_prefix_path.ps1'
[115.920s] INFO:colcon.colcon_core.shell:Creating environment descriptor '/home/suxin/English_Path/test111/autonomous_navigation_environment_ego/install/ego_planner/share/ego_planner/hook/cmake_prefix_path.dsv'
[115.920s] INFO:colcon.colcon_core.shell:Creating environment hook '/home/suxin/English_Path/test111/autonomous_navigation_environment_ego/install/ego_planner/share/ego_planner/hook/cmake_prefix_path.sh'
[115.921s] Level 1:colcon.colcon_core.environment:checking '/home/suxin/English_Path/test111/autonomous_navigation_environment_ego/install/ego_planner/lib'
[115.921s] Level 1:colcon.colcon_core.environment:checking '/home/suxin/English_Path/test111/autonomous_navigation_environment_ego/install/ego_planner/bin'
[115.921s] Level 1:colcon.colcon_core.environment:checking '/home/suxin/English_Path/test111/autonomous_navigation_environment_ego/install/ego_planner/lib/pkgconfig/ego_planner.pc'
[115.921s] Level 1:colcon.colcon_core.environment:checking '/home/suxin/English_Path/test111/autonomous_navigation_environment_ego/install/ego_planner/lib/python3.8/site-packages'
[115.921s] Level 1:colcon.colcon_core.environment:checking '/home/suxin/English_Path/test111/autonomous_navigation_environment_ego/install/ego_planner/bin'
[115.922s] INFO:colcon.colcon_core.shell:Creating package script '/home/suxin/English_Path/test111/autonomous_navigation_environment_ego/install/ego_planner/share/ego_planner/package.ps1'
[115.922s] INFO:colcon.colcon_core.shell:Creating package descriptor '/home/suxin/English_Path/test111/autonomous_navigation_environment_ego/install/ego_planner/share/ego_planner/package.dsv'
[115.923s] INFO:colcon.colcon_core.shell:Creating package script '/home/suxin/English_Path/test111/autonomous_navigation_environment_ego/install/ego_planner/share/ego_planner/package.sh'
[115.923s] INFO:colcon.colcon_core.shell:Creating package script '/home/suxin/English_Path/test111/autonomous_navigation_environment_ego/install/ego_planner/share/ego_planner/package.bash'
[115.924s] INFO:colcon.colcon_core.shell:Creating package script '/home/suxin/English_Path/test111/autonomous_navigation_environment_ego/install/ego_planner/share/ego_planner/package.zsh'
[115.924s] Level 1:colcon.colcon_core.environment:create_file_with_runtime_dependencies(/home/suxin/English_Path/test111/autonomous_navigation_environment_ego/install/ego_planner/share/colcon-core/packages/ego_planner)
[115.925s] DEBUG:colcon.colcon_parallel_executor.executor.parallel:closing loop
[115.926s] DEBUG:colcon.colcon_parallel_executor.executor.parallel:loop closed
[115.926s] DEBUG:colcon.colcon_parallel_executor.executor.parallel:run_until_complete finished with '0'
[115.927s] DEBUG:colcon.colcon_core.event_reactor:joining thread
[115.951s] INFO:colcon.colcon_core.plugin_system:Skipping extension 'colcon_notification.desktop_notification.terminal_notifier': Not used on non-Darwin systems
[115.951s] INFO:colcon.colcon_core.plugin_system:Skipping extension 'colcon_notification.desktop_notification.win32': Not used on non-Windows systems
[115.951s] INFO:colcon.colcon_notification.desktop_notification:Sending desktop notification using 'notify2'
[116.007s] DEBUG:colcon.colcon_core.event_reactor:joined thread
[116.009s] INFO:colcon.colcon_core.shell:Creating prefix script '/home/suxin/English_Path/test111/autonomous_navigation_environment_ego/install/local_setup.ps1'
[116.010s] INFO:colcon.colcon_core.shell:Creating prefix util module '/home/suxin/English_Path/test111/autonomous_navigation_environment_ego/install/_local_setup_util_ps1.py'
[116.010s] INFO:colcon.colcon_core.shell:Creating prefix chain script '/home/suxin/English_Path/test111/autonomous_navigation_environment_ego/install/setup.ps1'
[116.011s] INFO:colcon.colcon_core.shell:Creating prefix script '/home/suxin/English_Path/test111/autonomous_navigation_environment_ego/install/local_setup.sh'
[116.012s] INFO:colcon.colcon_core.shell:Creating prefix util module '/home/suxin/English_Path/test111/autonomous_navigation_environment_ego/install/_local_setup_util_sh.py'
[116.012s] INFO:colcon.colcon_core.shell:Creating prefix chain script '/home/suxin/English_Path/test111/autonomous_navigation_environment_ego/install/setup.sh'
[116.012s] INFO:colcon.colcon_core.shell:Creating prefix script '/home/suxin/English_Path/test111/autonomous_navigation_environment_ego/install/local_setup.bash'
[116.013s] INFO:colcon.colcon_core.shell:Creating prefix chain script '/home/suxin/English_Path/test111/autonomous_navigation_environment_ego/install/setup.bash'
[116.013s] INFO:colcon.colcon_core.shell:Creating prefix script '/home/suxin/English_Path/test111/autonomous_navigation_environment_ego/install/local_setup.zsh'
[116.013s] INFO:colcon.colcon_core.shell:Creating prefix chain script '/home/suxin/English_Path/test111/autonomous_navigation_environment_ego/install/setup.zsh'
